:020000040800F2
:10000000008001207DDC0108D1DC0108D1DC010881
:10001000D1DC0108D1DC0108D1DC010800000000BE
:10002000000000000000000000000000D1DC01081A
:10003000D1DC010800000000CD3A0008D1DC010845
:1000400071480008D1DC0108D1DC0108D1DC0108CD
:10005000D1DC0108D1DC0108D1DC0108D1DC0108C8
:10006000D1DC0108D1DC0108D1DC0108D1DC0108B8
:10007000D1DC0108D1DC0108D1DC0108D1DC0108A8
:10008000D1DC0108D1DC0108D1DC0108D1DC010898
:10009000D1DC0108D1DC0108D1DC0108D1DC010888
:1000A000D1DC0108D1DC0108D1DC0108D1DC010878
:1000B000D1DC0108D1DC0108D1DC0108D1DC010868
:1000C000D1DC0108D1DC0108D1DC0108D1DC010858
:1000D000D1DC0108D1DC0108D1DC0108D1DC010848
:1000E000D1DC0108D1DC0108D1DC0108D1DC010838
:1000F000D1DC010849370008D1DC0108D1DC010856
:10010000D1DC0108D1DC0108D1DC0108D1DC010817
:10011000D1DC0108D1DC0108793200087D3A000801
:10012000D1DC0108D1DC0108D1DC0108D1DC0108F7
:10013000D1DC0108D1DC0108D1DC0108D1DC0108E7
:10014000D1DC0108D1DC0108D1DC0108D1DC0108D7
:10015000D1DC0108D1DC0108D1DC0108D1DC0108C7
:10016000D1DC0108D1DC0108D1DC0108D1DC0108B7
:10017000D1DC0108D1DC0108D1DC0108000000005D
:10018000D1DC0108D1DC010810B5054C237833B966
:10019000044B13B10448AFF300800123237010BD5A
:1001A00090020020000000003C09030808B5064B3F
:1001B0001BB106480649AFF300800648036813B137
:1001C000054B03B1984708BD000000003C09030837
:1001D000940200208C0200200000000070B55848F6
:1001E000584D2DED028B00F0B3FE0021544800F075
:1001F00007FF554800F0ACFE0021534800F000FF17
:10020000AC201EF073FD044600F034FF5421286832
:1002100002F0B8FA064614F0A7FD3146204601F078
:10022000D7FC0821286802F0ADFA064613F00AFA56
:100230003146204601F0CCFC1421286802F0A2FAD5
:10024000064613F00FFB3146204601F0C1FC102199
:10025000286802F097FA064616F084F931462046DF
:1002600001F0B6FC01201EF041FD064612F054FBE1
:10027000304602F0A3FB4421286802F083FA0546C9
:100280000EF04AF82946204601F0A2FC28201EF074
:100290002DFD0021054613F04BFD2046294601F0B7
:1002A00097FC002213464DF2BD11606900F070F911
:1002B000B2EE040A00F010FE00F08AFDDFED237AB2
:1002C000B4EEE70AF1EE10FAB0EE408A31DD042018
:1002D0001EF00CFDDFED1E7A28EE278A0546BCEEE7
:1002E000C88A002218EE101A04F0F0FA20462946B7
:1002F00001F06EFC606900F005F994F8A830DB07A6
:1003000003D50F48012100F07BFE124C2368DA6808
:10031000986992F89C1107F0F5F82368986A03F041
:1003200021F9BDEC028B2368BDE87040586A02F0E9
:100330003FBF6068084903689B689847DAE700BFD9
:10034000AC02002018030020AE020020CDCCCC3D32
:1003500000247449C80200204CB60208F8B50F4CBE
:10036000FFF73CFF0025274610E06E1CC5F3003167
:10037000B6B200F045FE3868354600210A4601F065
:100380002DFC20680321002201F028FC236804488A
:1003900093F8A820D207E8D41846EEE7C802002058
:1003A000AC02002010B5054C4C21204600F0C4FDE5
:1003B000A01C4D21BDE8104000F0BEBDAC020020E5
:1003C000004870476CB60208004870477CB60208C7
:1003D0000D4B0F2810B41B6813DC03EB4002C1F374
:1003E0000B01B2F8044104EBC000013403EB4003FD
:1003F000A4B2072CA2F80441998084BF0023A2F87C
:1004000004315DF8044B7047B002002038B5094B49
:1004100004461C201C601EF069FC082205464FF4AF
:100420007A7104F0A7FA28462560034904F028FBF6
:10043000204638BDB0020020D103000801207047DB
:10044000002070470120704710B5054B036004463B
:1004500040681BF05BFD034B2360204610BD00BFCE
:10046000A0B6020878BD020810B5064B036004462A
:1004700040681BF04BFD044B2360204602F09EFABF
:10048000204610BDA0B6020878BD020838B5406805
:100490000D460A4921F03EFC044670B1284622F080
:1004A00028FC012102462346284621F075FF054617
:1004B000204621F08DF9284638BD38BD94B6020893
:1004C00010B503680A4A0446A3F10C00904282B0BA
:1004D00002D1204602B010BD53F8042C511E002A50
:1004E00043F8041CF5DC01A91EF050FFF1E700BF42
:1004F000940500200B460068114647F2693200F06F
:1005000017BB00BF38B5046805462CB1204600F083
:10051000E1F9204602F052FA00232B6038BD00BFFB
:10052000F8B50C460546FFF7EDFF0C201EF0DEFB8C
:10053000074600F093F92F606CB16C68AE68B44266
:1005400009D0394600E0296854F8040B03689B6819
:100550009847A642F7D1F8BD10B504684CB12046C3
:1005600000F0E2F900B110BD064800F023FC054898
:10057000F9E7054B05491B68586803685B699847AC
:10058000204610BDB4020020C8020020C0B60208F8
:1005900000B583B0ADF800106946ADF80220ADF8A3
:1005A0000430FFF7D9FF03B05DF804FBF8B54268EB
:1005B0000368D31A9B1004460F4605D05A00934295
:1005C00026D96FF0030600E0042630461EF08EFBAD
:1005D000054694E809001B1A9B109A003968AF1869
:1005E00007D045F8231094E809001B1A9B109A00C5
:1005F000AF1823B10146284621F09FFF2068043739
:1006000008B102F0DBF92E44A66084E8A000F8BD32
:10061000B2F1804FD5D2DE00D7E700BF38B54368CE
:100620008468A342024606D009680BB1196043688A
:100630000433536038BDFFF7B9FF38BD2DE9F041F1
:100640000646002384B043608360C360054646F8D5
:10065000043B10201EF04AFB04AC80466E496F4FED
:1006600005F008F844F8048D30462146FFF7D6FF20
:1006700001AA6B4920461FF023F9204603F094FCA1
:10068000039BA3F10C02BA42804640F0B78020469B
:10069000B8F1000F5ED0624901AA1FF011F91020D5
:1006A0001EF024FB21465F4A804604F0BFFA039BFC
:1006B000A3F10C00B84277D1B8F1000F05D0304655
:1006C0002146CDF80C80FFF7A9FF01AA5649204624
:1006D0001FF0F6F8204603F067FC039BA3F10C0221
:1006E000BA42804649D1B8F1000F1ED04E4901AA46
:1006F00020461FF0E5F810201EF0F8FA21464B4A7C
:10070000804604F093FA039BA3F10C00B84240D159
:10071000B8F1000F05D030462146CDF80C80FFF728
:100720007DFF284604B0BDE8F08101AA404920467B
:100730001FF0C6F8204603F037FC039BA3F10C0220
:10074000BA4280464BD1B8F1000FEAD001AA204648
:100750003749CEE701AA37491FF0B2F8204603F027
:1007600023FC039BA3F10C02BA42804627D1B8F1C7
:10077000000FAAD020462F498EE753F8041C481ECC
:10078000002943F8040CAEDC104602A91EF0FEFD61
:10079000A9E753F8042C511E002A43F8041CB7DCC7
:1007A00002A91EF0F3FDB3E753F8042C511E002AF2
:1007B00043F8041C80DC02A91EF0E8FD7CE753F836
:1007C000041C481E002943F8040CD0DC104602A982
:1007D0001EF0DCFDB8F1000F3FF477AFCAE753F825
:1007E000041C481E002943F8040CACDC104602A986
:1007F0001EF0CCFDB8F1000F93D0A7E753F8041C0E
:10080000481E002943F8040C3FF741AF104602A9E7
:100810001EF0BCFD3BE700BFFCB6020894050020BB
:1008200004B7020814B7020830B702083CB7020840
:1008300040B702081CB7020810B5054C204600F06E
:10084000A3FA20460349044ABDE810401EF073BADB
:10085000B4020020C10400088801002000220260C8
:1008600042608260704700BF2DE9F04190E860006F
:10087000B54282B080461CD0154F55F8044B3CB1B0
:100880002368A3F10C02BA4215D1204602F096F873
:10089000AE42F2D1D8F800000023C8F80030C8F802
:1008A0000430C8F8083008B102F088F802B0BDE89A
:1008B000F0812846F0E753F8041C481E002943F84D
:1008C000040CE2DC104601A91EF060FDDDE700BF6C
:1008D0009405002010B50446FFF7C6FF206808B154
:1008E00002F06CF8204610BD10B5436853F8044D73
:1008F000436082B044B123680A4AA3F10C009042DD
:1009000004D1204602F05AF802B010BD53F8042C6E
:10091000511E002A43F8041CF3DC01A91EF036FD29
:10092000EFE700BF94050020F8B590E85000B4420E
:100930000F4602D10DE0A6420BD054F8045B3846B6
:1009400005F10C01062221F0E0FD0028F3D1284634
:10095000F8BD00252846F8BD2DE9F04790E82001B4
:1009600045458AB00F4622D0012655F8044BD7F8EA
:100970000090E389B4F80CA00093238A01932268C5
:100980000292A37C0393E37C0493A0681FF090F988
:10099000CDE906016268089253463246D9F808400C
:1009A00004493846A047A84506F10106DDD10AB042
:1009B000BDE8F08750B70208F8B542680368D31A5B
:1009C0009B1004460F4605D05A00934226D96FF07B
:1009D000030600E0042630461EF088F9054694E838
:1009E00009001B1A9B109A003968AF1807D045F808
:1009F000231094E809001B1A9B109A00AF1823B12A
:100A00000146284621F099FD2068043708B101F01D
:100A1000D5FF2E44A66084E8A000F8BDB2F1804F57
:100A2000D5D2DE00D7E700BF2DE9F04790E8A0005F
:100A300084B0BD428146019124D08A4601F10C0860
:100A400001E0AF421ED02E684046062206F10C019E
:100A50002C46043521F059FD0028F2D156B13368F7
:100A6000184AA3F10C00904220D1304601F0A6FFB5
:100A7000DDF804A0C4F800A0134821F0DFFE04B0A4
:100A8000BDE8F087D9F808309F420AD0019B17B122
:100A90003B60D9F804700437C9F8047004B0BDE8AD
:100AA000F087484601A9FFF787FFE8E753F8042CD1
:100AB000511E002A43F8041CD7DC03A91EF066FC73
:100AC000D3E700BF94050020ACB70208F8B5426830
:100AD0000368D31A5B1004460F4605D05A009342B0
:100AE00021D96FF0010600E0022630461EF0FEF824
:100AF000054694E809001B1A5B105A003988AF18A4
:100B000018BF25F8131043B9023708B101F056FF9A
:100B10002E44A66084E8A000F8BD0146284621F0D6
:100B20000CFD2068F0E7B2F1004FDAD29E00DCE75E
:100B30002DE9F04190E89000BC4282B0884602D195
:100B400014E0A74212D054F8045B2E8A9642F8D1E2
:100B5000AE894645F5D159689868814209D0881C0C
:100B6000ED8901B10D80A7425860ECD102B0BDE81B
:100B7000F081184605F10E0101920093FFF7A6FFE0
:100B8000009B019ADDE700BF014B0360704700BF87
:100B9000E0B7020810B5034B0360044601F00EFFF6
:100BA000204610BDE0B70208F0B50B681A78232A7A
:100BB00087B00C4671D053F80C3C022B6DD9084617
:100BC0000022474902231EF058FB461C054664D00C
:100BD00023681B5C232B60D00223204640492A4611
:100BE0001EF016FB431C074653D03D4920463A46AB
:100BF00002231EF042FB06460130216850D08B5D77
:100C0000232B4DD051F80C2C9542C5EB07034DD842
:100C10002A46214602A81EF00FFE02A904A803F0EE
:100C20001FF814201EF062F8054600F0ADF8BDF87C
:100C30001010BDF81220BDF81430A9810120A8744D
:100C4000EA812B82721C0523204626491EF0E0FA19
:100C5000421C226852F80C2C14BFC6EB000303465A
:100C6000964223D82146324603A81EF0E5FD2846C9
:100C700003A91EF076FA039B1B4CA3F10C00A042C3
:100C800017D1029BA3F10C00A0421DD1284607B04A
:100C9000F0BD2168154821F01DFD002007B0F0BD12
:100CA000134821F017FD002007B0F0BD11481EF0D9
:100CB00094FE53F8042C511E002A43F8041CE0DC77
:100CC00001A91EF063FBDCE753F8042C511E002A37
:100CD00043F8041CDADC03A91EF058FBD6E700BF7A
:100CE00000B8020860B802089405002004B80208A1
:100CF00068B8020848B8020838B51546FFF754FF2F
:100D0000044618B128462146FFF78EFE204638BD1E
:100D1000F0B583B014460F4601AA19491E46054690
:100D20001EF0CEFD21463846FFF73EFF044660B177
:100D3000828933889A420BD02368124AA3F10C00AF
:100D4000904212D1204601F039FE284603B0F0BD92
:100D5000C28973889A42EFD1B388028A9A42EBD152
:100D6000284621461EF02BFDE6E753F8042C511EC1
:100D7000002A43F8041CE5DC01A91EF007FBE1E7AB
:100D8000C0DE02089405002010B50022074B036066
:100D90000021044681608274C2748281C281028211
:100DA000426003491EF09EFB204610BDA0050020B6
:100DB000C0DE020800228260002204498274C274EC
:100DC0008281C281028242601EF08CBBC0DE0208BA
:100DD000F0B52DED028B837C87B004460BB9C37C44
:100DE00023BB0023214605A803931EF0DCFC04A8C6
:100DF00005A903F017F8059B214DA3F10C00A842AB
:100E000033D1049E03A9304622F01AFE039BB3425D
:100E1000B0EE408A10D9049BA3F10C00A84219D16E
:100E2000B0EE480A07B0BDEC028BF0BD90ED020AAF
:100E300007B0BDEC028BF0BD124BE7891B68268A18
:100E4000586822680168A389009701968C680E494A
:100E5000A047E0E753F8042C511E002A43F8041C75
:100E6000DEDC05A91EF092FADAE753F8042C511ED5
:100E7000002A43F8041CC4DC02A91EF087FAC0E76C
:100E800094050020C8020020F0B8020810B50446FE
:100E90001EF089FC204610BD08B5837C0BB9C37CCD
:100EA00043B90749002203231EF0B2F9013018BFED
:100EB000012008BD4068003018BF012008BD00BFF8
:100EC0000CBA020807EE101AF8EEC77A0122C0ED3C
:100ED000027A4160C2747047012280ED020AC27436
:100EE000704700BF837C10B504461BB90123C3744F
:100EF0001EF065FC204610BD38B5044600781BF096
:100F000013F822780B4B617853F8222001255068A2
:100F100005FA01F120EA010151602178627853F865
:100F20002130AA40D968032000FA02F221EA020225
:100F3000DA6038BD10BA020810B5C1F3031301F02E
:100F40000F01044603704170FFF7D6FF204610BD25
:100F500010B4094B0178427853F8213052001C68D4
:100F600003219140012024EA010100FA02F20A4320
:100F70001A605DF8044B704710BA02080278124BF1
:100F8000F0B453F822204478176864000326A64082
:100F9000012527EA060605FA04F43443146051B922
:100FA0000178427853F821304FF4803101FA02F28F
:100FB0009A61F0BC70470178427853F8213095402F
:100FC0009D61F0BC704700BF10BA02080178044B65
:100FD000427853F82130012101FA02F29A617047F8
:100FE00010BA02080178054B427853F821304FF4CB
:100FF000803101FA02F29A61704700BF10BA02080C
:1010000010B40B4B0478427853F8243041B94FF4B4
:10101000803000FA02F29A6108465DF8044B70478E
:10102000012000FA02F29A6108465DF8044B70470D
:1010300010BA02080022026042608260C2607047FB
:10104000F8B5046900F10806B4420F464FF00005F8
:101050000DD02069036839465B6998478542B8BF5F
:10106000054620461DF0E2FEB0420446F1D1284676
:10107000F8BD00BF2DE9F0412DED028BC64B036397
:10108000436384B0044600F1480300F1B401002238
:1010900043F80C2C43F8082C43F8042C0C338B42F7
:1010A000F6D1BE4A94F8A830556F03F0D50343F04B
:1010B0004003AF0184F8A83000F1D4816E0100F143
:1010C000CA81280100F1C081E90000F1B681AA00BF
:1010D00000F1AC816B0000F19981002DC0F29F817D
:1010E000AE4B5B6F13F0006305D194F8A82063F357
:1010F000861284F8A820A94AA94B4FF08071516745
:1011000003A821211C60FFF717FF012103A8FFF7A7
:1011100035FF10201DF0EAFD06460025FFF78EFA88
:10112000012130466661FFF7FBF925601C201DF0A8
:10113000DDFD9C490160034600F108020261426145
:101140000572C560856198496360012204F1300031
:101150001EF0C8F9954A6069D1684FF6FF030B404D
:1011600043F0BF6343F40033D36046F20F612A4675
:101170002B46FFF70DFA2946FFF7A4FEFFF728FEDE
:10118000BCEEC00A2A4610EE103A4CF6DF1184F885
:10119000A93060692B46FFF7FBF92946FFF792FE5D
:1011A000FFF77AFE94F8A83080F0010060F30003A6
:1011B0002A4684F8A83048F2AE012B466069FFF752
:1011C000E7F92946FFF77EFEFFF766FE94F8A830A0
:1011D00060F382032A4684F8A83043F666212B4642
:1011E0006069FFF7D5F994F8A810C1F38001FFF703
:1011F00069FEFFF751FE94F8A83060F345132A46C4
:1012000084F8A83045F68B312B466069FFF7C0F9AA
:101210000121FFF757FEFFF73FFE94F8A83094F83E
:10122000A92060F30413012A84F8A83000F06B8130
:10123000C0F01F81022A00F0C380206803689B6809
:10124000984728201DF052FD054601F069FF2B68E4
:1012500065629B682846984744201DF047FD054677
:1012600002F0DAF9A5624FF492701DF03FFD4F4D88
:101270000646FFF7CBF8E9684D4BE6624FF6FF02F2
:101280000A4042F0BF624FF0200C4FF0400E602148
:101290001026502042F400323027EA6083F837C32A
:1012A000002283F82D6383F836E385F8227083F8F3
:1012B000006383F8120383F84D0383F8251383F842
:1012C000261383F83A1383F810136069134645F226
:1012D0009E51FFF75DF93749FFF7F4FDFFF778FD01
:1012E000BCEEC00A0022134684ED0E0A60694AF281
:1012F0005D51FFF74DF90121FFF7E4FDFFF768FDB0
:10130000D4ED0E7AA06AB0EE408AB8EE670A02F019
:1013100043F9B0EE480AA06A02F062F928201DF0F5
:10132000E5FC054606F0CCF82B68A5619B682846CD
:10133000984718201DF0DAFC054605F035FA2B68B1
:10134000A5609B68284698474FF4D0701DF0CEFCEE
:10135000054608F0A9FF2B68E5609B68284698477A
:1013600004201DF0C3FC054601F0E2FB124B2B608C
:101370002846256215F040FB28201DF0B7FC0546E5
:1013800006F07CFA256101201DF0B0FCE0612046EA
:1013900004B0BDEC028B11E0A00500200038024033
:1013A000C802002040BA0208C8BA020800ED00E0F6
:1013B00000E100E0A086010028ED0208BDE8F08110
:1013C0002B4642F6AA2244F2ED116069FFF7E0F8DD
:1013D0004FF4E131FFF776FDFFF7FAFC5C4B4FF479
:1013E00006711868B0EE408A01F0CCF9BDEEC88AEB
:1013F0004FF0FF33054600938DED018A09210A2243
:10140000352305F0DFFA2560284617E704F134009C
:10141000504910221EF054F9002DBFF661AE04F1C0
:1014200034004D490A221EF04BF959E604F134000C
:101430004A4915221EF044F94CE604F134004849AB
:101440000F221EF03DF942E604F13400454909221D
:101450001EF036F938E604F13400434904221EF048
:101460002FF92EE604F1340040490A221EF028F933
:1014700024E62B4642F6AA226069354F44F2ED116C
:10148000FFF786F84FF4E131FFF71CFDFFF7A0FCF2
:1014900038684FF40671B0EE408A01F073F9BDEE82
:1014A000C88A4FF0FF3680468DED018A00960921EB
:1014B0000A22352305F086FA2B4642F6AA22C4F802
:1014C0000080606944F2ED11FFF762F84FF4E131FA
:1014D000FFF7F8FCFFF77CFC38684FF40671B0EEBC
:1014E000408A01F04FF9BDEEC88A054633460096A2
:1014F0008DED018A3521362205F064FA2B682846E5
:101500009B68984799E62B4642F6AA2244F2ED11D1
:101510006069FFF73DF84FF4E131FFF7D3FCFFF7C7
:1015200057FC0B4B4FF406711868B0EE408A01F07F
:1015300029F9BDEEC88A0B23054600938DED018A7B
:1015400009210A220C2305F03DFA2560284675E69C
:1015500018030020A8BA0208BCBA020890BA020810
:1015600080BA020874BA02086CBA020860BA0208AB
:101570002DE9F04F2DED048BBC4B0360B3B0074653
:1015800088464FF44C4044F68A5100220DF1230363
:1015900001F078FC08B98DF823003846B4490122DF
:1015A0001EF08EF898F8A8309C0700F158819DF83D
:1015B0002320002A40F07681180740F1FF8038464A
:1015C000AC4904221EF07CF8D8F80C3093ED448A24
:1015D0008DED0C8AD3ED438ACDED0D8AD3ED427AA1
:1015E000CDED0E7A93F83430DB0740F12B819FED7F
:1015F000A29AC7EE897AC8EE898A88EE098A17EE20
:10160000900A1EF055FB044618EE900A0D461EF097
:101610004FFB02460B4618EE100ACDE90223CDE936
:1016200000451EF045FB12AECDE90401934A80212E
:10163000304621F067FA92490446062238461EF0E9
:101640003FF83146802C34BF224680221EF038F805
:10165000D8F80C1091F89C31032B2EDD9FED868A73
:1016600003248B6891F8342053F82430D3ED0B7A9F
:1016700093ED087AF8EEE77AD007C7EE877A04F19F
:10168000010448BFC7EE887A17EE900A1EF010FBDF
:101690007C4ACDE900018021304621F033FA314601
:1016A000802834BF0246802238461EF009F8D8F858
:1016B0000C1091F89C31A342D3DC0DF13C09484653
:1016C0000CAA06F0F9FBD8F80C30DDED117A93F88E
:1016D0003430D90740F1A8809FED678AC7EE887A39
:1016E00017EE900A1EF0E4FADDED107AC7EE887A64
:1016F00004460D4617EE900A1EF0DAFADDED0F7A79
:1017000087EE888A82468B46CDE90045CDE902AB5B
:1017100018EE100A1EF0CCFA584ACDE904018021D7
:10172000304621F0EFF958490446062238461DF0AC
:10173000C7FF802C34BF2246802231461DF0C0FFF7
:10174000D8F80C40204606F05DFC94F83430DA07F7
:1017500044BFDFED497A80EE270A10EE100A1EF032
:10176000A7FACDE90001D8F80C309FED487AD3ED07
:10177000567AC7EE277A17EE900A1EF099FA444A75
:10178000CDE902018021304621F0BCF931468028A4
:1017900034BF0246802238461DF092FF98F8A840D8
:1017A000C4F38004BCB138463A4902221DF088FFD8
:1017B000384633B0BDEC048BBDE8F08FD8F8180084
:1017C00005F0B0FE002800F0C581384632490422F9
:1017D0001DF076FFF8E64B4622464AF616404BF2DD
:1017E000D3110F941094119401F04CFB002840F099
:1017F0006681DDF840800F9D454500F0BF81274A96
:101800002C4605F11009631B143459F80330A3F179
:101810000C00904240F0CC814445F4D10F98002850
:10182000C1D001F0CBF8BEE717EE900A1EF040FAE7
:10183000044610980D461EF03BFA9DED0F8A824635
:101840008B4661E717EE900A1EF032FA044618EE56
:10185000900A0D461EF02CFA02460B46DBE638468F
:101860000F4905221DF02CFFAEE600BFA0050020A9
:10187000CCBA0208E0BA02083333CB41F4BA02080A
:1018800008BB020810BB020818BB02080080BB4559
:1018900038BB020858BB0208E8BA020894050020C9
:1018A000D0BA02083846B74904221DF009FFD8F81B
:1018B0000C0009A906F0CEFAD8F80C00C36933B1C0
:1018C000036A09A9143001229847D8F80C0090F84F
:1018D0003430DDED097AD90700F1238117EE900A43
:1018E0001EF0E6F904460A980D461EF0E1F99DED5A
:1018F0000B8A02460B4618EE100ACDE90223CDE909
:1019000000451EF0D5F912AECDE904019E4A8021B2
:10191000304621F0F7F89D490446062238461DF06E
:10192000CFFE3146802C34BF224680221DF0C8FEF7
:10193000D8F80C1091F89C31032B2EDD9FED948A82
:1019400003248B6891F8342053F8243093ED0B7AFC
:10195000D3ED087AB8EEC77AD207C7EE277A04F13A
:10196000010448BFC7EE887A17EE900A1EF0A0F96E
:10197000884ACDE900018021304621F0C3F8314684
:10198000802834BF0246802238461DF099FED8F8E0
:101990000C1091F89C31A342D3DC0B98099B0A9C54
:1019A0000F900DF13C094A460CA81193109406F0D3
:1019B00083FAD8F80C30DDED0E7A93F83430DB077B
:1019C00040F1CE809FED728AC7EE887A17EE900ABA
:1019D0001EF06EF9DDED0D7AC7EE887A04460D46ED
:1019E00017EE900A1EF064F9DDED0C7A87EE888A16
:1019F00002460B46CDE90223CDE9004518EE100A58
:101A00001EF056F9604ACDE904013046802121F0EC
:101A100079F861490446062238461DF051FE802CB3
:101A200034BF2246802231461DF04AFED8F80C40D1
:101A3000D8F81830DFED597AD3ED088A94F83430AD
:101A4000DD0768EEA78A48BFDFED517A204648BF20
:101A5000C8EEA78A06F0D6FA94F83430DC0744BF03
:101A60009FED4B8A80EE088A18EE900A58BFB0EEC0
:101A7000408A1EF01DF9CDE9000118EE100A1EF093
:101A800017F9CDE90201D8F80C309FED457AD3ED76
:101A9000567AC7EE277A17EE900A1EF009F9414AE6
:101AA000CDE904013046802121F02CF83146802810
:101AB00034BF0246802238461DF002FE6EE6DDF895
:101AC0003CA0DDF84080C2455AD00AF114045546C6
:101AD0000AF1100BCAEB050354F8140C5BF80390E1
:101AE0001EF0E6F8CDE9000154F8100C1EF0E0F805
:101AF0004B46CDE902012C4A2021304621F002F864
:101B00001435202834BF02462022314638461DF0C5
:101B1000D7FDA84504F11404DCD10F9DDDF8408009
:101B20006AE69FED1B8AC7EE887A17EE900A1EF0D0
:101B3000BFF8DDED0A7AC7EE887A04460D4617EE47
:101B4000900A1EF0B5F8DDED0B7A02460B4687EEE3
:101B5000888AD0E63846154903221DF0B1FDA6E675
:101B600017EE900A1EF0A4F804460D980D461EF0DC
:101B70009FF89DED0C8A02460B463BE728464EE651
:101B8000454639E6D8BA0208F4BA020808BB02088A
:101B90003333CB4110BB020818BB0208000070426F
:101BA0000080BB4520BB020848BB0208F0BA02080F
:101BB00053F8041C01F1FF3E002943F804EC3FF701
:101BC0002BAE314607921DF0E1FB079A24E600BFD9
:101BD00008B50B6808469B68984708BD2DE9F04F8B
:101BE000072983B08B46824690463CD0012301935F
:101BF0000BEB4B0292000AF13C0188188C584668A6
:101C0000B4421CD0244F07EBCB02556805F0010904
:101C10006D1006E0284457F83B2041469047A64205
:101C20000DD054F8040BB9F1000FF3D0415957F817
:101C30003B2028448A5841469047A642F1D1BBF147
:101C4000070F02D003B0BDE8F08F9AF8A8309B07C9
:101C500002D5019B002BF5D1DAF80C0003B0BDE8EA
:101C6000F04F06F029BC90F8A810D2F1010238BF5D
:101C7000002262F3410180F8A81032B9C9B2080706
:101C800044BF62F3C3018AF8A810DAF8180005F01F
:101C900049FC0190ACE700BF10BC020801EB410118
:101CA00038B53C308B00C518C0586C68A0420DD0C8
:101CB0000368934218BF031D03D108E001689142F5
:101CC00005D0A342184603F10403F7D138BD011D26
:101CD0008C4206D0631A9A1003D0920020F02DFC9B
:101CE0006C68043C6C6038BD70B50C46064609B99A
:101CF0000AE02C463046E168FFF7F6FFA56820466B
:101D000000F05CFE002DF4D170BD00BF10B5054B96
:101D1000044640F8043BE168FFF7E6FF024B23600E
:101D2000204610BD40BA020878BD0208074B10B526
:101D3000044640F8043BE168FFF7D6FF044B2360FC
:101D4000204600F03BFE204610BD00BF40BA02080E
:101D500078BD0208F8B542680368D31A9B100446A0
:101D60000F4605D05A00934226D96FF0030600E0D3
:101D7000042630461CF0BAFF054694E809001B1AF9
:101D80009B109A003968AF1807D045F8231094E8E3
:101D900009001B1A9B109A00AF1823B10146284670
:101DA00020F0CBFB2068043708B100F007FE2E447A
:101DB000A66084E8A000F8BDB2F1804FD5D2DE0065
:101DC000D7E700BF00B501EB41013C3000EB8100DB
:101DD00083B04368816801928B4207D00BB11A60CF
:101DE00043680433436003B05DF804FB01A9FFF7C7
:101DF000B1FFF8E730B4074A074D084C0849C26400
:101E0000002205654465816502704264826430BCCD
:101E1000704700BF0123456789ABCDEFFEDCBA9860
:101E200076543210F0B492B10C460023A57894F8A1
:101E300001C0CF5CE6782D0445EA0C253D4345EA18
:101E40000665C55004339A4204F10404EED8F0BC90
:101E5000704700BF30B492B1034600240D680555A9
:101E600051F8045B2D0A5D7031F8025C9D700434FA
:101E700011F8015CDD70A24203F10403EED830BC1E
:101E8000704700BF2DE9F04F834695B004A840226B
:101E90000BF1500494E83001DBF84C90DFF8E0A33C
:101EA000DB4FDC4EFFF7BEFFDB4A0192DB4A0292BA
:101EB000049ADB4BDFF8CCC3DFF8CCE3D948DA492E
:101EC00091444B4428EA040205EA040942EA09095C
:101ED0004B4404EB736325EA03020392059A904492
:101EE000039A03EA040942EA0909C244069ACA4469
:101EF00003EB3A5A24EA0A090AEA0308154449EAB4
:101F00000808AC44079AC4440AEBFC3C23EA0C08DA
:101F10000CEA0A051444A64448EA0505089C0A9AF6
:101F200075440CEBB5252AEA050E274405EA0C0496
:101F30004EEA04043B442344099F05EB736303EA20
:101F400005043E442CEA030756443C4306EB040ECA
:101F500003EB3E5E25EA0E0610440EEA030434430A
:101F600084440CEB04000B9C0D9FDDF838A00EEBB5
:101F7000F03023EA0006214400EA0E0434432944E9
:101F80000C9E019D35440195214400EBB121019A3D
:101F9000A64C2EEA010601EA000535431A442A44FC
:101FA000029BA34EA34D01EB72621F4420EA02097B
:101FB00002EA0103BE4449EA0309F14402EB39593C
:101FC000AAF5244E21EA090C09EA0208AEF14F0EE7
:101FD00070444CEA08080F9F974B804409EBF8388F
:101FE00022EA080E3B4408EA09004EEA00001944C0
:101FF00001441098059F08EBB12C06440CEA080137
:1020000029EA0C00014332440A4411990CEB726333
:102010000C4403EA0C0228EA03010A43A144914458
:1020200003EB395E129A6FEA0E0404EA0C011544C0
:102030000EEA03020A43A84490440EEBF836139DBF
:102040007E4A7F496FEA060806EA0E002A4408EA3B
:10205000030594440543654406EBB52505EA0E02E5
:10206000394434400B4414430A987649764ADFF8E1
:102070001CC21C44754B05EBF46404EA06070344D8
:1020800005EA080847EA08089E440EEB08000F9B83
:10209000099F04EBF05000EA050E194424EA0503F9
:1020A0004EEA03030E44F118049E00EBB14120EA0E
:1020B0000403324401EA0406154446EA0302644B71
:1020C000644E2A4401EB32323B4402EA000E1C44C7
:1020D00021EA00034EEA0303234402EBF36303EA1D
:1020E0000108D44422EA010448EA0404604420447C
:1020F00003EBF05E1398584D0D9FDFF894810EEAC4
:102100000204064423EA0200204331440E180899D1
:10211000524C0EEBB64606EA03000D442EEA0301CC
:102120002A4440EA0105154406EB35353C4405EAEE
:102130000E0C234426EA0E044CEA04041C444848CE
:10214000129B079F4749484A05EBF46404EA060CD2
:10215000184425EA06034CEA030386440EEB030009
:1021600004EBF05000EA050E394424EA05034EEA78
:1021700003030E44F1180C9B119FDFF818C100EB0C
:10218000B14101EA04061A4420EA0403154446EA70
:102190000302364B364E2A4401EB32323B4402EA0C
:1021A000000E1C4421EA00034EEA03032344314D90
:1021B000069C0B9F02EBF36303EA010E254422EA1F
:1021C00001044EEA04042844051903EBF55505EA19
:1021D000020EBC4423EA02004EEA000061440144BE
:1021E00010980C9F05EBB144064425EA030104EA6C
:1021F0000300014332440A4409991F481F4EA1F5C8
:10220000B82E04EB323284EA050CAEF2BE6E43E027
:10221000AF0F7CF52AC68747D8988069AFF7448B03
:1022200078A46AD7134630A8019546FD937198FDAE
:102230002211906B8E4379A6BED75C892108B449E0
:1022400062251EF6515A5E26AAC7B6E940B340C0C1
:102250005D102FD681E6A1D8C8FBD3E7E6CDE121FA
:10226000D60737C3870DD5F4ED145A4505E9E3A920
:102270008A4C2A8DF8A3EFFC22619D6D44EABEA42E
:1022800056B7C7E8DB702024EECEBDC1531444021C
:1022900097FF2A43D9026F678CEA020C7344DFF878
:1022A00038E3BA49634402EB3373BE4482EA040C58
:1022B0008CEA030C754405EB0C0E0F9D129F03EB8B
:1022C0007E5E284483EA020585EA0E05044460190F
:1022D0000EEB304039448EEA030444400A4411199D
:1022E000059A089FAA4DAB4C00EB7121164480EA79
:1022F0000E0C8CEA010C3344A74EA84A634401EB50
:1023000033733E4481EA000C0B9F8CEA030CB64405
:102310000EEB0C0603EB76563A4483EA010E8EEA86
:10232000060E104400EB0E0206EB3242554486EADC
:102330000300504029440D181198049FDFF89CE2D7
:10234000974902EB752582EA060C04448CEA050CD9
:102350001C44644405EB3474BE4485EA020C8CEAE8
:10236000040C764406EB0C0E8E48079E0A9F8E4B9B
:1023700004EB7E5E304484EA050686EA0E060244DB
:1023800090190EEB304039448EEA040242400D446D
:10239000A9180D9A109F854E854D00EB712180EA9A
:1023A0000E0C13448CEA010C2344634401EB337399
:1023B0003E4481EA000C139F7E4A7F4C8CEA030C5A
:1023C000B6440EEB0C0603EB76563A4483EA010E54
:1023D0008EEA060E104400EB0E0206980B9FDFF803
:1023E00000C2DFF800E206EB3242054486EA030051
:1023F000504029440D180499704802EB75250C448F
:1024000065EA060151401C440C4405EBB464B84431
:1024100064EA020989EA05094644129F6849694B42
:10242000DFF8C4814E4404EBB656BC4466EA0507A7
:102430006740624402EB070C099A109FDFF8AC91E9
:1024400006EB7C4C96446CEA0402724075441544D9
:102450000CEBF525384465EA060282EA0C020444D6
:10246000A018079C584F05EBB06060EA0C022144AD
:102470006A403144114400EBB151AAF5801A61EA77
:102480000504AAF6833A4440E244059EDFF860C1A1
:10249000A24401EB7A4262EA000433442B444C40EC
:1024A0001E194A4B0293DFF84CA1494D494C02EBEF
:1024B000F6230C9E63EA010EB2448EEA020E5044EB
:1024C000139E704403EBB060B14460EA020A8AEAEA
:1024D000030A49440A9E514400EBB151B04461EAF9
:1024E000030989EA00094244119E4A4401EB724201
:1024F000B44462EA000888EA01086344089E434441
:1025000002EBF323374463EA010C8CEA020C07EB7D
:10251000000EE6440F98029F069E03EBBE6E074432
:102520006EEA02005840394401440EEBB151354483
:1025300061EA030080EA0E002A440D9FDBF84C603C
:10254000DBF85450024401EB724262EA0E003C4454
:10255000DBF8507048402344DBF8584003441744EC
:10256000764407EBF32715440C4404A8CBF84C60E1
:10257000CBF85070CBF85450CBF858400021402293
:102580001FF0F6FF15B0BDE8F08F00BF0C38E5FD79
:1025900070BCBFBEC67E9B28A9CFDE4B604BBBF68E
:1025A000051D88048530EFD439D0D4D9E599DBE610
:1025B0006556ACC4F87CA21F442229F4C3595B655C
:1025C00092CC0C8FD15D8485827E53F735F23ABD73
:1025D000BBD2D72A91D386EB81F67187FA27A1EA7D
:1025E000A72394AB39A093FC144301A3E0E62CFE8F
:1025F000A111084E4F7EA86F2DE9F843446C174691
:10260000D20013199A424364836CC4F3C50488BF93
:102610000133C4F1400603EB5773B74205468846C1
:10262000836409D20444601C002408EB04013A1BB3
:10263000BDE8F8431FF078BF20443246013005F171
:1026400001091FF071FFC4F1800449462846FFF7D5
:1026500019FCA74202D212E026461C4608EB0601EE
:102660002846FFF70FFC04F140039F42F4D248468E
:1026700008EB04013A1BBDE8F8431FF055BF48467C
:102680003446D2E730B5037883B00446B3BB00F1DB
:102690004405294668460822FFF7DCFB626C1949AD
:1026A000C2F3C502372A94BFC2F13802C2F17802E0
:1026B0002046FFF7A1FF204669460822FFF79CFF4E
:1026C00004F15C0004F14C011022FFF7C3FB002170
:1026D0004022601C1FF04CFFAB1C002284F84420F9
:1026E0006A7003F8012B03F8012B03F8012B03F8A0
:1026F000012B03F8012B01211A702170204603B031
:1027000030BD00BF8C010020F0B50B788BB00746C0
:10271000C3B10D4601AC09AE204695F85C200D49C9
:10272000023420F021FAB44205F10105F4D100236E
:1027300001A938466A468DF824301DF0C1F83846A4
:102740000BB0F0BD044901AA1DF0BAF838460BB031
:10275000F0BD00BF5CBB0208C0DE0208F0B4084C4C
:1027600041602568028100274FEA122C8F70CF70DC
:1027700081F801C00A7005602060F0BC704700BF9E
:10278000CC0200208B0718BF21F003012DE9F001D6
:1027900018BF0431456801F1040C1FFA8CFC2B466C
:1027A00010E093F801809A7841EA082141EA024159
:1027B00041EA046161450A461EDA018913446A1838
:1027C000934215D8DA781978D70902F07F041646B3
:1027D000E7D05E789C7841EA062141EA044102F0A4
:1027E0007F0241EA0262018913446A189342E9D9DF
:1027F0000020BDE8F001704746F080068C45DE7091
:1028000027DA03EB0C02CCEB0101D47803F80C10AF
:1028100067F3C714C1F3066604F08004C1F307250B
:102820003443C1F3074155709170D470DC782CF0BB
:10283000004C04F0800400214FEA1C2583F800C0FE
:102840005D70DC70997044680189121B8A4200DB5C
:1028500000BE181DBDE8F001704700BF2DE9F00370
:1028600011F8013C11F8042C11F8034C11F8025C2A
:102870006FF3C71342EA042444EA054403F07F02DD
:102880000F1F44EA02643A1901F8013CD378DD09CC
:1028900026D145680689551BB54200F38D8017F88F
:1028A00004C092F80180967811F8015C4CEA082285
:1028B00042EA064203F07F0342EA03631C44C4F386
:1028C000066325F07F051D43C4F30722C4F30743C5
:1028D00001F8044C01F8015C01F8032C01F8023CFA
:1028E00045682B786E78AA78EC7843EA062343EAA9
:1028F000024304F07F0443EA04642A4615E0028997
:10290000964205EB020C54DA1A7893F801809E780F
:10291000DC7842EA082242EA064204F07F0452EAE6
:10292000046446D0634544D21A461319561BBB4271
:102930002644E4D1D378DE09C3F3C01539D111F8A8
:10294000046C11F8039C11F8028C11F801CC46EAD2
:10295000092646EA08460CF07F0C46EA0C66344429
:1029600023F07F08C4F3066CC4F30726C4F30743BF
:102970002E432B432C4348EA0C0C82F803C05670BC
:102980009370147011F8042C11F8036C11F8025CA8
:1029900011F8014C4168038942EA062242EA0542E5
:1029A00004F07F0042EA00627F1A3A449A4200DB58
:1029B00000BEBDE8F003704700BE70E7094B1B681E
:1029C000014613B90BE01B684BB15A689142FAD328
:1029D000188902449142F6D21846FFF73FBF0846D5
:1029E00019F094BACC0200202DE9F04F0B6844682E
:1029F00002899D68DFF8ACB080460F4683B0254958
:102A0000234638464FF00009A847CA46D8F8046064
:102A100002E0042D34D92C443B68E2789D681E4BBB
:102A20001E49D20908BF5B460093237894F801E061
:102A3000A078E27843EA0E2343EA004302F07F02E3
:102A400043EA02620192A31B22463846A847217836
:102A50006578E378A278D8F8046041EA052545EA6C
:102A6000024503F07F0245EA0265DB09C6EB04027A
:102A7000B8F808302A4408BFA9449A42AA44C8DBDF
:102A80003B6807499C6852464B463846A04703B00E
:102A9000BDE8F08F74BB020864BB020894BB020857
:102AA000B8BB02086CBB02080246F0B45368158933
:102AB00000201C4602E0042A14D91344D9785F7818
:102AC0009E78CA091A7842EA072201F07F0142EA99
:102AD000064242EA0162C4EB0301114408BF8018B8
:102AE000A942E8DBF0BC7047704700BF704700BFE9
:102AF000704700BF704700BF704700BF704700BFFE
:102B0000704700BF704700BF704700BF704700BFED
:102B1000014B0360704700BFE0BB020810B5034BD8
:102B200003600446FFF74AFF204610BDE0BB0208E1
:102B3000014B0360704700BFE0BB0208024B024636
:102B40001868FFF73FB900BFC8020020082810B47A
:102B50000AD80F2908D8064B012453F8202004FA7C
:102B600001F10A4343F820205DF8044B704700BF91
:102B7000F4020020082810B40AD80F2908D8064B00
:102B8000012453F8202004FA01F10A4343F82020DD
:102B90005DF8044B704700BFD002002010B4084B12
:102BA0004179027953F821300324D968520004FA9C
:102BB00002F221EA0202DA605DF8044B704700BFBE
:102BC00058BC02088279102102F0FE0201716FF3F5
:102BD0004102002182710160704700BF70B50D464F
:102BE00082B004462C4928461CF060FB30B9A3791A
:102BF00060F34103A371204602B070BD02AEA37919
:102C00002D68002246F8042D43F00203A3713146DB
:102C100028460A2220F0B0FF019BC0B2AB4260718F
:102C200008D9082806D81D4A52F8202022601A78B0
:102C30002E2A0ED0A2791A4B236002F0FD02002347
:102C400063F3000210212046A2716371217102B06A
:102C500070BD5D1C0A2231462846019520F08CFF8C
:102C6000019AC0B295422071E4D20F28E2D81078C0
:102C700050B9C0E7A37943F00103A37113460132B1
:102C8000019258780028B6D02128F3D001F09EF8A0
:102C90000028B0D0019AF1E77CBC020858BC0208B9
:102CA0000000024038B583799B0704460CD5417972
:102CB000064B027953F821300125596805FA02F2D2
:102CC0000A435A60FFF76AFF204638BD58BC020825
:102CD0002DE9F0410D4682B00446504928461CF0CB
:102CE000E5FA38B9A37960F34103A371204602B035
:102CF000BDE8F08102AEA3792D68002246F8042DCC
:102D000043F00203A371314628460A2220F034FF23
:102D1000019BC0B2AB4260710CD908280AD819F0E7
:102D200003F93F4D6279019B55F8222022601A7801
:102D30002E2A0FD0A2793B4B236002F0FD02002324
:102D400063F3000210212046A2716371217102B069
:102D5000BDE8F0815F1C314638460A22019720F019
:102D60000BFF019BC0B29F422071E3D20F28E1D834
:102D700018780028BAD003264FF00208012710E087
:102D80006F281DD0762837D05E2823D001F01EF89A
:102D90000028ABD0019B1A460133019350780028DC
:102DA000A4D04028F7D0EBD821280ED02D28EDD183
:102DB000A2799207EFD52046FFF7F0FE019BEAE7E4
:102DC0002046FFF76FFF019BE5E7A27942F0010281
:102DD000A271E0E7A2799007DDD56279217955F8F3
:102DE00022204900D06806FA01FC20EA0C0007FA0C
:102DF00001F10143D160CEE7A2799107CBD5627989
:102E0000217955F822204900D06806FA01FC20EA11
:102E10000C0008FA01F10143D160BCE77CBC020858
:102E200058BC02080000024038B5034640791979C1
:102E300019F074F9084904461AF0CAFE013008D0A6
:102E400014201BF053FF2146054619F075FA284659
:102E500038BD002038BD00BF20FA0208024A0260D7
:102E60000022C260704700BF88BC020810B5044B46
:102E7000036000230446C360FFF7A0FD204610BD99
:102E800088BC020870B586B0114E9DF81440ADF8AC
:102E9000080004F0FE041D46ADF80A10ADF80C2041
:102EA00030680C4B049501AA6FF3410405218DF89D
:102EB00014400193FEF792FE9DF8142012F00100D9
:102EC00003D0930744BF049B2B6006B070BD00BFC6
:102ED000C802002088BC020830B587B00E4C9DF8AF
:102EE0001450ADF8080005F0FE05ADF80A10ADF875
:102EF0000C202068094C049345F00205062101AA24
:102F00008DF814500194FEF769FE9DF8140000F04E
:102F1000010007B030BD00BFC802002088BC020815
:102F200010B5034B03600446FFF7F2FD204610BDC9
:102F300098BC020810B5054B03600446FFF7E8FD96
:102F40002046FFF73BFD204610BD00BF98BC02089D
:102F500010B50446FFF7ECFD201DFFF733FE064BCE
:102F60002360FF2100234FF0FF32E16022612376CE
:102F70006361204610BD00BF98BC0208002905DB34
:102F8000C3689942A8BF19460161704700210161D9
:102F9000704700BF036981F30801002BC16004DBA7
:102FA0009942B8BF0B460361704700230361704725
:102FB000C0687047837A4FF0FF3202619A070FD5DD
:102FC00003F001038B42027A436804D0012101FA25
:102FD00002F29A6170474FF4803101FA02F29A616D
:102FE000704700BF0269FF2A30B4034621D86AB394
:102FF000FF2A3ED040691C7EB0F5007FA8BF4FF489
:1030000000706FF0FF05A842B8BF284658619CB910
:1030100002447F2A5A6129DC9A7A900709D502F086
:103020000102A2421A7A5B6818D0012000FA02F26B
:103030009A61084630BC7047A2F58072104400289F
:10304000D8BF00245861D8BF1C76E5E7827A95077F
:10305000EFD512F0010F4368027AE6D14FF48030C9
:1030600000FA02F29A61084630BC704701241C76CF
:10307000D2E7827A9407DCD512F0010F4368027A16
:10308000D3D0EBE70321FFF759BD00BF10B50446CD
:103090004068054B236008B1FFF790FC2046FFF71E
:1030A00037FD204610BD00BFD0BC020838B5104D1A
:1030B0002B6893F8A830DB07044608D50D4B0E4863
:1030C00019884A1CC1F300311A80FDF799FF72B6C6
:1030D000636A53B1636A013B636262B60421286884
:1030E0000022BDE83840FEF779BD62B638BD00BFAA
:1030F000C802002024030020AE02002010B50446C0
:103100004068064B236008B1FFF758FC2046FFF7E4
:10311000FFFC2046FFF752FC204610BDD0BC020841
:10312000F0B583B00446FFF703FD194B194E002597
:1031300084E82800A560E56004F11800FFF742FD6F
:10314000154A0195176C154B15481C6047F0100780
:103150001764126C134B1449DFF850C002F01002D0
:1031600001920422019F1A6032688068920BA1FBD1
:103170000261C0F818C18908052741F6FF7620468C
:10318000276161619E62D9622262656203B0F0BD0F
:10319000D0BC0208D00100200038024020030020EB
:1031A00000ED00E000100040CDCCCCCC793200081E
:1031B000054B064A01204FF48001D86051601A681F
:1031C00002431A60704700BF0010004000E100E0B9
:1031D000074A084B1268920B10B4B2FBF1F141F6AA
:1031E000FF7441619C62D9625DF8044B02627047D2
:1031F000D001002000100040F8B54468856841699E
:10320000AC42064602D112E0A54210D054F8043B6D
:103210005A69521A002A5A61F6DA18691F6802447C
:103220005A6197B10020B847A5427169EED1336A5F
:10323000591A0029316207DA0E4A736A126801339B
:1032400001EB923131627362F8BD5A68002ADBD01B
:103250009F68D8683FB1C30707D402EB6000002124
:10326000B8477169D0E7C307CED54310D018D358FB
:10327000DF59F4E7D0010020034A044B6FF001014D
:1032800011611868FFF7B8BF00100040200300204C
:1032900038B5094D094B03600446024607212868EA
:1032A000FEF7FCFC286822460821FEF7F7FC2046C2
:1032B000FFF72EFC204638BDC802002008BD0208DA
:1032C00010B50446FFF7E4FF2046FFF777FB2046E2
:1032D00010BD00BF012916D041B1CB0720D490F812
:1032E0003830022202FA03F3194219D0837E9A077A
:1032F00016D513F0010F027E43690CD1012101FAAA
:1033000002F29A617047837E9A0709D513F0010F84
:10331000027E436905D14FF4803101FA02F29A61CD
:10332000704791409961704701B17047837E9A0759
:103330000AD513F0010F027E43690CBF01214FF43F
:10334000803101FA02F29A61038F6FF349230387F8
:10335000704700BF2DE9F041044625461E4617463A
:103360008846FFF7E5FB354B45F8043B98E803003A
:1033700085E8030097E8030004F10C0383E80300E9
:1033800096E8030004F1140383E80300B3799F0770
:1033900003D570793179FFF7D9FB0023E362228FDF
:1033A000A17E274E2748236363F34922228794F89E
:1033B00039206662002542F0040263F3C3026563AC
:1033C0004FF07E538D0784F83920A062236209D51F
:1033D000227E6369C80754BF01214FF4803101FA8E
:1033E00002F29A61A37A99070AD513F0010F227AA3
:1033F000636814BF01214FF4803101FA02F29A612F
:10340000A37C9A070AD513F0010F227CE36814BF4E
:1034100001214FF4803101FA02F29A61238F6FF398
:103420000823238720460721FFF788FB2046082131
:10343000FFF784FB2046BDE8F08100BF08BD02080D
:10344000000048420000C07FD0ED0D7A10B580ED3D
:10345000080A20EE270A04461DF0CAF92063E0623C
:1034600010BD00BFD0ED087A10B580ED0D0A20EE3A
:10347000270A04461DF0BCF92063E06210BD00BFBE
:10348000036B80ED0D0A194401637047D0ED087A93
:1034900010B520EE270A04461DF0AAF9236BC01AC6
:1034A00010BD00BF38B5837E9A0704460D460FD580
:1034B0004269017E1069C84003F0010300F0010079
:1034C000984205D0002B47D0012303FA01F1916106
:1034D00094F8393003F00103AB4215D0238FA27C5E
:1034E00065F30823900723870BD502F00102AA4257
:1034F000227CE36814BF01214FF4803101FA02F20B
:103500009A6101201AF0A8FBA37A99070AD513F053
:10351000010F227A63680CBF01214FF4803101FA58
:1035200002F29A6103201AF097FBA37A9A070AD550
:1035300013F0010F227A636814BF01214FF4803128
:1035400001FA02F29A61E26A002D0CBF01234FF0EA
:10355000FF331344E36238BD4FF4803303FA01F1C3
:103560009161B5E7F0B4094B094A0A4F01214FF4C4
:1035700000064FF400550024D960F960566055608C
:10358000C4631A680A431A60F0BC70470014004014
:1035900000E100E0002000400E4B0F4A1B6880ED68
:1035A000040A5B08A2FB0313DB0807EE103AF8EEEF
:1035B000C77A10B587EE800A04461DF0C9F8074B9C
:1035C0000E21BCEEC00A84ED050A996283ED0B0A58
:1035D00010BD00BFD00100208988888800140040F9
:1035E000DFED0A7AC0EE277A08B5094B1B685B0845
:1035F00007EE103AB8EE470A20EE270A1DF0A8F8A9
:10360000044BBCEEC00A83ED0B0A08BD00247449CC
:10361000D0010020002000402DE9F04383B00025B8
:10362000294B2A4A00954563C56310601A6C856072
:1036300042F020021A64D3F84080DFF8A8E0244A60
:10364000DFF8A4C0234F244E24499FED250A08F03B
:103650002008CDF800804FF00408DDF80090CEF887
:103660000080D2F808E00195CEF81CC1D3F840E004
:103670004EF4807EC3F840E01B6C03F4807301932A
:103680000C23DDF804E03B609368C3F8F4609368B2
:1036900004469963FFF780FF2046B1EE040AFFF766
:1036A0009FFF94F84030656365F3440384F840302D
:1036B00094F84030A56365F30003204684F8403059
:1036C00003B0BDE8F08300BF0038024028030020AB
:1036D00000ED00E00020004049370008CD3A000826
:1036E0000050C347001400407D3A000870B490F8C1
:1036F0004050C5F3430515B3002301244FF4803631
:1037000002E00133AB421ADA426B04FA03F11142D0
:10371000F7D000F1180252F82320917A11F0020F2D
:10372000EFD011F0010F117A526803F1010314BFB9
:1037300004FA01F106FA01F1AB429161E4DB0023E6
:10374000436370BC704700BF034A044B6FF0010134
:1037500011611868FFF7CABF00200040280300204D
:103760002DE9F843856B002D53D090F84010C1F33C
:103770004301002947D000236C6D1E4601274FF4FA
:10378000803C03E00133DBB28B4236DAC3EBC30289
:1037900004EBC202926A002AF4D000EB83022E6D81
:1037A000926903F01F0992F8128007FA09F919EAE1
:1037B000060F0CBF4FF000094FF0010918F0020F7F
:1037C00008F001060BD092F810804E4514BF07FA9E
:1037D00008F60CFA08F6D2F80C80C8F81860168FB4
:1037E00069F308261687168F0133DBB246F400769C
:1037F0008B4216874FF00106C8DB0023C3631EB15E
:103800000120BDE8F883C163034B1B68986903F08E
:10381000D9FF0020BDE8F883C80200202DE9F04F51
:1038200090F84030914D0646D80785B040F1E180D0
:103830002968039191F8A800C0F34000002858D1EE
:1038400096F84080C8F34308B8F1000F00F00781F4
:10385000D6F838B0D6F83CA0DBF85490029507466D
:1038600022E0DDE90023012A73F100034DDBDCE9EE
:103870000245DDE90023121943EB05034FF0FF3445
:103880006FF0404594429D41CCE9022344DB06EBB6
:1038900080039C6994F8393013F0020F18BF012798
:1038A0000130C0B240457CDAC0EBC00C09EBCC0C57
:1038B000DCF82830002BF3D0DCE90045DCE90423F8
:1038C000DCF83010121943EB05035145CDE9002314
:1038D000CCE90023C5D1DBF844105145DBF8481092
:1038E00000F09E805145BCD1DCE90645CCE9044599
:1038F000B7E796F8402000236FF3000286F84020D7
:10390000F363B36305B0BDE8F08F00220023CCE978
:10391000002300224FF08043003243F14043CCE9C2
:103920000223DCF82C1006EB800301319C69CCF8F3
:103930002C10A37A9A070CD513F0010F227A636832
:103940000BBF01254FF4803105FA02F201FA02F2B1
:103950009A6194F83930E26A13F0010F0CBF012329
:103960004FF0FF331344E36294F839200628C2F382
:10397000400278D8736B00F01F01012505FA01F1B0
:103980000B4373632AB1DCF82C20DCF828309A4210
:1039900080D10021CCF82810238F6FF3492323878F
:1039A00078E7029D736B0AF10102F26323B1304B99
:1039B0001A6842F001021A60002FA3D1039AF7633C
:1039C000906903F0FFFE2B6806F13801986903F057
:1039D000AFFE002839D196F84030B76367F3000393
:1039E00086F84030234B4FF080525A6005B0BDE856
:1039F000F08F2B6806F13801986903F099FE0028D2
:103A000080D03046FFF7ACFE96F8403060F30003FC
:103A100086F8403096F84030D9073FF509AF71E796
:103A2000DBF84C4000220023A142CCE90423BFF480
:103A300059AF5145CCF830103FF456AFDCE908459A
:103A4000CDE90045CCE900450BE73046FFF788FE9D
:103A500096F8403060F3000386F84030C2E74746EE
:103A6000D6F83CA09EE704481BF0B7FFC802002030
:103A70000020004000ED00E038BD0208034A044B7E
:103A80006FF0010111611868FFF7C8BE0014004013
:103A90002803002010B490F84020C2F34304631CB4
:103AA00003F00F0300EB840463F3440280F840202A
:103AB000581EA1615DF8044B704700BF826808B5CD
:103AC00012B1C368984708BD1BF08AFF08B5034BC5
:103AD000186883680BB1FFF7F1FF08BD28030020C9
:103AE000014B0360704700BF78BD02080EB4002090
:103AF00003B07047014B0360704700BF78BD0208F8
:103B000010B5034B03600446FEF758FF204610BD76
:103B100078BD020810B5034B03600446FEF74EFF64
:103B2000204610BD78BD020808461FF0E2B800BF6D
:103B30000EB42DE9F04392B019AB02AE53F8049BDA
:103B4000019305464A463046402121F0C3FC471CFC
:103B50003F2F04460ADC2B6831465B6928469847AC
:103B6000204612B0BDE8F04303B0704738461BF062
:103B7000BBF839464A46019B804621F0ABFC2B68D6
:103B800041465B6928469847B045E9D0B8F1000F37
:103B9000E6D040461BF0D4F8E2E700BF0348044BF0
:103BA0000449054A03601BF0C6B800BF2C0300207F
:103BB00050BD0208F53A00088801002070B405687D
:103BC0002878F8B10024104E2146084480FB0623D3
:103BD000C118C317C3EBE111C1EB0121411A0C4419
:103BE00084FB0623E218E317C3EBE213C3EB0323C2
:103BF00015F8010FE31A89B29CB20028E5D141EA19
:103C0000042080B270BC70478180808070B40278DC
:103C10000AB30024114E21468D1885FB0623E918AE
:103C2000EB17C3EBE111C1EB0121691A0C4484FBD2
:103C30000623E218E317C3EBE213C3EB032310F8E8
:103C4000012FE31A89B29CB2002AE5D141EA04248B
:103C5000A0B270BC70471046FBE700BF8180808037
:103C60002DE9F04F0B6887B053F80C3C019000270A
:103C70008846078047808780002B63D04E4CBA4629
:103C8000012340464D4952461BF0C2FA4C4B049367
:103C9000431C05465DD0D8F8003053F80C2C9245F3
:103CA000CAEB050379D805AE5246304641461BF0B3
:103CB000C3FD04A831461BF054FA059BDFF80891B8
:103CC000A3F10C0048455DD1DDF810C09CF8003030
:103CD00043B34FF0000B5946604601EB030A8AFBE1
:103CE00004230AEB03014FEAEA73C3EBE111C1EBD2
:103CF0000121C1EB0A018B448BFB04230BEB030274
:103D00004FEAEB73C3EBE212C2EB022210F8013F61
:103D1000C2EB0B0289B21FFA82FB002BDDD141EA14
:103D20000B218BB2019AD3536A1CACF10C001CD04E
:103D3000484505F1010A33D1D8F8003053F80C3C5E
:103D40009A4502D307B0BDE8F08F0237062FF9D0AD
:103D500096E7D8F8003053F80C3C53451DD305AE18
:103D60005246304641462B46A1E74845EAD05CF82A
:103D7000043C5A1E002B4CF8042CE3DC31461BF0AB
:103D800005FBDFE753F8042C511E002A43F8041CFE
:103D90009ADC03A91BF0FAFA96E70A481BF01DFE0D
:103DA0005CF8043C5A1E002B4CF8042CC4DC314651
:103DB0001BF0ECFAC0E700BF8180808098BD02084C
:103DC000A005002048B8020894050020202804D04F
:103DD000B0F109035842584170470120704700BFB5
:103DE000F0B50F4E06600C6854F80C7C2744BC42BA
:103DF00083B0054601D10FE02E6814F8010B20F0C6
:103E000041FAC0B256F80C1C00900022284601234B
:103E10001BF03AFBA742EFD1284603B0F0BD00BF2C
:103E2000A005002070B584B00C4602AA1C490646C5
:103E300003A81BF045FD03990022204651F80C3CD5
:103E40001BF01BFA421C18BF00250FD001460122AF
:103E5000144B009520461BF055FD0399204651F860
:103E60000C3C00221BF009FA431CEFD10E4B039AC5
:103E700021683160A2F10C00A3F10C01884223609B
:103E800002D1304604B070BD52F8043C591E002BDC
:103E900042F8041CF5DC02A91BF078FAF1E700BF38
:103EA0009CBD0208C0DE0208A005002070B50C46CB
:103EB000012384B005462149204600221BF0A8F9C1
:103EC000431C06461ED00022334602A821461BF0A2
:103ED000B3FC236853F80C3C721C9A4220D821464C
:103EE00003A81BF0A9FC204603A91BF03AF9039B89
:103EF000134AA3F10C00904215D1029B2B60284677
:103F000004B070BD214603A81BF04DFC20460D49AE
:103F100000221BF0E7FA039B2B60284604B070BD1B
:103F200009481BF05AFD53F8042C511E002A43F88F
:103F3000041CE2DC01A91BF029FADEE7D8BE020866
:103F400094050020C0DE020848B8020830B50D46CE
:103F5000012383B004461149284600221BF058F97A
:103F6000431C0FD02B6853F80C1C421C4B1C8A427C
:103F7000C0EB03030ED8294620461BF05DFC20460B
:103F800003B030BD2046064901AA1BF099FC20462B
:103F900003B030BD03481BF020FD00BFD8BE0208AF
:103FA000C0DE020848B8020800207047BFF34F8FF8
:103FB000054A064BD16801F4E0610B43D360BFF3BF
:103FC0004F8F00BFFDE700BF00ED00E00400FA05E1
:103FD000F0B5A14D2B6885B00C46074603F13001C2
:103FE00002A81BF0E0FB236853F80C2C002A00F019
:103FF0009A8053F8042C002A03DB20461BF02CFA8D
:1040000023681A782F2A00F0CB80944D00220323D6
:10401000214603A81BF010FC03A891491BF046F9A8
:10402000039BA3F10C02AA42064640F0C780002E73
:1040300037D1236853F80C3C022B40F2CC804FF070
:10404000FF332146032203A81BF0F6FB204603A9F9
:104050001BF087F8039BA3F10C00A84240F0BE8040
:1040600080494FF0FF32012302A81BF0EBF802A9B0
:104070000346002203A81BF0DFFB02A803A91BF0E4
:1040800070F8039BA3F10C00A842BFD053F8042C96
:10409000511E002A43F8041CB8DC01A91BF076F974
:1040A000B4E700220223214603A81BF0C5FB03A8A6
:1040B0006D491BF0FBF8039BA3F10C02AA420646D4
:1040C00040F0BA80002E35D0029B53F8042C53F8F0
:1040D0000C1C002A01F1FF3603DB02A81BF0BCF91F
:1040E000029B9B5D2F2B02A960D003A81BF05BFBFA
:1040F0002F22012103A81BF01DFB03A821461BF062
:10410000B6FA5A4A03683B600260039BA3F10C00B5
:10411000A84240F08580029BA3F10C00A84269D11F
:10412000384605B0F0BD29684C4D303138461BF09B
:104130003AFBF0E7236853F80C3C012B4BD94FF0C6
:10414000FF332146022203A81BF076FB204603A979
:104150001BF007F8039BA3F10C00A84255D141497D
:104160004FF0FF32012302A81BF06CF802A90346AE
:10417000002203A81BF060FB02A803A91AF0F1FFBC
:10418000039BA3F10C00A8429ED053F8042C511EAF
:10419000002A43F8041C97DC01A91BF0F7F893E709
:1041A000324A3B60A2F10C052260B4E738461BF0AE
:1041B000FAFA384621461BF05AFAACE753F8041CC9
:1041C000481E002943F8040C3FF731AF104601A9FF
:1041D0001BF0DCF82BE726481BF0FFFB53F8042C00
:1041E000511E002A43F8041C3FF73AAF01A91BF007
:1041F000CDF835E753F8042C511E002A43F8041C6F
:104200008EDC03A91BF0C2F88AE753F8042C511E78
:10421000002A43F8041CA2DC01A91BF0B7F89EE7B2
:1042200053F8042C511E002A43F8041C3FF773AFC7
:1042300001A91BF0ABF86EE753F8041C481E0029D7
:1042400043F8040C3FF73EAF104601A91BF09EF85F
:10425000002E7FF439AF6DE7C802002094050020DE
:10426000BCBD0208C8BA0208C0BD0208A0050020F3
:1042700048B802082DE9F04191E81001444582B0A8
:104280000746164621D012B30834002301E09E42AF
:1042900017D914F8082CFA5454F8040C5D1C1BF0C0
:1042A00007FD731B07EB050ECDE90001094A19460E
:1042B00070461EF027FCA04500EB050304F108043E
:1042C000E5D1184602B0BDE8F0810020FAE71046BB
:1042D000F8E700BFC4BD020830B585B00D460446FE
:1042E00003AA17491BF0ECFA052D23680CDC3435C2
:1042F000EDB253F80C1C00952046002201231BF060
:10430000C3F8204605B030BD53F80C1C3923009388
:104310002046012300221BF0B7F82046094901225C
:104320001BF0CEF92B350368EDB253F80C1C009549
:10433000002201231BF0A8F8204605B030BD00BFC5
:10434000CCBD020898BD020870B5054618F0E0FC27
:10435000074E044602E03068FDF740FC18F0D8FC38
:10436000001BA8424FF003014FF00002F3D370BDD1
:10437000C80200204FF47A7303FB00F0FFF7E4BF9C
:10438000F8B542680368D31A9B1004460F4605D05F
:104390005A00934220D96FF0030600E0042630460D
:1043A0001AF0A4FC054694E809001B1A9B109A0019
:1043B0003968AF1818BF396043B9043708B1FEF740
:1043C000FDFA2E44A66084E8A000F8BD0146284608
:1043D0001EF0B3F82068F0E7B2F1804FDBD2DE00C8
:1043E000DDE700BFF8B542680368D31A9B100446A6
:1043F0000F4605D05A00934221D96FF0030600E022
:10440000042630461AF072FC054694E809001B1A8F
:104410009B109A003968AF1818BF45F8231043B9AC
:10442000043708B1FEF7CAFA2E44A66084E8A0005B
:10443000F8BD014628461EF080F82068F0E7B2F18A
:10444000804FDAD2DE00DCE72DE9F04742680368EE
:10445000C3EB02095FEAA90982B007460E4648D0BD
:104460004FEA4903994555D96FF0030948461AF0B8
:104470003DFC97E83000291B891000EB8103804642
:1044800000F1040A23B13368254A40F82130326034
:10449000AC4231D0231DC3EB050C4FEA9C0C04F158
:1044A00008061F4806EB8C06424622B153F8041C4E
:1044B000116043F8040C0433B34202F10402F4D156
:1044C00008EB8C0C174E0CF1080A54F8043BA3F1CE
:1044D0000C02B24212D1A542F7D1386808B1FEF7FA
:1044E0006DFA08EB0903BB6087E8000502B0BDE880
:1044F000F0874FF00409B9E72046EFE753F8041CB2
:10450000481E002943F8040CE5DC104601A91AF006
:104510003DFFE0E7B3F1804FA6D24FEAC909A5E716
:10452000A0050020940500202DE9F04FDFF80C8154
:10453000002385B082460F461646036043608360C1
:10454000A8F10C093B78B3424FD0002B4DD07B1C17
:1045500000E024B11D4613F8014BB442F9D1AF423B
:1045600054D0002F3CD0C7EB050B5846002101AAC0
:104570001AF0BCFEBBF1010F044600F10C0328D178
:104580003A7822734C452C4F44D1DAF80420DAF8FB
:10459000081003938A4233D01AB11360274BCDF829
:1045A0000C800432CAF80420A3F10C00B84238D1C0
:1045B0002B786F1C002BC5D1504605B0BDE8F08F9D
:1045C0002846294601AA1AF091FEAB46044600F19E
:1045D0000C03184639465A461DF0A6FF0346D1E79C
:1045E000002DEDD016481BF0F2F9DAF80420DAF8C5
:1045F0000810124B03938A423D46A3F10C07CBD11E
:10460000504603A9FFF720FF039BCDE70B4BA3F117
:104610000C07BAE70022C4F800B0A26003F80B2030
:10462000B3E753F8042C511E002A43F8041CBFDCE6
:1046300002A91AF0ABFEBBE794050020A0050020FC
:10464000D0BD0208F0B585B004462C2201A8FFF7C2
:104650006BFF019D029E0023B54223606360A3604F
:104660002BD055F8040B00211FF0EAF96368A2680B
:104670008DED000A93421BD01A1D0BB183ED000A89
:104680006260AE42EDD10198029E86420AD0114F7F
:10469000054655F8043BA3F10C00B8420FD1AE42D9
:1046A000F7D1019808B1FEF789F9204605B0F0BDB1
:1046B00020466946FFF764FEE3E72846F2E753F831
:1046C000042C511E002A43F8041CE8DC69461AF049
:1046D0005DFEE4E794050020F0B585B0044617467A
:1046E00001A82C22FFF720FF019D029E0023B54266
:1046F00023606360A3602AD0002155F8040B3A467A
:104700001FF03AFA6368A16800908B421AD0191D15
:1047100003B118606160AE42EED10198029E8642FC
:104720000AD0114F054655F8043BA3F10C00B842DE
:104730000FD1AE42F7D1019808B1FEF73FF92046FC
:1047400005B0F0BD20466946FFF74CFEE3E728467A
:10475000F2E753F8042C511E002A43F8041CE8DC4D
:1047600069461AF013FEE4E79405002002299ABF77
:1047700000EB810191ED000A9FED010A704700BF37
:104780000000C07F90ED015AD1ED007AD1ED025AC0
:1047900090ED027A91ED016AD0ED006A27EEC51A1C
:1047A00026EE470A66EEE50AA5EE250A88B0A6EED3
:1047B000261AE7EE270A08B0704700BF90ED010AFD
:1047C000D1ED015A90ED006AD1ED006A90ED027AC8
:1047D000D1ED027A20EE250AA6EE260AA7EE270AD8
:1047E000704700BF90ED010A90ED007AD0ED027A9B
:1047F00020EE000AA7EE070AA7EEA70A704700BF3F
:10480000D0ED010AD1ED016A90ED021A91ED027A24
:1048100090ED000AD1ED007A70EEE60A31EE471A0B
:1048200030EE670A88B008B0704700BFD0ED010ACB
:1048300090ED021AD0ED007A60EE200A20EE011A07
:1048400027EE800A88B008B0704700BF014819F011
:104850005BB900BF3003002008B50321FEF76EF9F5
:104860000248BDE8084019F04FB900BF30030020EE
:1048700008B5074B1B6893F8A830DB0703D505483C
:104880000021FCF7BDFB044819F046F900BE08BD45
:10489000C8020020AC0200203003002010B5034BFA
:1048A00003600446FEF734F9204610BD08BE020836
:1048B00010B5054B03600446FEF72AF92046FEF7C3
:1048C0007DF8204610BD00BF08BE020870B5054641
:1048D00082B0214C1646FEF72BF9204B20492B6065
:1048E0004FF4C0727F2384E80E00E360EEB91D4BE5
:1048F00001961A6C42F400621A641B6C03F40063A4
:10490000019320464FF40073019A236119F0E8F8EF
:10491000204619F0F9F8144A144B926814491164AE
:10492000284601221A6002B070BD00220D4B019290
:10493000196C226141F400621A641B6C03F4006379
:1049400001932046019B19F0CBF8204619F0DCF8C2
:10495000284602B070BD00BF3003002008BE020828
:10496000002C00400038024000ED00E000E100E0D3
:10497000714800082DE9F04F0446002583B0A57466
:104980006574E574FF2100F8015B10221DF0F0FD55
:104990001A4A0195D2F8449019491A4BDFF87480ED
:1049A000DFF874C0184F194E194849F48079C2F8DD
:1049B0004490526C02F480720192019A4A686FF03E
:1049C000784A42F4403B6FF0404940F20142C1F85E
:1049D00004B0C3F80CA0C3F81090C3F804809A6028
:1049E000DCF808204FF48023C2F8880020463B60A2
:1049F000A561346003B0BDE8F08F00BF003802400D
:104A0000002301400020014000E100E044030020B9
:104A1000754A00082001000400ED00E038B5144B91
:104A2000D96C1A689206044615D48369C07C23B1F8
:104A3000626901258540154215D10130637CC0B201
:104A40008342E07406D80A4B1968002221F0100155
:104A50001960E27438BD1968002221F03201196032
:104A6000C27400BE38BD89B29847E07CE5E700BF5C
:104A700000200140014B1868FFF7D0BF440300201D
:104A800081617047F8B542680368D31A9B100446E9
:104A90000F4605D05A00934226D96FF0030600E076
:104AA000042630461AF022F9054694E809001B1A3C
:104AB0009B109A003968AF1807D045F8231094E886
:104AC00009001B1A9B109A00AF1823B10146284613
:104AD0001DF033FD2068043708B1FDF76FFF2E4449
:104AE000A66084E8A000F8BDB2F1804FD5D2DE0008
:104AF000D7E700BF4FF0FF30704700BF704700BFDF
:104B0000014B0360704700BF40BE020810B5034B65
:104B100003600446FDF752FF204610BD40BE020868
:104B20008088431A58425841704700BF10B58368C7
:104B30000C4A0D4901600446A3F10C00904282B07A
:104B400004D10A4B2360204602B010BD53F8042C58
:104B5000511E002A43F8041CF3DC01A91AF016FCCC
:104B6000EFE700BF9405002068BE0208E0B7020826
:104B700010B583680D4A0E4901600446A3F10C008C
:104B8000904282B007D10B4B23602046FDF716FF01
:104B9000204602B010BD53F8042C511E002A43F8E1
:104BA000041CF0DC01A91AF0F1FBECE794050020ED
:104BB00068BE0208E0B7020870B584B000F10801D1
:104BC000044602A81AF0EFFD02A903A81AF0EBFDB3
:104BD00003A8FFF7E9F9039B134DA3F10C02AA42C6
:104BE00006460AD10EB101232373029BA3F10C00E8
:104BF000A8420ED1207B04B070BD53F8041C481E9F
:104C0000002943F8040CEDDC104601A91AF0BEFBA4
:104C1000E8E753F8042C511E002A43F8041CE9DC91
:104C200003A91AF0B3FBE5E79405002038B5044664
:104C3000084B0948A360206010460D46FEF7E6FFCA
:104C40002946A08004F108001AF0B9FD002323735F
:104C5000204638BDA005002068BE0208F0B5A3B00C
:104C600007460E46144601A81A4683211D461CF02D
:104C700043FF30B31EF03DF822AB184410F8853CDA
:104C80000A2B07D08CB928461CF0BAFE0A2801D09E
:104C90000130F8D101A81EF02CF801A902463046D7
:104CA0001AF020FC012023B0F0BD01A823211DF043
:104CB000EEFF0028E7D12146BA6803481DF00AFD3F
:104CC000E1E723B0F0BD00BF88BE020830B50B7B22
:104CD00083B00D46044673B90846FFF76DFF50B91F
:104CE00009481DF0ABFD2046084901AA1AF0E8FD6D
:104CF000204603B030BD05F1080120461AF053FDEF
:104D0000204603B030BD00BFA8BE0208C0DE0208C6
:104D10002DE9F043037B8BB0054688469146002B76
:104D200076D008A84146FEF79BFF07A82946FFF763
:104D3000CDFF07987D497E4E1CF0ECFF079B044693
:104D4000A3F10C00B04240F0E480A3899A062BD472
:104D5000784F05A9204604971CF064FE04A9284654
:104D600000222346FFF77AFF06A9002859D02046E3
:104D70001CF058FE2B6807A8D3F81CC004AA08AB87
:104D80002946E0470798034653F80C2DB34240F0FC
:104D90009880002A55D1049BA3F10C00B04240F04A
:104DA000A080A3899B06D4D520461CF011FD07A83E
:104DB0002946FFF78BFF07985F491CF0ABFF079B65
:104DC0000446A3F10C00B04240F0978021460A202F
:104DD0001CF0CEFF2146D8F800001DF027F823462E
:104DE0000922012155481DF0D7FA2146D9F80000C3
:104DF0001DF01CF823460121112251481DF0CCFA68
:104E000020461CF0E5FC012420460BB0BDE8F083F1
:104E1000FFF7D2FE0446002883D120460BB0BDE840
:104E2000F083049BA3F10C00B042BDD053F8042CD6
:104E3000511E002A43F8041CB6DC07A91AF0A6FA92
:104E4000B2E7D8F80020D9F8003052F80C0C0599D8
:104E500053F80C2C069B02445B1A0332043B93422A
:104E6000204612D21CF0B4FC0024049BA3F10C00D9
:104E7000B042C9D053F8042C511E002A43F8041C38
:104E8000C2DC07A91AF082FABEE700221DF0EEF894
:104E90002146D8F800001CF0C9FF214620201CF054
:104EA00067FF2146D9F800001CF0C0FF234601210E
:104EB000022224481DF070FA20461CF089FC0124CF
:104EC000D3E750F8041C01F1FF3E002940F804EC40
:104ED0003FF75FAF184603A901921AF057FA019AFB
:104EE00057E753F8042C511E002A43F8041C3FF7DF
:104EF00058AF07A91AF04AFA53E753F8042C511E89
:104F0000002A43F8041C3FF761AF06A91AF03EFAE5
:104F10005CE753F8042C511E002A43F8041C3FF7A9
:104F200014AF06A91AF032FA0FE700BFC8BE020894
:104F300094050020A005002094B60208D0BE020807
:104F4000DCBE0208CCBE02082DE9F0470C4684B056
:104F50009146434903AA05461AF0B2FC237B002B75
:104F600048D003A82146FFF7B1FE03983D493E4EC5
:104F70001CF0D0FE039B8046A3F10C00B04263D12D
:104F8000B8F80C309A062ED4DFF8E0A019E02768B4
:104F900003A8FF69B847284603A91AF0E2F8039965
:104FA000A1F10C00B0422ED12B6853F80C3CABB9E8
:104FB000029BA3F10C00B04230D1B8F80C309B0634
:104FC00011D402A9002243462046CDF808A0FFF7DD
:104FD00045FE02AA4B4621460028D8D1029BA3F1E8
:104FE0000C00B04225D140461CF0F2FB284604B02C
:104FF000BDE8F0872046FFF7DFFD0028B1D1284645
:1050000004B0BDE8F08751F8043C5A1E002B41F86B
:10501000042CC9DC01A91AF0B9F9C5E753F8042C2E
:10502000511E002A43F8041CC7DC03A91AF0AEF98C
:10503000C3E753F8042C511E002A43F8041CD2DCA9
:1050400003A91AF0A3F9CEE753F8042C511E002A45
:1050500043F8041C94DC02A91AF098F990E700BF09
:10506000C0DE020894EC020894050020A005002090
:10507000F8B50446084615460E461DF03AFE0A4BA2
:1050800023602B6853F80C1C0746394420461AF05D
:10509000CEFA31463A4620461AF012FB20462946FF
:1050A0001AF0E5FA2046F8BDA00500202DE9F04FE2
:1050B00089B093460546894607A8114605AA1AF005
:1050C000FFFB07A8FEF770FF079BDFF8F882A3F14C
:1050D0000C024245044640F0378114B909B0BDE8DE
:1050E000F08F5846B149DFF8E0A21CF013FE01260C
:1050F000074605E0049BA3F10C00404540F03181D8
:10510000BB899B0600F1038108AC324644F810AD20
:10511000284621463B460136FFF7A0FD002800F057
:10512000E7802B6821469B6928464A469847002815
:10513000E0D082894AF6E6139A42DBD107AA0168D9
:1051400005A81AF0BDFB4846FBF7CEFB05A907A84A
:105150001AF029FB07A8FEF727FF079BA3F10C0213
:105160004245044640F01581002C40F08480059BA8
:1051700053F8042C002A03DB05A81AF06DF9059BEF
:105180001B782F2B0ED007A8894905AAFFF770FFBF
:1051900005A807A919F0E5FF079BA3F10C004045FE
:1051A00040F03C8106AC594607AA20461AF088FB1D
:1051B0002F214FF0FF3220461AF014F82146034603
:1051C000002207A81AF038FB204607A919F0C9FFEA
:1051D000079BA3F10C00404540F0CF80214607A873
:1051E0001AF0E1FA05A907A81AF041FA07A8FEF794
:1051F000DBFE079BA3F10C024245844640F0288168
:10520000BCF1000F16D105AA07A86A49FFF730FFC5
:1052100007A8FEF7C9FE079BA3F10C02424504460E
:1052200040F0E38007A8002C7CD0624905AAFFF774
:105230001FFF07E0214607A81AF0B5FA07A805A93D
:105240001AF015FA05A807A919F08BFF079BA3F11F
:105250000C00404540F0D680069BA3F10C00404571
:1052600009D053F8042C511E002A43F8041C02DC18
:1052700007A91AF08BF805A907A81AF094FA07A84D
:10528000FEF792FE079BA3F10C024245044640F054
:10529000D280002C41D0059947481DF01BFA07A980
:1052A00038461CF0BFFB414905983A461CF0CEFE3B
:1052B00028464946059AFFF7F9FE3C4958463A46C2
:1052C0001CF0C4FE384607A91CF076FF059BA3F12D
:1052D0000C0040453FF40EAF53F8042C511E002A39
:1052E00043F8041C3FF706AF07A91AF04FF801E78F
:1052F000049BA3F10C00404509D053F8042C511E27
:10530000002A43F8041C02DC07A91AF03FF83846CB
:105310001CF05EFA09B0BDE8F08F059927481DF032
:10532000D9F9D3E705AA2649FFF7A2FE07A8FEF799
:105330003BFE079BA3F10C024245044646D1002CDC
:105340008AD007A81E4971E753F8041C481E00299B
:1053500043F8040C3FF7C1AE104606A91AF016F840
:10536000BBE653F8042C511E002A43F8041C3FF7F7
:10537000C7AE07A91AF00AF8C2E653F8042C511E6A
:10538000002A43F8041C3FF729AF03A919F0FEFFD8
:1053900024E753F8041C481E002943F8040C3FF787
:1053A000E3AE104606A919F0F1FFDDE694EC020821
:1053B000C8BA0208F0BE0208FCBE020818BF020804
:1053C000F4BE020894050020A005002053F8041C38
:1053D000481E002943F8040CB1DC104603A919F05B
:1053E000D5FF002C3FF438AFABE753F8041C481E40
:1053F000002943F8040C3FF715AF104603A919F034
:10540000C5FF0FE753F8042C511E002A43F8041C73
:105410003FF722AF03A919F0B9FF1DE753F8042C99
:10542000511E002A43F8041C06AC3FF7BCAE2146CF
:1054300019F0ACFFB7E653F8041C481E002943F8E6
:10544000040C3FF726AF104606A919F09FFF20E78E
:1054500053F8041C481E002943F8040C3FF7D0AE53
:10546000104603A9CDF804C019F090FFDDF804C080
:10547000BCF1000F3FF4C7AEDCE600BF30B5037BE4
:1054800083B004460D4683B101A82146FFF71EFCF8
:105490002046019A2946FFF709FE019B0B4AA3F11A
:1054A0000C00904207D103B030BDFFF785FB002808
:1054B000EAD103B030BD53F8042C511E002A43F842
:1054C000041CF0DC694619F061FFECE7940500204C
:1054D0008088431A58425841704700BF00207047E7
:1054E000014B0360704700BFE0B7020810B5034BE3
:1054F00003600446FDF762FA204610BDE0B70208DB
:105500002DE9F0410F46C5688168A94282B0064680
:105510002AD2A942DFF86C8023D20B780A2B01F142
:10552000010408BF012204D106E014F8013B0A2B54
:1055300001D0AC42F9D1621A6B4601A81AF0D5F934
:10554000336830469B6901A93A469847019BA3F10D
:105550000C0040450BD1F568AC4205D22146A9426A
:10556000DBD30C460022E7E702B0BDE8F08153F838
:10557000042C511E002A43F8041CECDC694619F087
:1055800005FFE8E7940500202DE9F0470F4684B0B9
:105590003649924603AA80461AF092F9B968FE6825
:1055A000B14248D2B142DFF8C89032D20B780A2B10
:1055B00001F1010408BF012204D106E014F8015BE7
:1055C0000A2D01D0B442F9D1621A03AB02A81AF035
:1055D0008CF93B6803A8DD693946534602AAA847FF
:1055E000404603A919F0BDFD039BA3F10C004845FB
:1055F00025D1D8F8003053F80C3C6BB9029BA3F1CD
:105600000C00484526D1FE68B44214D22146B1426E
:10561000CCD30C460022D8E7029BA3F10C004845EE
:1056200009D053F8042C511E002A43F8041C02DC54
:1056300003A919F0ABFE404604B0BDE8F08753F86B
:10564000042C511E002A43F8041CD2DC01A919F0D5
:105650009DFECEE753F8042C511E002A43F8041C8B
:10566000D1DC03A919F092FECDE700BFC0DE02082D
:105670009405002010B5064B036004460846FEF76B
:10568000C5FA044A044BA080A260E360204610BD26
:1056900050BF02081C7402084BB6020810B504463D
:1056A0004068054B236008B11CF092F80022034BC0
:1056B00062602360204610BD78BF020878BD0208F2
:1056C00010B504464068074B236008B11CF080F811
:1056D0000022054B626020462360FDF76FF92046EB
:1056E00010BD00BF78BF020878BD020870B54468DD
:1056F0000D4654B108461DF0FCFA2346024601212E
:105700002846BDE870401CF047BE204670BD00BF73
:105710000121FDF713BA00BF10B583680C4A0D498B
:1057200001600446A3F10C00904282B005D12046EE
:10573000FDF7EEF9204602B010BD53F8042C511EBF
:10574000002A43F8041CF2DC01A919F01FFEEEE761
:105750009405002038C4020810B583680E4A0F492A
:1057600001600446A3F10C00904282B008D12046AB
:10577000FDF7CEF92046FDF721F9204602B010BD15
:1057800053F8042C511E002A43F8041CEFDC01A935
:1057900019F0FCFDEBE700BF9405002038C40208B7
:1057A0002DE9F04F9DB051F8043B7C4C0E9305461B
:1057B0000FA819F0F8FF0FA90AA819F0F4FF216843
:1057C00091F8A8305E0618D498077ED5DFF8ECB1C2
:1057D00091F8A8300A9E43F0400381F8A830A6F162
:1057E0000C00584540F0CE800F9BA3F10C005845AB
:1057F00040F073861DB0BDE8F08F0A9E56F80C3C51
:10580000002B59D056F8043C002B03DB0AA819F0F2
:1058100023FE0A9E3778242F00F0B18038461CF012
:10582000FBFD8046002840F0AA80472F73D04D2F03
:1058300071D0542F6FD0532F6DD04E2F00F0248293
:105840003B2F00F09580282F00F092800A2F00F067
:105850008F800D2F00F08C800AA85149002204236C
:1058600019F0D6FCB8B1202F13D00E984D4903681B
:105870005B6998470A9BDFF844B1A3F10C005845D7
:10588000B2D053F8042C511E002A43F8041CABDCA0
:1058900080E00130E9D00621434A2B7D16A81DF097
:1058A00031F916A81DF025FA16AA034600210AA808
:1058B00019F050FE0A9EA5E70E983C490368DFF8F0
:1058C000FCB05B6998470A9E89E7343110A819F04B
:1058D0006AFF0E9D21682B68DFF8E0B09F6816AE66
:1058E0003431304619F05FFF28463149169AB847DF
:1058F000169BA3F10C00584540F040862068072114
:105900000022FCF76BF9109BA3F10C00584540F006
:10591000FB8621685CE76B684FF0000803F1010922
:1059200002230AA82349002219F072FC431C11D05B
:1059300003460AA9002216A819F07EFF0AA816A994
:1059400019F00FFC169BDFF874B0A3F10C0058455A
:1059500040F0E7866A680132B8F1000F01D1914545
:105960002ED00E98144903689B6898470A9B82E7DB
:105970000E980E4903685B6998470A9B7BE7DFF83E
:105980003CB02CE756F8043C5A1E002B46F8042C79
:105990003FF72AAF16A919F0F9FC25E7C802002045
:1059A0000CC4020814C4020824C4020800EC020853
:1059B00000C002085CC0020804C40208940500206C
:1059C0004E2F4FF00002DFF8B08208BFC5F80490F8
:1059D00007920A9B53F80C2C002A3FF44CAF02228A
:1059E00013460AA89A49DFF894A219F011FC461C44
:1059F0000746CDF82CA000F0458216AE3B460AA91A
:105A0000002230460DF12C0919F016FF48463146A8
:105A100019F0A7FB169BAAF10C0BA3F10C0058453B
:105A200040F0B2860A9B53F80C3C9F4200F2EC8592
:105A30004FF0FF333A460AA9304619F0FDFE0AA896
:105A4000314619F08EFB169BA3F10C00584540F02F
:105A5000CE856B7DD80704D52A690E9B9A4200F04B
:105A60004C84182019F042F9494601230E9A074642
:105A700006F010FA20683E7A90F8A830990729D5E8
:105A8000B207396804D540F2E733994200F04985FE
:105A9000704B53F8042F91421CD04345F9D190F834
:105AA000A8305B0740F136850E986B4903685B6947
:105AB00098472FB1384606F0E5F83846FCF77EFFE8
:105AC000DFF8BCB10B9BA3F10C00584540F0828578
:105AD0000A9E84E6730709D57B68352B00F0FA81AE
:105AE000012B00F0A982032B40F206823B7A980733
:105AF0006FD53B68752B00F0BF8300F23B811E2BF6
:105B000000F08C8300F2FA81022B00F0A2821C2BA1
:105B10005FD12FB1384606F0B5F83846FCF74EFF96
:105B20000B9B53F80C3C032B05F1080740F26C85E6
:105B3000494604224FF0FF3310A819F07DFE0021E2
:105B4000464ADFF840B1042310A819F003FD1CAE4B
:105B5000026846F8182D034631463846C3F800A0BF
:105B600019F0FFFA169BA3F10C00584540F0F98498
:105B7000109BA3F10C00584540F0E684A868384912
:105B80001CF0C8F8E860002800F08B840E986E7D49
:105B9000036834499B68AA6846F001066E75984709
:105BA0000E9B2B610B9BA3F10C0058453FF411AFEA
:105BB00053F8042C511E002A43F8041C3FF709AF88
:105BC00016A919F0E3FB04E740F2F512934200F046
:105BD000BC822068DFF8A8B03A460221FBF7FEFF3E
:105BE0003B7ADA0640F15A8123680E9893F8A83080
:105BF0005B07036848BF1C495B6958BF1B4998474E
:105C00003A690E9852F80C3C002B00F0B181036801
:105C100017499B6898473B69002153F80C2C07F102
:105C200010000B4619F0CCFB0E98124903685B6913
:105C30009847206807210022FBF7D0FF002FB1D042
:105C4000384606F01FF83846FCF7B8FEAAE700BF52
:105C500060C0020894BF0208ACC00208D8C00208A5
:105C6000E0C00208E4C0020888C3020890C302082A
:105C700064EC0208A4C30208CCBF0208A0050020FF
:105C8000940500209405002016AE43460AA90E9AFA
:105C9000304606F0FFF842463046394606F024F812
:105CA000BDEEC00A424630462A2110EE109A06F098
:105CB0001BF89DF86030BDEEC00A9A0710EE108AFE
:105CC00003D5169B6E2B00F0BE83AD490AA80022B7
:105CD000012319F09DFA411C00F04F8103460AA9E7
:105CE000002210A819F0A8FD0AA810A919F039FA85
:105CF000109BDFF8BCB2A3F10C00584540F0F784CC
:105D00000A9A13782A2B00F0448352F80C1C49B1EC
:105D10005018002101E0824204D0594012F8013F9E
:105D20002A2BF8D1C8EB010800220F230AA89549B5
:105D300019F0A3FA421C0A9B00F0D78253F80C3CDE
:105D4000984200F2618402464FF0FF330AA910A87E
:105D500019F072FD0AA810A919F003FA109BDFF8D8
:105D600050B2A3F10C00584540F0A884304605F02D
:105D700089FFD5E5B3F5FB7F00F0438240F21C813B
:105D8000B3F5FC7F00F0E181C0F0C881B3F57A7F04
:105D90007FF41FAF0B9B53F80C3C042B40F2348470
:105DA00016AE4FF0FF3349460522304619F044FD48
:105DB00030460AA919F05BFC03680C93C0F800A0F8
:105DC000169BDFF8F0B1A3F10C00584518D000F095
:105DD000CEBC0C9B53F80C3C002B00F015844FF00C
:105DE000FF330CA90122304619F026FD0CA83146DC
:105DF00019F0B7F9169BA3F10C00584540F0B78491
:105E00000C9B53F8042C002A03DB0CA819F024FB8C
:105E10000C9B1878FDF7DAFF0028DAD12FB138464D
:105E200005F030FF3846FCF7C9FD0C9B53F80C3CDD
:105E3000002B40F0D58254490DAA304619F040FDA0
:105E400052480E9A314612F07DFC169BA3F10C00CD
:105E5000584540F07F840E984D4903685B69984728
:105E60000C9BA3F10C0058453FF42CAE53F8042CC6
:105E7000511E002A43F8041C3FF724AE314619F0A6
:105E800085FA1FE60DF12C090AA9484619F097FC7E
:105E90000AA83D49002219F025FBDAE5079A002AF5
:105EA0007FF4CCAEDE0700F16E823A6952F80C3C0A
:105EB000002B40F05982236893F8A830D80600F1EF
:105EC0002681590700F123810E98314903685B69E7
:105ED0009847B3E60A9B53F80C3C002B40F0F8803F
:105EE0002B7D032B00F206837B60C26892F834108E
:105EF00041F0080182F834102B75F7E5702B00F0A3
:105F00007181732B7FF465AE0E9DDFF8A4B02B6812
:105F100016A89E68FAF754FA814616A8FAF754FABA
:105F20001C4A2168D2F800801B4C91F8A8E091F837
:105F3000A9701A4A1A4903461A48A4FB08C8002F38
:105F40000CBF07461746CEF3800E07244FEA984849
:105F50004A462846CDF80080CDF80CE0049701941D
:105F60000294B0470E98104903685B699847A9E509
:105F700003680E495B69984756E64FF00008D3E680
:105F800048C002084CC00208C0DE020898C20208DD
:105F900000EC0208D001002083DE1B43D0BF0208C2
:105FA0006CC10208D8BF020890C2020898C3020858
:105FB0009405002094050020B3F5FA7F7FF404AE29
:105FC00023680121986901F069FB72B6984E9949DE
:105FD000994816961BF09EFE9849179016A8FDF753
:105FE000A7FD1798169608B11BF0F2FB082018F0D1
:105FF0007DFE934B036006468F481CF05FFE022136
:1060000070603A462068FE60FBF7E8FDF86810B162
:1060100003685B6898472FB1384605F033FE384671
:10602000FCF7CCFC62B687490E980368824A9B68ED
:10603000DFF840B29847B5E5079A002A7FF45CAFD5
:106040000E98814903685B69984701227B68079233
:1060500049E54FF0010A16AE0CAA7C4985F814A058
:1060600030460DF1400919F02BFC534631464846A5
:10607000774ADFF800B205F00DFF169BA3F10C0084
:10608000584540F0E8820DF1340A206802214A4662
:10609000FBF7A4FD6F4909AA504619F011FC012332
:1060A000304651466A4A05F0F5FE0D9BA3F10C00FF
:1060B000584540F0C482022132462068FBF78EFD2D
:1060C000304605F0DFFD484605F0DCFD206883E53D
:1060D0002FB1384605F0D6FD3846FCF76FFC182086
:1060E00018F004FE012307460AA90E9A05F0D2FE15
:1060F0000AA85949002219F0F5F93B7A5E0740F1E8
:10610000F9817B68012B00F2F5812068EDE60A9B9E
:1061100053F80C3C002B7FF491ADD5E646484F492F
:106120001BF0F8FD002800F0C4811BF051FB0E9815
:106130004B490368404A9B6898473B7A2068DFF8E0
:1061400034B143F001033B7246E516AE4946304692
:1061500019F029FB0DF140090AA9304619F087FA18
:1061600048463146FDF7F2FE169BDFF808B1A3F171
:106170000C00584540F08982109B53F80C1C0029F4
:1061800040F0098148462C49132219F0ABF93B68CD
:10619000344A354840F2F514A34214BF044614466D
:1061A0004946304619F0FFFA204631460E9A12F061
:1061B000C9FA169BA3F10C00584540F0BF82109B12
:1061C000A3F10C00584540F086822FB1384605F007
:1061D00059FD3846FCF7F2FB0E981B4903685B69D2
:1061E00098476FE4206807210022FBF7F7FC23683B
:1061F0001E49586803685B699847002F7FF45AACC2
:106200005EE40D4818F024F82FB1384605F03AFD49
:106210003846FCF7D3FB0E98154906E7206890F83E
:10622000A83059073FF515AFDFF848B0D4E400BFF8
:1062300078BF0208E0C00208B8C20208CCC2020857
:10624000A0B60208E8C2020800EC020818C1020861
:106250002C0300201CC10208C0DE020894EC0208D6
:1062600050C30208E0BF0208F0BF020820C10208C4
:106270001CC30208940500200B9B53F80C3C032B15
:1062800040F2C28116AE4FF0FF3349460422304639
:1062900019F0D2FA30460AA919F0E9F90368109307
:1062A000C0F800A0169BDFF824B3A3F10C005845FA
:1062B00040F0DF8143F6122044F24041002210AB4F
:1062C000FCF70AFE2FB1384605F0DCFC3846FCF737
:1062D00075FB0E98B04903685B699847109BA3F162
:1062E0000C0058453FF4EEABC0E5002153F80C2CF0
:1062F0000AA80B4619F064F838E503234946002242
:1063000016A819F099FA16A8A449DFF8C4B218F033
:10631000CDFF169B0646A3F10C00584540F0838143
:10632000002E00F09F80EB68002B00F0CF809C498E
:106330000122484619F0C4F90B98EB6850F80C2C70
:1063400001211CF029F80B9B53F80C3C98420E9845
:1063500000F0A180036893499B689847E8681BF0A8
:1063600037FA0023EB601DE40E988F4903689B68A1
:1063700098473B69002153F80C2C07F110000B469D
:1063800019F01EF85AE40E98854903685B6998472E
:106390008BE50021C6E414313046CDF858A019F041
:1063A00046F914228149304619F08AF949463046A7
:1063B00019F05DF94846314618F0D3FE169BA3F15B
:1063C0000C0058453FF4E3AE53F8042C511E002A4C
:1063D00043F8041C3FF7DBAE0DA918F0D7FFD6E653
:1063E0000DA80CA9FDF7FCFC0DA910A8FDF75EFD9A
:1063F000109C0DA9304619F0D6F920460E9A314668
:1064000012F0A0F9169BA3F10C025A45044640F085
:106410004881002C53D0109BA3F10C00584540F04C
:10642000F6800D9BA3F10C0058453FF414AD53F8D2
:10643000042C511E002A43F8041C3FF70CAD3146D2
:1064400018F0A4FF07E50E9853490368C5F80490B7
:106450005B69DFF87CB19847304605F013FC0A9E73
:10646000FFF7BDB9E8681BF0B3F96B7DAA68EE6071
:1064700066F300036B7505F108003146334652F8A8
:106480000C2C18F09DFF0E982E61036848495B693B
:106490009847FFF787BB03683F495B699847FFF759
:1064A00081BB0E9843490368AA689B689847FFF729
:1064B00077BB0E98404903685B6998473DE60E98A4
:1064C0003E490368109A9B689847A4E70E983249A2
:1064D00003685B699847FFF765BB53F8042C511EAE
:1064E000002A43F8041C3FF785A916A918F04EFFAF
:1064F000FFF780B92FB1384605F0C4FB3846FCF7EA
:106500005DFA0E982E490368DFF8C4B05B699847BE
:10651000FFF7D8BA0E982B4903685B699847FFF7D5
:10652000C8BA07210122FBF759FB0E9826490368D8
:106530005B6998470E98184903685B699847002F74
:106540007FF4B8AAFFF7BCBA53F8042C511E002AF6
:1065500043F8041C3FF712AB314618F017FFFFF762
:106560000DBB53F8042C511E002A43F8041C3FF7BE
:10657000FFAA0DA918F00AFFFFF7FABA53F8042C86
:10658000511E002A43F8041C3FF7B8A90DA918F0C2
:10659000FDFEFFF7B3B900BF00EC0208C8C3020854
:1065A000F8E00208E4C30208C0C3020804C30208FA
:1065B000CCC30208FCC0020870C30208A0C20208D3
:1065C000C4C00208C0C0020864C0020894050020CC
:1065D0009405002053F8042C511E002A43F8041C93
:1065E0003FF776AA16A918F0D1FEFFF771BA53F853
:1065F000042C511E002A43F8041C3FF72AAA10A9B4
:1066000018F0C4FEFFF725BA664819F0E6F953F80A
:10661000042C511E002A43F8041C3FF702AF3146F8
:1066200018F0B4FEFDE653F8042C511E002A43F87E
:10663000041C3FF775AE10A918F0A8FE70E653F8D9
:10664000042C511E002A43F8041C3FF734AD0CA95A
:1066500018F09CFE2FE553F8042C511E002A43F835
:10666000041C0DF1340A3FF710AD514618F08EFEB0
:106670000BE553F8042C511E002A43F8041C3FF785
:1066800019AE0DA918F082FE14E653F8042C511E21
:10669000002A43F8041C3FF76FAD0DA918F076FEF1
:1066A0006AE553F8041C481E002943F8040C3FF720
:1066B000B0AE104609A918F069FEAAE653F8042CFA
:1066C000511E002A43F8041C3FF750AB0DA918F0E7
:1066D0005DFEFFF74BBB53F8042C511E002A43F814
:1066E000041C3FF772AD314618F050FE6DE553F8CB
:1066F000042C511E002A43F8041C3FF701AB0DA9DE
:1067000018F044FEFFF7FCBA53F8042C511E002A7F
:1067100043F8041C3FF7FDA8314618F037FEFFF799
:10672000F8B853F8042C511E002A43F8041C3FF714
:1067300011A910A918F02AFEFFF70CB953F8042C80
:10674000511E002A43F8041C3FF739AD0DA918F07B
:106750001DFE34E553F8042C511E002A43F8041C96
:106760003FF779AB10A918F011FEFFF774BB53F88F
:10677000042C511E002A43F8041C3FF741AB10A91A
:1067800018F004FEFFF73CBB53F8042C511E002AFE
:1067900043F8041C3FF746A910A918F0F7FDFFF7CE
:1067A00041B900BF48B8020810B50446FCF7C0F96B
:1067B000627D074B236000230648237563F30002C4
:1067C0004FF0FF31A060627523616160204610BD0B
:1067D00038C40208A005002000B50B4683B0496804
:1067E000024618686B4603C30B46D90708D55B10F1
:1067F0000099D0584158D018884703B05DF804FB81
:1068000002EB63000099884703B05DF804FB00BF0A
:1068100008B5806817F03AFB002008BDA0F104001D
:10682000FFF7F6BF10B5044A044B044680E80C009D
:10683000FCF76EF9204610BD70C4020878BD02084E
:10684000A0F10400FFF7EEBF10B5064A064B044660
:1068500080E80C00FCF75CF92046FCF7AFF8204616
:1068600010BD00BF70C4020878BD0208A0F104008A
:10687000EAE700BF2DE9F041074600F20F2684B099
:10688000806817F0FBFAD7F810C2C0F10100311888
:10689000614507F1100551D0644600220AE00A2B39
:1068A00000F087800134A64238BF2C468C4202F1AA
:1068B000010243D023780D2BF1D10A232370D7F89E
:1068C00010323D4901919D42039104D213F8011CFD
:1068D0000A2900D000BE9C4233D80DF1040807F508
:1068E00004721946D21A404618F0EAFE404629467C
:1068F000621B18F0E5FE414603A818F060FF2F4B1D
:1069000002AA186801213B1D02930134FBF766F9C6
:1069100097F81532A64238BF2C46C7F8104213B17B
:1069200097F81432A3B9039B254CA3F10C00A042A5
:1069300029D1019BA3F10C00A0422FD104B0BDE8E6
:10694000F0810DF104081946404618F0B9FED2E76F
:10695000B86817F093FAD7F81032C0F10102164464
:106960009E4223BF00F1FF30C5EB03031B18C6EBAB
:106970000303B3F5807FD6DD002387F81432F8686F
:10698000FAF730FBCFE753F8042C511E002A43F8E6
:10699000041CCEDC694618F0F9FCCAE753F8042C55
:1069A000511E002A43F8041CC8DC694618F0EEFCAE
:1069B000C4E7634685E700BFA0050020C8020020A9
:1069C000940500202DE9F04E82B004461D468A460B
:1069D0009146BDF928B0FCF7ABF81A4B236004F1DF
:1069E00010023C336360C4F810224FF4A27018F018
:1069F0007DF9002706462B4651464A46CDF800B0A1
:106A0000019717F005FAA66030460B9917F032FA95
:106A10006B1C08D184F815720023204684F81432C8
:106A200002B0BDE8F08E022018F060F92946064653
:106A3000FAF782FAE6603046FAF7D4FA012384F8CE
:106A40001532E9E770C4020810B50446806817F0F3
:106A500015FAD4F81032221A02F504729A420BD3B6
:106A600004F1100201389B1A0344B3F5807F02DC65
:106A700094F8153213B910BD9B1AF6E7E068FAF7DF
:106A8000A5FA012384F8143210BD00BFFFF7DCBF64
:106A9000FFF7DABFFFF7D8BF2DE9F84F8C688A46B9
:106AA0008046934601F10409BCB1176800E02C460A
:106AB0002669BE428BBFA568E56801230023002D2F
:106AC000F5D15BB9B742254616D80023C8F8004077
:106AD00088F804304046BDE8F88F4C46DAF80C5090
:106AE000A54209D0204618F0B4F9DBF80070066919
:106AF000B74225460446E8D955B3A94526D0DBF868
:106B000000602B699E422CBF00260126142018F03D
:106B1000EDF8044638B1002343608360C360DBF8BE
:106B200000200261037030462A464B46214618F089
:106B300092F9DAF81430C8F8004001330122CAF89B
:106B4000143088F804204046BDE8F88F0126DDE7C0
:106B50002C46BAE770B53C4A83688AB00446002ADE
:106B600060D0002847D000260492059604AA03CAE4
:106B7000364DC3F8F800C3F8FC10C3F8F440C3F86E
:106B8000F060C3F8085103F118000122022115F04A
:106B90000FFF2F4AA368002A51D0002606920796BD
:106BA00006AA03CAC3F81041C3F81401C3F81811A8
:106BB000C3F82451C3F80C6103F11800012203212A
:106BC00015F0F6FE234AA368AAB10026089209969A
:106BD00008AA03CAC3F82C41C3F83001C3F8341122
:106BE000C3F84051C3F8286103F1180004210122C1
:106BF00015F0DEFEA368184604F110014FF4007290
:106C000017F040F920460021FBF798FF124B1B6854
:106C100059680434043102A801AA0194FFF73CFF2B
:106C20000AB070BD0A4A1AB10028E4D0074DB4E793
:106C3000084A002ADFD00028DDD0044DC5E7054A08
:106C4000002AC2D1D7E700BF956A0008D9670008BB
:106C5000916A00088D6A0008C80200200B4B0C4A9C
:106C60001B689B6A10B5107018690A4C19F020F85F
:106C700002460B4619F070F802460B460020064902
:106C800019F094F9C4E9000110BD00BFC80200204A
:106C900050030020480300200000D04390F8582003
:106CA0006FF3820270B50346044680F85820002135
:106CB0001C3043F8041B83424FF00002F9D194F8D2
:106CC0005800B4F85A10656D2B4EE26100F0FE00DA
:106CD00062F3410084F8580094F85800626420F090
:106CE000200084F8580094F85800A26462F304105D
:106CF00084F8580094F858002265002320F04000E2
:106D000062F30B01E26484F85800A4F85A1023627D
:106D10006362A362E3622363A36323646663F5B1E2
:106D2000164D2D78D5B1616DC5EBC505002020311C
:106D3000ED000446002200233830A84241E9082330
:106D400041E9062341E9042341E90223C1E9002383
:106D50008C60CC600C6101F13801EDD170BD074D44
:106D60002B78C3EBC300C00017F0BEFF606500289E
:106D7000D7D100BED5E700BF0000C84250030020B5
:106D800010B50023044603654365FFF787FF2046DF
:106D900010BD00BF00B5D0ED0B7A90ED107AF4EE87
:106DA000477AF1EE10FA83B00CD090F858309B0778
:106DB00004D4B4EEC07AF1EE10FA08DCF0EE477AB3
:106DC00080ED0B7AB0EE670A03B05DF804FB90ED3E
:106DD0000D7AD0ED0A7AB1EE477A37EE077A67EE90
:106DE000C77AE0EE007AB1EEE70AB4EE400AF1EEBF
:106DF00010FA0BD1D0ED107AB4EEE70AF1EE10FAEA
:106E0000D8BFF0EE407AC0ED0B7ADBE7B0EE670A50
:106E1000019019F089FD0198ECE700BF00B590F8EA
:106E200058309A0683B029D490F858309B0704D57F
:106E300090ED090A03B05DF804FB90ED0D7A90ED3A
:106E40000A0AD0ED0B7AB1EE477A37EE077A20EED8
:106E5000470AA7EEA70AF1EEC07AF4EE677AF1EEE0
:106E600010FA10D190ED090AF4EEC07AF1EE10FAA2
:106E7000D8BFB0EE670A03B05DF804FB90ED0C0AD2
:106E800003B05DF804FB019019F04EFD0198F0EE9F
:106E9000407AE7E7D0ED097A90ED107AD0ED0B6AF1
:106EA000F4EEC07AF1EE10FA58BFF0EE407AF4EE4C
:106EB000C77AF1EE10FAD8BFB0EE677AB4EEE67A90
:106EC000F1EE10FA07D890F8583080ED0B7A6FF396
:106ED000000380F85830FFF7A1BF00BF000000009A
:106EE0002DE9F04F724B90ED077A2DED048BD3E92D
:106EF0000045F8EE477A89B08146B7EE009A10EE69
:106F0000100A10EE906A89EE279A18F0D1FE2246F8
:106F10002B4618F021FFCDE90601304618F0C8FED7
:106F20000B4602462946204618F016FF614B1B7897
:106F3000CDE90401002B00F0B080013B5E49D9F897
:106F40005420D1F800B0DFED5D9ADBB209EB830786
:106F500002F12008A9F1040A3D4642E09DED067BBE
:106F60008DED007BC8F8103032463B46DDE900016C
:106F700018F0F2FE41EC100B19F032FA51EC100B44
:106F800019F06CF932463B4648E90401DDE9040199
:106F900018F0E2FE41EC100B19F022FA51EC100B44
:106FA00019F05CF9D9ED0F7A68EEA78A404261EBDF
:106FB000410188EE888A48E9020128EE298A18EE04
:106FC000100A18F075FE41EC100B19F009FA51EC9B
:106FD000100B19F043F9C8E90001AA4508F1380877
:106FE0005BD05AF8043FC8F80830002BF5D007EE04
:106FF000903AF8EE678A002468EE898A18EE900AC3
:1070000018F056FEDBF8283006460F46D9F838004F
:1070100093ED048A18F04CFE32463B4618F09CFE75
:10702000CDE9020118EE100A18F042FE02460B46A6
:10703000DDE9020118F0BAFF0022214B18F08CFEA6
:1070400041EC100B19F0CCF951EC100B19F006F9CA
:10705000D9F84C20D9F84430C8F80C4048E9080168
:10706000541C0020002148E90601C8F81040002BFC
:107070007FF474AFD9F848300498009023B905998B
:1070800001F1004101916FE79FED077B9A4218BF24
:10709000C8F810308DED007B66E709B0BDEC048BBD
:1070A000BDE8F08FAFF3008000000000000000009A
:1070B0004803002050030020C80200200000805E2A
:1070C0000000D043AFF3008010B52DED0C8B90F88D
:1070D00058309B060446F0EE609A02D5BDEC0C8B4E
:1070E00010BD90ED099A90ED076AD0ED0D8AD0EDB4
:1070F0000A6AD0ED087A80EE89AA80EE099AB8EE85
:10710000467A27EE8AAA67EE288A27EE899AC8EE81
:10711000A68A6AEE0A7AB6EE000AE9EE097A27EE46
:10712000800AA7EE280AF1EEC07AF4EE677AF1EE53
:1071300010FA40F0938094ED088AF4EEC87AF1EEEC
:1071400010FA6ADC77EEC9CA7AEE67AAB1EE687AFD
:10715000C4ED0F7A8CEEA8BACAEE87AAB0EE678AA1
:1071600067DC9FED41DA414B1B689B6AD3ED048AD3
:107170002BEE280A19F0ECFABCEEC0CA2AEEA80AD7
:1071800019F0E6FA7BEE2AAAFCEEC0BA3AEE8D0AB6
:1071900020EE280A19F0DCFAF8EE4C7AB8EE6B7A99
:1071A000C7EEA87A94F8582042F0400284F858209C
:1071B000C7EE288ABCEEC00AF5EEC07AF1EE10FAEE
:1071C000F5EEC08A10EE103A1BEE900AC8BF8CEEA6
:1071D000A70AC0EB0301E364A1642046D8BF9FED7A
:1071E000220A84ED11CAF1EE10FAC8BF38EE4A8ABD
:1071F00084ED0E9AC8BFC8EE280AC4ED0C9AD8BF19
:10720000DFED190AFFF76CFEBDEC0C8B94F85830DB
:1072100023F0400384F8583010BD78EE49CA7AEE66
:1072200048AAF1EE687A8CEEA8BACAEEA7AA84ED55
:107230000F8AD4ED076A39EE086AB6EE007A27EEB7
:10724000466AF8EE667A7AEE086AE6EE0B7A27EE80
:10725000667AE7EE2A7A87EE88DA84E719F064FB2B
:10726000F0EE407A67E700BF00000000C80200208F
:10727000002282604260816802600261C1607047E2
:10728000002310B50169836043608268036004468F
:10729000C26019B1034B1868FBF7E0FA00232361C1
:1072A000204610BD18030020006820B1013188423B
:1072B0008CBF084600207047006808B109B1481E1D
:1072C00070470138704700BF426800695C2101FBCC
:1072D00002007047826800695C2101FB0200704770
:1072E00003695C2000FB0130704700BF036805E0C4
:1072F00081689A4228BF0022914207D14268013238
:10730000002BF5D181681A469142F7D0426823B12B
:1073100001329A4234BF134600234360704700BFD6
:10732000426883689A4203D0036882680BB983601D
:107330007047013293428CBF13460023F7E700BF2A
:107340000368426823B1013293428CBF1346002385
:107350008068C31A58425841704700BF426880682D
:10736000131A5842584170472DE9F8434268836820
:107370009A4204460F4602D00020BDE8F883C1B906
:1073800072B6426883689A4203D062B60020BDE8B4
:10739000F883002383600360436062B6016919B11A
:1073A0001E4B1868FBF75AFA002323610120BDE841
:1073B000F883DFF868905C21D9F8000001FB07F141
:1073C000FBF7E0F980460028D6D006467D1E304601
:1073D000013DFFF7D5FC6B1C06F15C06F7D1216976
:1073E00072B66268A3689A4206D062B6D9F8000005
:1073F0004146FBF733FABFE70023A360C4F81080CF
:107400002760636062B631B1D9F80000FBF726FA55
:107410000120BDE8F8830120BDE8F88318030020AF
:1074200038B503210446154DFBF788FB204607219C
:10743000FBF784FB2B68002258694EF29521134616
:10744000F9F7A6F82021F9F73DFDF9F7C1FC2B6803
:10745000BCEEC00A0022586984ED070A134644F2C4
:10746000E761F9F795F86421F9F72CFDF9F7B0FC1D
:10747000BCEEC00A84ED060A38BD00BFC802002079
:1074800010B5054B044640F8043BFFF7F9FE2046D3
:10749000FBF73EFB204610BDD0C4020810B5074BD9
:1074A000044640F8043BFFF7EBFE2046FBF730FBB9
:1074B0002046FBF783FA204610BD00BFD0C4020867
:1074C00010B50446FBF734FB20460D4B40F8043B57
:1074D000FFF7CEFE94F824306FF3000384F82430D5
:1074E00094F824306FF3410384F8243094F8243066
:1074F00000226FF38203226284F82430204610BDFC
:10750000D0C4020810B504460846FFF7A7FB201DAB
:10751000E169FFF729FF94F8243043F0010384F870
:10752000243010BD08B50430FFF718FFC8B10D4B6B
:107530001B68DA689368D1688B420FD01A6892F89A
:107540003900C0F3400058B9043305E053F8042B68
:1075500092F83920920704D49942F7D1012008BD4E
:10756000002008BDC802002070B5041D0646204654
:10757000144DFFF7E5FE68B1286890F8A8309A0727
:1075800018D403213246FAF729FB2046FFF7D8FE2C
:107590000028F1D12B680B4D93F8A8309B0709D434
:1075A0002046FFF7A3FE286808210122BDE87040AD
:1075B000FAF714BB2046FFF787FEBDE87040FFF7DF
:1075C0006DBB00BFC8020020F8B5224D2B68DA075A
:1075D00004460F4615D5204E251D2846FFF7BEFE52
:1075E00068BBDFB115F094FB94F8243030605B0782
:1075F00006D494F8243043F0020384F82430F8BD14
:10760000F8BD284617F086FB0028E4D015F080FB73
:10761000114E3060284617F08BFBDDE72846FFF758
:107620008FFE0028DED115F073FB3268A3694FF49A
:107630007A71801A01FB03F39842D3D2F8BD94F813
:1076400024306FF3410384F8243015F061FB30607F
:10765000F8BD00BF540300205803002010B590F877
:107660002430DB07044615D4E26823699A4206D029
:1076700004342046FFF772FE10B100BE10BD10BDED
:107680002046FFF727FEFFF709FB2046BDE8104024
:10769000FFF746BE0021FFF797FFE5E7F8B590F842
:1076A0002430154E6FF3000304460F4680F8243053
:1076B000051D07E02046FFF787FF306803212246BB
:1076C000FAF78CFA2846FFF749FE01210028F1D08D
:1076D0005FB1094D02E02868FAF780FA2046FFF70B
:1076E00021FF032122460028F5D094F8243043F0EE
:1076F000010384F82430F8BDC802002038B50446E0
:107700000D4601B138BD90F8243061F3410380F893
:10771000243090F8243043F0040380F82430FFF73D
:10772000BDFF94F8243065F3820384F8243038BD1B
:1077300090F8243070B5044658070E460DD52269DE
:10774000A3689A4209D0251D21692846FFF7ACFDA0
:1077500020612269A3689A42F6D1194B00221B6866
:10776000226293F8A830990708D42269A3689A4244
:1077700004D094F82450C5F3400515B900252846D7
:1077800070BD2169201DFFF7ABFD90F858305A06F7
:10779000F4D490F858305B0700D400BE90F858300D
:1077A000426A43F0200380F8583090F858306FF365
:1077B000000380F8583022623060284670BD00BF58
:1077C000C802002010B5044604302169FFF76CFDA3
:1077D000206110BD90F824306FF3410380F824300D
:1077E00090F8243010B543F00403044680F82430A8
:1077F0000021FFF753FF94F824306FF3820384F8DD
:10780000243010BD38B5194D2968002213460446AE
:10781000486941F29371F8F7BBFE9FED150AF9F73D
:107820005BFBF9F7D5FA2B6884ED070A00224BF6CB
:107830006D4158691346F8F7ABFE9FED0E0AF9F754
:107840004BFBF9F7C5FA2B6884ED080A002242F2D7
:10785000C35158691346F8F79BFE9FED070AF9F7E5
:107860003BFBF9F7B5FA84ED090A38BDC8020020E0
:10787000CDCC4C3D0000C07F0000000010B50021C1
:1078800004461C221AF074FE2046FFF7BBFF204678
:1078900010BD00BF2DE9F8432F4B1B689E69B468EB
:1078A000371D2DED028B81462146384699ED098A18
:1078B000FFF716FD05463846FFF750FD002849D171
:1078C000F3689C4217D095F85830DB0713D528464B
:1078D000B0EE480AFFF75EFA21463846B0EE408A1D
:1078E000FFF7EAFC044621463846FFF7F9FCF36847
:1078F000A3420546E7D12846FFF790FAB368A342B2
:10790000B0EE408A01D125E0454621463846FFF7D2
:10791000CBFC044621463846FFF7E2FCB0EE480AAD
:107920008046FFF7B7FA2846B0EE408AD8ED0B0A3A
:1079300095ED0B0AFFF7C8FBB368A342E4D1BDEC99
:10794000028B404698ED0B0AD9ED090ABDE8F843D1
:10795000FFF7BABBA846F2E7C80200202DE9F04FB6
:107960002DED048B87B09E4F9DF8504004943C68E9
:107970000293A4698146201D90460C46B0EE409AC1
:10798000B0EE608AF0EE418AF0EE619AFFF79CFC5F
:1079900090F858306FF3C303834680F85830B8F13D
:1079A000000F00F0CC814FF0000A0126CDF80CA0AA
:1079B000051FCDF814901CE00BF1500E0AF01F01CA
:1079C000DEF80000012303FA01F120EA0100CEF8FD
:1079D000000089EAE972A2EBE972BAF1020F45F8F8
:1079E000042F02D0002A18BF00260AF1010AC2455E
:1079F0002FD23A68B4EC010AD268926852F82A0091
:107A0000FBF744FD81460028D6D0754814ED010AE5
:107A10000168C9688868494650F82A00FBF730FDBC
:107A2000BAF1060F05D89BF8581041F008018BF801
:107A30005810B9F1000F0AF01F0180F28F81DBF8B6
:107A40005000012303FA01F10843CBF850000393DF
:107A5000BFE7DDF81490DBF80830039C002B08BF6B
:107A60000026002C00F062819FED5E0A29EE800A5C
:107A700018F0F0FEBCEEC00ABBF85A209BF8583054
:107A8000049C10EE100A60F30B0264F30413ABF8CD
:107A90005A20D9ED079A8BF85830002E40F0968086
:107AA000CBED0D8A5B460BF11C00DBF8002003E0F8
:107AB00019688A4238BF0A4604339842F8D1B5EEB5
:107AC000C08AF1EE10FACBF81C208BED0A8A4FF039
:107AD000000340F3268107EE102AF8EE477A8BED7B
:107AE000099A27EE899A89EE088A8BED088A029B0B
:107AF00099ED098A002B00F011813B68384C986998
:107B00000430FFF72BFC002872D0D9ED097AF1EE92
:107B1000688A78EEA88A9BED0A0A8BED108A20EE1F
:107B2000680AA7EEA70AF1EEC07AF4EE677AF1EEE2
:107B300010FA40F00E819BED097A9BF85830B4EEB4
:107B4000E78AF1EE10FAB4EEE77AC8BFB0EE678AC2
:107B5000F1EE10FA94BF43F002036FF341038BF888
:107B600058309BF858308BED0B8A43F001038BF8AB
:107B70005830029B002B00F0E680029C1A68A16836
:107B80005B68E068C9F80C00C9F80020C9F8043047
:107B9000C9F8081022696369A169C9F81810C9F801
:107BA0001020C9F814304846FFF774FE9BF858308F
:107BB0003A6843F0040390698BF85830FFF7D4FC1F
:107BC000012007B0BDEC048BBDE8F08FD9ED087A39
:107BD000F4EE677AF1EE10FA78BFF0EE679A5FE79D
:107BE000C80200200000004572F97F3F72F97FBF94
:107BF00023689C69A16804342046FFF75DFB0146B9
:107C00002046FFF76DFBF5EEC09AF1EE10FA7FF714
:107C10007CAF90F858209BF85830C2F3C002C3F3F1
:107C2000C0039A427FF471AF90ED096AB5EEC06A65
:107C3000F1EE10FA7FF769AF029CD9ED017AD4ED2D
:107C4000014A99ED005AD4ED005AD9ED026A94ED3B
:107C5000027A64EEE77AB8F1030FE5EE657AE6EEB4
:107C6000C77A0DDD09F10C0104F10C020323F1ECDC
:107C7000016AB2EC017A01334345E6EEC77AF6DBDE
:107C80001FED277AF4EEC77AF1EE10FA3FF63DAF1A
:107C90009BED098A1FED2B7AB4EEC86AF1EE10FA5B
:107CA000F4EEC77AD8BFB0EE468AF1EE10FAFFF6CE
:107CB0002CAFB7EE007A77EE677AB6EE007A27EE51
:107CC000870AF1EEC07AF4EE677AF1EE10FA4FD13E
:107CD000DBED0D6A90ED0D7AF4EEC76AF1EE10FA65
:107CE00048BFB0EE667A29EE870AB7EE007A20EE3A
:107CF000270A77EE677A80EE270AB1EEC07AB4EEF3
:107D0000477AF1EE10FA2ED1B4EE487AF1EE10FA7D
:107D1000D9ED097A48BFB0EE478AF8E6F0EE487A26
:107D2000F5E6CBF82430CBF82030E0E65846FEF7F5
:107D3000B5FF012007B0BDEC048BBDE8F08F012634
:107D4000CDF80C8087E6029948461C221AF010FCF8
:107D500029E718F0E9FDF0EE407AECE601230BF19B
:107D6000500E03932CE618F0DFFDB0EE407ACBE71F
:107D7000019018F0D9FD0198F0EE407AA8E700BF15
:107D8000014B0360704700BF08C502080020704720
:107D90000020704710B5034B03600446FAF70EFE4F
:107DA000204610BD08C502082DE9F0470446D0F86A
:107DB000F800D4F8E830984227D0D4F8FC30D4F852
:107DC0000421984223D0A0F10C0310F80C8C10F879
:107DD0000B7C10F80A6C10F8095C50F808AC50F8ED
:107DE000049CC4F8F83094F8343084F8A48065F327
:107DF000410366F3820367F30003C4F84491C4F8B7
:107E000040A184F83430BDE8F087BDE8F08752F82F
:107E1000043C93F8EC8193F8ED7193F8EE6193F8DC
:107E2000EF51D3F8F0A1D3F8F491FAF7C7FDD4F8E5
:107E300004311A1FC4F8042153F8043CC4F8FC3080
:107E400003F5FC7203F5F673C4F80021C4F8F830AA
:107E5000C9E700BF8368406830B51D685C689B68EF
:107E600095ED0B6A94ED0B7AD3ED0B7AD4ED085AAD
:107E7000D3ED086A95ED085A0468B8EEC66AB8EE04
:107E8000C77AF8EEE77A86EE056A89B000230A46DB
:107E9000049305930693079301A9E36887EE257A77
:107EA000C7EEA67A8DED016A8DED027ACDED037AEB
:107EB000984709B030BD00BF30B491F8A44092EDAE
:107EC000022AD2ED012A92ED003AD1ED2A3A91ED43
:107ED0002B4AD1ED2C4A91ED335AD1ED325A91ED26
:107EE000316A01F1380504EB440405EB8403D3ED5A
:107EF000026AD3ED017A93ED007A72EE666A72EE51
:107F0000E77A33EE477A76EEA36A77EE847A37EE35
:107F1000247A76EEC56A77EEE57A37EE467AC0EDDA
:107F2000026A80ED007AC0ED017A30BC704700BF74
:107F30002DE9F0432DED028B90F89C2185B006468B
:107F4000002A3DD0DFF88880002402E00134A242FC
:107F500036D9B36853F8245095F839301B07F5D457
:107F6000D8F80070D5ED087A95ED098A97ED0E7A6C
:107F700027EE888AB8EE470AB4EEC08AF1EE10FA0E
:107F8000E4DD80EE270A18F0E3FB18EE100A85ED19
:107F9000090A10EE109A17F08BFE7D682F68CDE964
:107FA0000001484617F084FECDE902012246BB6875
:107FB00006492846984796F89C210134A242C8D821
:107FC00005B0BDEC028BBDE8F08300BF68C50208B8
:107FD000C802002090F89C11032910DD826803205C
:107FE000083202E00130814209DD52F8043F93F883
:107FF000393013F0080FF5D05B07F3D57047002038
:10800000704700BF054B1B689B681B7D013B022B23
:108010008CBF90ED500A90ED510A7047C8020020C5
:1080200010B5022982B00C4602D9002002B010BD62
:108030004FF44C4044F68A5100220DF10303FAF745
:1080400021FF0028F1D09DF80320002AEDD14FF444
:108050004C4048F2150101ABFAF714FF0028E5D0B7
:1080600002AB1C4414F8040CE0E700BF10B58468B0
:1080700014B1C368984710BD17F0B2FC2DE9F04F5A
:108080002DED028B9FB088460792994683460029C2
:1080900000F09080042900F0FE80052900F0C480E3
:1080A00008A9FFF7D7FEDBF81C302BB108A90BF1AC
:1080B00014000122FFF7DAFFB8F1010F00F0098187
:1080C000B8F1020F00F02F81B8F1030F00F05F81CB
:1080D00000220DF1380A0798514617F0F1FA9BF883
:1080E0009C21032A25DDA8F10206F6B20BF58A775A
:1080F0000C254124B9F1000F06D0DBF808305B599C
:1081000093F839301B070AD4B8F1000F39D0B8F111
:10811000040F3DD0B8F1010F3CD0012E0ED9A4F1CF
:108120003D03934207F1040705F1040504F101043E
:10813000E0DB1FB0BDEC028BBDE8F08FDBF8083050
:108140005B5993ED0B7AD3ED087AB8EEC77AC7EE98
:10815000277A17EE900A17F0ABFDA64ACDE9000189
:108160002346504640211AF0CDFC402888BF4020CD
:1081700057D902465146079817F0A2FA9BF89C215E
:10818000CDE797ED007A57ED187A77EE277AE0E79A
:108190003868E0E7DBF8083057ED187A5B5993ED63
:1081A0000B7AD3ED086AB8EEC77A87EE267A77EEB7
:1081B000277ACEE7D0F81021D0F80831D0F80C415A
:1081C0000E920DF1380A594652460BA810930F949F
:1081D000FFF772FE9BF83430DDED0D7AD90741D4FC
:1081E00017EE900A17F064FD04460C980D4617F040
:1081F0005FFD9DED0B8A06460F4618EE100ACDE98D
:108200000045CDE9026717F053FD7B4ACDE9040133
:10821000504640211AF076FC402834BF02464022E6
:1082200059E70028AAD0A4E7D0F8240117F040FDB0
:10823000CDE90001DBF8280117F03AFDCDE9020194
:10824000DBF82C0117F034FD0DF1380ACDE90401FB
:108250006A4A504640211AF055FC402834BF024675
:10826000402238E79FED668AC7EE887A17EE900ABB
:1082700017F01EFDDDED0C7AC7EE887A04460D4638
:1082800017EE900A17F014FDDDED0B7A06460F4647
:1082900087EE888AB1E7D0F8080117F009FDCDE92B
:1082A0000001DBF80C0117F003FDCDE90201DBF85A
:1082B000100117F0FDFC0DF1380ACDE90401514A17
:1082C000504640211AF01EFC402834BF024640228E
:1082D00001E70A99089B099C0E910DF1380A524654
:1082E0000BA8594610930F94FFF7E6FD9BF8343026
:1082F0009DED0D7ADA0731D417EE100A17F0D8FC8D
:1083000004460C980D4617F0D3FCDDED0B7A0246BF
:108310000B4617EE900ACDE90223CDE9004517F090
:10832000C7FC394A72E7089817F0C2FCCDE9000192
:10833000099817F0BDFCCDE902010A9817F0B8FCC6
:108340000DF1380ACDE90401304A504640211AF0B7
:10835000D9FB402834BF02464022BCE69FED288A64
:1083600087EE087A17EE100A17F0A2FCDDED0C7A02
:10837000C7EE887A04460D4617EE900A17F098FC6F
:10838000DDED0B7A02460B46C7EE887AC1E7DBF8D3
:10839000083093E8240092ED0B7AD2ED087A9C68BD
:1083A000EF6AE66AB8EEC77A0DF1380AC7EE277AA7
:1083B00017EE900A17F07CFCCDE9000107EE907AE9
:1083C000B8EEE77AD5ED087AC7EE277A17EE900A6D
:1083D00017F06EFCCDE9020107EE906AB8EEE77A7D
:1083E000D4ED087AC7EE277A17EE900A17F060FCF2
:1083F000074A0BE744C60208E8C50208E4C50208BC
:108400003333CB41CCC50208FCC5020814C60208B0
:108410002CC6020830B5C36980ED420A89B0054612
:1084200080ED490AC0ED430AC0ED4A0A80ED441AC6
:1084300080ED4B1A2BB1143005F584710122FFF742
:1084400015FE6868036801AA9B6805F59271984754
:108450000024AB6801AA2244185992ED000A0434A2
:10846000FBF700F80C2CF4D109B030BD90ED490AAF
:10847000D0ED4A0A90ED4B1AFFF7CCBF00EB81021A
:108480000229034682ED490A0BDD90F89C018142E6
:1084900000DB704782ED420A9B6853F82100FAF72F
:1084A000E1BFFFF7E3BF00BF826808B512B1C36840
:1084B000984708BD17F094FA2DE9F0432DED028B93
:1084C00090F89C2189B00446002A7BD0856801AED3
:1084D000043D06EB8202334655F8040FD0ED0B7ACB
:1084E00090ED087AF8EEE77AC7EE877AE3EC017A46
:1084F0009342F1D16068036804F592753146DB68F8
:108500002A46984704F584712A686B68A868EF6862
:10851000C4F808214B608860CF606B692A69A8693C
:1085200088610A614B61E36923B104F114000122FF
:10853000FFF79CFD6068036829469B6832469847B0
:108540000025A3687219585992ED000A0435FAF70C
:1085500089FF0C2DF5D194F89C31032B2ADD04AF53
:1085600004F59876032504F12408A368B7EC018A82
:1085700053F8253093F83920120740464FEA850911
:108580001DD5E26ADAB1FFF78FFF88EE008AA36893
:1085900053F8093057ED017AA6EC018A184606ED2A
:1085A000088AB0EE670AFAF75DFF94F89C3101354E
:1085B000AB42DADC09B0BDEC028BBDE8F083F0EE33
:1085C000487AE9E701AE95E770B506460D46002406
:1085D000B5EC010AB4EE400AF1EE10FA03D6B36826
:1085E0001859FAF73FFF04340C2CF1D13046BDE89E
:1085F0007040FFF761BF00BF2DE9F04F2DED048BF8
:1086000093B002AF90F89C2193000A3303F4FF6308
:10861000ADEB030D0DF1080AADEB030D04460DF1B2
:10862000080892004046F0EE408A19F07DFFE369A9
:108630002BB104F1140041460022FFF717FD94F816
:1086400035305D072DD504F5C876C1460025204696
:10865000E9B2FFF7E5FCE8B156ED037AF4EE677A8C
:10866000F1EE10FA07D699ED007AF4EEC77AF1EE42
:1086700010FA00F34881D6ED007AF4EE677AF1EE55
:1086800010FA07D699ED007AF4EEC77AF1EE10FAF7
:1086900000F139810135032D06F1040609F10409C1
:1086A000D5D194F89C51002D00F01C8104F59273F3
:1086B0007B609FEDBB0A78680023AD001E464146F3
:1086C0005246B1EC017AF0EC017A77EE677A043326
:1086D000F5EE407AF1EE10FA1CBFA7EEA70A0126CC
:1086E000AB42E2EC017AECD1002E00F0FB80B1EE5F
:1086F000C09AB4EE499AF1EE10FA40F04C81DFEDE9
:10870000A97AB4EEE79AF1EE10FA00F1EB800023BB
:10871000E218D2ED5D7AF5EEC07AF1EE10FA0AEBCE
:10872000030103F1040310DD91ED007A87EE097A6D
:1087300027EE287AB0EEC77AF4EEC77AF1EE10FA97
:1087400044BFC7EE877A68EEA78A082BE0D1D4ED44
:10875000607AF5EEC07AF1EE10FA06DDF4EE687A92
:10876000F1EE10FA48BFF0EE678A94F834309A06BA
:1087700040F1E880D8F80420D8F80010D8F8083084
:10878000BA6294F89C217962FB62032A25D907F129
:1087900030060C254FF0030B04F1240908EB05000B
:1087A000A36800685B59306093F839301B0748466E
:1087B0000BD5E36A4BB1FFF777FED6ED007A94F85C
:1087C0009C2127EE800A86ED000A0BF1010B5A4529
:1087D00005F1040506F10406E0D89FED717A42B177
:1087E00051460023F1EC017A01339342A7EEA77AB8
:1087F000F8D3B1EEC70AB4EE400AF1EE10FA40F039
:10880000C380002A00F0A880920007F10803D11865
:10881000FAEC017AC7EE807AE3EC017A8B42F7D169
:10882000A06894ED578A07F1240304381A4450F8DD
:10883000041FB3EC017AD1ED0D7A77EE677AF0EE92
:10884000E77AF5EE407AF1EE10FA20D091F839503F
:108850006D071CD5C9EE277AD1ED096A91ED0A7A28
:1088600067EEA66AF4EE668AF1EE10FAB4EE477A85
:10887000C8BFF0EE668AF1EE10FA08D667EE877A86
:10888000F4EE487AF1EE10FA48BFB0EE678A9342F0
:10889000CDD1454E336806E0F9F7A0F9336893F877
:1088A000A82092071ED493F8A8502D0718464FF021
:1088B00003012246F0D494F83510186994F89C21ED
:1088C000D4ED581AC1F340030093B0EE680AF0EEFD
:1088D000490AB0EE481A07F1240107F10803FFF72F
:1088E0003DF838B9002420464437BD46BDEC048B22
:1088F000BDE8F08F94F89C2178689200414619F009
:1089000013FE0124EFE794F83540C4F3C00434B3F8
:10891000254E3368586893F8A820036854074CBF65
:10892000224923495B69984733682249586803689C
:1089300005F158029B689847306807210022F9F733
:108940004DF9CFE76068036807F124029B68414650
:10895000984794F89C2118E794ED578A99E7124EAE
:108960003368586893F8A820036851074CBF0F4933
:108970000F495B69984733680F495868036805F1E8
:1089800058029B689847AEE7B0EE470A17F0CCFF55
:1089900094F89C2135E717F0C7FFB0EE409AAEE699
:1089A00000000000ACC52737C802002088C30208B9
:1089B00090C302084CC602088CC602082DE9F04795
:1089C000274B2DED028B1B6893F8A840C4F340049D
:1089D00000AF06460D46B0EE408A914664BBB5EE48
:1089E000C00AF1EE10FA27D990F89C2193000A33BF
:1089F00003F4FF63ADEB030D00F584789200684645
:108A00004146EA4619F090FDB9F1000F0DD04FEA4A
:108A100089026B4693ED007AF5EC017A043477EE27
:108A2000277A9442E3EC017AF4D1B0EE480A30465A
:108A30005146FFF7E1FD28B90020BD46BDEC028B91
:108A4000BDE8F08796F89C2140469200514619F007
:108A50006BFD0120BD46BDEC028BBDE8F08700BF79
:108A6000C80200202DE9F04F2DED0C8B85B0D0ED24
:108A7000519AD0ED567AC9EEA79A00AF044697F8FE
:108A80006860BA6008469846B0EE40DAF5EEC09AE3
:108A9000F1EE10FA40F25E8194F83520D7F808A084
:108AA00094F83610C2F30115A800920908EB000CE7
:108AB00004EB85055044930001F00301D0ED007AEA
:108AC00095ED59AADCED00AA08EB03090AEB810E2B
:108AD00004EB810199ED00BADEED00CAD1ED596ACF
:108AE000B4EE67AA04EB82025344F1EE10FAB1EE41
:108AF0006A8AF1EE4B8A93ED007AD2ED59BA7CEE98
:108B0000E6CA40F0F880F4EE47BAF1EE10FA40F011
:108B1000F2809FEDBE9ADFEDBE7A002E18BFB0EE58
:108B2000679A29EE0D0AF0EEEC0A16F00BF9DFED6C
:108B3000B97AB4EEE70AF1EE10FAF0EE40DA00F19D
:108B40000281D4ED547A94ED537AF5EEC07AF1EEC9
:108B500010FAB0EE47CA07DD3DEE0DDAF4EECD7A3D
:108B6000F1EE10FA00F13581DFEDAB7AB4EE67CAB1
:108B7000F1EE10FAB6EE00DA48BFB0EE4DCA8DEE57
:108B80008C0A17F0E5FDBCEEC00A10EE109A1FFA31
:108B900089F94B46012BC7F80C9040F2188107EE7B
:108BA000109AF8EEC77A94F89C21C7F804D089EEA1
:108BB000279A93000A3303F4FF63ADEB030D920091
:108BC00004F5847168464FF00009DFF858A2EB46BF
:108BD0004E460125CCEEA7CA19F0A6FC94F8362023
:108BE00002F0030204EB82010DEB8202D1F80811BE
:108BF00011602DEE49DAB7EE00CAADEE09CA3FE0CA
:108C000068EE8C7A29EE687AE8EE097A94F83520D5
:108C1000A8EE0C7AC2F301125FFA8CF99200F0EE22
:108C2000678AB0EE478A3AEE2A7A5A4437EE087AD3
:108C30007BEE8B7A82ED007A94F8352077EEA87A75
:108C400092090BEB8202C2ED007A94F8362002F012
:108C500003020BEB8202D2ED007A77EEAC7A20466B
:108C6000C2ED007A5946B0EE690AFFF7C5FC01353E
:108C7000FB68AAB2002E08BF06469A4280F08B809D
:108C8000DAF8002092F8A820C2F340024FFA89F1E6
:108C900009F1010C002A40F09180D4F87001814262
:108CA000AEDB07EE105AB8EEC78A914628EE098A65
:108CB000B0EE480A17F008FDB0EE40DAB0EE480A10
:108CC00017F0F2FD94F83510C1F3011289099200F2
:108CD00008EB8101D1ED008A08EB0200D0ED007AAB
:108CE00028EE808A68EECD8AF1EE677AA7EE8D8A4B
:108CF000E0EE278A97E777EECA7A37EE6B7A77EE5F
:108D0000EA7A37EE4B7A27EEE80A68EE870AA8EE91
:108D1000070AE8EE270A17F005FE94F8363003F04C
:108D20000303012B08BF86F00106B0EE409AB5EEB2
:108D3000C00A46B3F1EE10FA7FF7F3AEDFED337AF7
:108D400030EE679AEDE600201437BD46BDEC0C8B83
:108D5000BDE8F08F0B7A314A3149F5EE409AF1EED9
:108D600010FA43F0100308BF1146037214BF0D221E
:108D70001322103016F0B6FB00201437BD46BDECB0
:108D80000C8BBDE8F08FF1EE10FA44BFDFED1F7AD7
:108D900030EE279AC5E6D7F804A0D546B968204634
:108DA000B0EE690AFFF728FC00280CBF304601200E
:108DB0001437BD46BDEC0C8BBDE8F08F7B680020FE
:108DC0009D461437BD46BDEC0C8BBDE8F08F0026E8
:108DD000E4E73DEE67DA67EE8D7AB1EEE70AB4EECE
:108DE000400AF1EE10FA09D170EE006AF4EE476A1B
:108DF000F1EE10FAC8BFB0EE66CAB5E6B0EE670A8B
:108E000017F092FD94ED537AEEE700BFDB0FC940F7
:108E1000DB0FC9C0BD37863517B7D138C0C60208C9
:108E2000D4C60208C80200202DE9F041144690F88B
:108E300035209DF818800546C2F30110920904EB15
:108E4000800004EB820290ED000AD2ED000A1E467B
:108E50000F4615F077FFB8F10302534253410693D2
:108E60002846394632462346BDE8F041FFF7FABDB1
:108E70002DE9F04F2DED048BB5EEC00A87B0F1EE71
:108E800010FAB0EE408A00AF04460D469246B0EEAE
:108E9000609A40F2D48092ED015AD0ED437AD2ED3F
:108EA000005AD0ED426A92ED026A90ED447A75EE76
:108EB000677A75EEE66A27EEA70A36EE477AA6EEDF
:108EC000A60AA7EE070AF1EEC08AF4EE688AF1EE70
:108ED00010FA40F01281DFED8B7AF4EEE78AF1EEC2
:108EE00010FA00F1E380B4EE499AF1EE10FA17D6C9
:108EF0002B7A590714D56B68012B11D1C8EE287A4B
:108F00004AF676504EF28901002207F1100387EDF0
:108F1000049AC7ED057AF9F7DFFF002840F0DD80FD
:108F200094F83430C3F30018B8F1000F40F0AA8071
:108F30005A0640F1C380D4ED557AB7EE009AF4EEAC
:108F4000C97AF1EE10FA40F3968088EE880A27EE8F
:108F5000800A17F069FBB4EEC90AF1EE10FA40F38B
:108F60009180BCEEC00A10EE106AB6B2FE60FB68DB
:108F7000012B40F2878094F89C21C7F804D093001D
:108F80000A3303F4FF63ADEB030DC7F808D004F513
:108F9000847BADEB030D92006846594619F0C4FA84
:108FA00094F89C316D46B3B1D7ED037AB868F8EE0A
:108FB000E76A5946D4464FEA830B0022BCEC017A9B
:108FC000F1EC017A77EE677A0432C7EEA67A5A4559
:108FD000E0EC017AF2D1DFF83891D9F8002092F86C
:108FE000A820C2F34002002A7CD1934601267BB11F
:108FF000B8682946002391ED007AF0EC017A77EE0B
:10900000277A0133E1EC017A94F89CE17345F2DBB5
:1090100020462946B0EE480AFFF7EEFAFB68013613
:10902000BBF1000F08BF83469E425ED0D9F80030E6
:1090300093F8A8309B0755D494F89C31D7E70B7A66
:10904000314A3249B5EE400AF1EE10FA43F010030E
:1090500008BF11462B7214BF0D22132205F1100018
:1090600016F040FA4FF0000840461C37BD46BDECF4
:10907000048BBDE8F08F94ED520AB5EE400AF1EE94
:1090800010FA35D14FF0000B5146B0EE480A204699
:10909000FFF7B2FA94F8343000286FF3C3030CBF23
:1090A000D8464FF0010884F83430DDE720465146B9
:1090B000B0EE480AFFF7A0FA8046D5E728465821C7
:1090C00002F0FEFD00287FF436AF2846592102F059
:1090D000F7FD00287FF42FAFD4E7D7ED057A28EE0F
:1090E000278A1DE77B689D46BEE77B689D46CBE7E8
:1090F00088EE800A17F098FA33E717F015FCF0EEC7
:10910000408AE8E6ACC52737C0C60208D4C60208C4
:10911000C80200202DE9F04F2DED028B8DB0CB4B16
:109120009FEDCB8A02AF05460E467A600FCB07F162
:10913000180888E80F00002404F158095FFA89F93B
:109140004946304602F0BCFD002840F0338101342E
:10915000032CF1D100239FEDBE8AFB603B617B6154
:1091600007F10C0949243046214602F0A9FD0028E8
:1091700040F012810134E4B24C2C09F10409F2D11F
:1091800095F89C2193000A3303F4FF63ADEB030DC4
:109190000DF1080905F584731946920048463B60B5
:1091A00019F0C2F995F834301C0700F11381C3F3AC
:1091B0004003002B00F08A80D7ED067AF4EE677A40
:1091C000F1EE10FA13D695F8A430D5ED2A6A95ED94
:1091D000337A03EB430305EB830393ED106A77EED9
:1091E000867A77EEE67A77EE877AC9ED007AD7ED60
:1091F000077AF4EE677AF1EE10FA13D695F8A430F8
:10920000D5ED2B6A95ED327A03EB430305EB83032F
:1092100093ED0F6A77EE867A77EEE67A77EE877AC5
:10922000C9ED017AD7ED087AF4EE677AF1EE10FA1B
:1092300013D695F8A430D5ED2C6A95ED317A03EB71
:10924000430305EB830393ED0E6A77EE867A77EEA0
:10925000E67A77EE877AC9ED027A3046452102F048
:109260002FFD00284ED19FED7B8A95F89C31032B72
:109270006ADD05F58A7B09F10C08032408E095F8FE
:109280009C210134A2420BF1040B08F104085BDDC0
:1092900004F13E025FFA82FA5146304602F010FDB8
:1092A0000028ECD030460022514602F01DFD95F812
:1092B000342090074BBF5BED187ADBED007A30EE7F
:1092C000670A37EE800A88ED000AD8E708EB030248
:1092D000D2ED007AF4EE677AF1EE10FA05EB0302B4
:1092E00007D692ED427A77EE877A09EB0302C2ED58
:1092F000007A04330C2BE9D13046452102F0E0FC22
:109300000028B0D02846FEF765FE4521044600221D
:10931000304602F0E9FC002CB0EE408AA3DDB4EE4A
:10932000400AF1EE10FA9ED695F834305B0740F112
:10933000B68005EB8403D3ED427A09EB840484ED17
:10934000008A38EE678A90E73046462102F0B8FC82
:10935000A0B17A68012A30464FF046014FF0000272
:1093600000F0A88002F0C0FC95F83430DA0744BF62
:10937000DFED377A20EE270A85ED510A304653217A
:1093800002F09EFC002874D17A68531E032B78D813
:10939000DFE803F05834646430462146002202F0CE
:1093A000A3FC95F83430DB0748BF20EE080A89EDAE
:1093B000000ADFE600224946304602F095FC95F8A7
:1093C0003430DA0748BF20EE080A08EB840383ED47
:1093D000000ABCE6002308EB0302D2ED007AF4EEAB
:1093E000677AF1EE10FA78BF09EB030203F1040388
:1093F00078BFC2ED007A0C2BEDD12EE795ED510A26
:10940000D5ED567A3146F0EE480A80EE270A284616
:109410004A46FFF72DFD04464B4607CBC5F86401CD
:10942000C5F86811C5F86C2134B195F89C213868ED
:109430009200494619F078F82C37BD46BDEC028BF6
:10944000BDE8F08F95ED500ADAE700BF20C50208AD
:109450003333CB410000C07F3333CB417B68009373
:10946000314607F10C0228464B46FFF7DDFC044667
:10947000D2E730465321002202F036FC85ED580A2F
:1094800082E7B9E807002C37C5F86401C5F8681110
:10949000C5F86C21BD46BDEC028BBDE8F08F05EB35
:1094A0008403D3ED427A78EE277A09EB8404C4ED85
:1094B000007ADAE602F018FC95F83430D90744BF98
:1094C0005FED1B7A20EE270A85ED500A56E700BFB4
:1094D00070B50646006868B1756A74690435AC42B7
:1094E00006D254F8040BF9F769FAA542F9D83068A6
:1094F000F9F764FA304670BD10B50E4B044640F8DB
:10950000E03BFFF7E5FFE36A23B104F124000146E5
:1095100003229847E36923B104F1140001460322B2
:109520009847A06808B1F9F749FA2046F9F7F0FA28
:10953000204610BD38C5020810B5104B044640F84F
:10954000E03BFFF7C5FFE36A23B104F124000146C5
:1095500003229847E36923B104F114000146032272
:109560009847A06808B1F9F729FA2046F9F7D0FA28
:109570002046F9F723FA204610BD00BF38C502087F
:10958000F8B542680368D31A9B1004460F4605D00D
:109590005A00934226D96FF0030600E004263046B5
:1095A00015F0A4FB054694E809001B1A9B109A00CD
:1095B0003968AF1807D045F8231094E809001B1A42
:1095C0009B109A00AF1823B10146284618F0B5FF4A
:1095D0002068043708B1F9F7F1F92E44A66084E851
:1095E000A000F8BDB2F1804FD5D2DE00D7E700BFB2
:1095F00030B5184D2B6883B00446986A0191FAF78C
:1096000049FA94F89C31062B06D92B681249586800
:1096100003689B68984700BEE3682269934211D0B3
:10962000019A13B11A60E368019A0433E36094F875
:109630009C3182F8383094F89C01431C84F89C31AA
:1096400003B030BD04F1080001A9FFF799FF019AAA
:10965000EDE700BFC8020020E4C602082DE9F04F84
:109660002DED048B05464068ABB010B103685B6814
:1096700098472F4EDFF8C4803368002258694FF2B4
:1096800021411346F6F784FF08AA044629490AA88F
:1096900016F016F920460AA9F7F724FC014611A88E
:1096A000F7F7F4FB11A8FAF789FA119B0446A3F126
:1096B0000C00404540F0A28409AB03930A9BA3F140
:1096C0000C00404540F08D8441F6AE439C4200F0D2
:1096D000DC834EF29C539C4200F0D7834EF29D6394
:1096E0009C4200F00B8445F208139C4236D041F2B4
:1096F00093139C4232D041F60C339C422ED0B4F5E9
:10970000F47F2BD041F2DE139C4200F0258445F615
:109710000F539C4200F02A844EF686639C4200F070
:109720003084042015F0E2FA034B036068601EE009
:10973000C802002018C7020860CA02089405002069
:10974000000070420000C842000000000AD7233C1D
:1097500000606A4700009643000070C2402015F088
:10976000C5FA33680446596903F092F86C603368AF
:109770001FED0D8A58690022134641F6E911F6F7EC
:1097800007FF1FED100AF7F7A7FBF7F721FB336878
:1097900085ED510A00224BF6FD0158691346F6F794
:1097A000F7FE1FED180AF7F797FBF7F711FB336881
:1097B00085ED500A002247F2E05158691346F6F74A
:1097C000E7FE1FED1F0AF7F787FBF7F701FB33688A
:1097D00085ED520A002243F65A7158691346F6F78E
:1097E000D7FE1FED270AF7F777FBF7F7F1FA336893
:1097F00085ED550A002243F66E4158691346F6F787
:10980000C7FE1FED2F0AF7F767FBF7F7E1FA33689A
:1098100085ED530A00224DF6A36158691346F6F709
:10982000B7FE1FED360AF7F757FBF7F7D1FA3368A3
:1098300085ED540A0022586941F2D2311346F6F7F9
:10984000A7FE0521F7F73EFBF7F7C2FA3368BDEE36
:10985000C00A00224FF6A75185ED5C0A58691346ED
:10986000F6F796FE1FED460AF7F736FBF7F7B0FA64
:1098700080EE080A3368002240F6A8615869134652
:1098800085ED5D0AF6F784FE1FED4F0AF7F724FB1E
:10989000F7F79EFA80EE080A3368002241F6A961C4
:1098A0005869134685ED5E0AF6F772FE1FED570AFA
:1098B000F7F712FBF7F78CFA80EE080A33680022FC
:1098C0004CF6B9515869134685ED5F0AF6F760FE0C
:1098D0001FED5F0AF7F700FBF7F77AFA80EE080A48
:1098E00033680022586948F25B71134685ED600ABF
:1098F000F6F74EFE0121F7F7E5FAF7F7CDFA95F8FE
:1099000034303168002260F3861385F834304869BA
:10991000134645F6E271F6F73BFE0021F7F7D2FA5F
:10992000F7F7BAFA95F834303168002260F3C713BC
:1099300085F834304869134645F6E011F6F728FEFD
:10994000336893F8A810C1F38001F7F7BBFAF7F773
:10995000A3FA95F8353060F3000385F835303368A5
:109960000022586942F27F711346F6F711FE039AFE
:10997000D549044611A815F0A3FF11A92046F7F711
:10998000B1FA014607A8F7F781FA119BA3F10C0081
:10999000404540F01A83079951F80C3C002B40F0E9
:1099A0007B8233689FEDC99A5869DFEDC98A9FEDC4
:1099B000C98A0022134644F6D631F6F7E9FD9FED39
:1099C000C60AF7F789FAF7F703FA002185ED580A76
:1099D000622211A818F0CCFD4DF64F2148F6E202A4
:1099E0004BF27A534BF6BB774BF6566445F2626006
:1099F000ADF84610ADF8482046F6E47148F27872AA
:109A0000ADF84A3043F21063ADF84C70ADF84E40FB
:109A10004EF6511743F6EB74ADF85200ADF8541002
:109A200040F2C9404BF24C51ADF85620ADF85830D9
:109A300046F2DF6248F27713ADF85A70ADF85C4039
:109A400049F2B87748F65324ADF86000ADF86210DB
:109A500044F6D0704FF65311ADF86420ADF866307F
:109A60004AF2E6324EF67E03ADF86870ADF86A4011
:109A70004EF2BF274FF25A14ADF86E00ADF87010D9
:109A800048F6C16044F64401ADF87220ADF8743078
:109A900040F2D7124EF66F33ADF87670ADF87840DD
:109AA00042F2B0274FF24B44ADF87C00ADF87E1087
:109AB00048F67A7049F2FC01ADF88020ADF88230AA
:109AC00049F290024CF6287342F6CC4BADF8847004
:109AD000ADF88640ADF88A00ADF88C10ADF88E2058
:109AE000ADF844B0ADF89030336842F269374DF6C6
:109AF00004044FF4AE415869ADF8927000224DF263
:109B00008227ADF89440ADF8981044F616544AF602
:109B1000AD511346ADF89A70ADF89C404EF6EE2765
:109B2000ADF89E104BF2896446F2EE21ADF8A070BC
:109B3000ADF8A240F6F72CFD9FED680AF7F7CCF9D7
:109B4000F7F746F911AB0293DDF80C9085ED570A53
:109B500010AB002701930AA8F9F734F80CA8F9F71D
:109B600031F80EA8F9F72EF8DDF808A000950AAC38
:109B700059463368002258691346F6F709FD05AACD
:109B80008346574908A815F09BFE08A95846F7F7E1
:109B9000A9F901464846F7F779F920464946F9F709
:109BA00097F88179099B11F0020FA3F10C0204F1DF
:109BB00008044FF0010E10D090F804C0016803258E
:109BC0000CFA0EF0D1F800C005FA00FB0EFA00FE08
:109BD0002CEA0B0040EA0E000860424540F0DC81B0
:109BE000089BA3F10C00404540F0E381019DAC428D
:109BF00002D03AF8021FBCE79DF82E30009D9A076C
:109C000074D59DF836309B0770D53C2015F06EF862
:109C10000AA904460CAA0EABF9F79CFB284621467C
:109C2000FFF7E6FCB84240F05081C7EBC70B2AAB08
:109C300003EB4B0B3368AC683BF85E1C58690022A1
:109C40000FFA87FA134654F82A40F6F7A1FC022FC0
:109C50000CBFB0EE680AB0EE490AF7F73DF9F7F726
:109C6000B7F82046F9F7F0FB3268AB6850693BF86B
:109C70005C1C53F82A4000221346F6F789FC9FED3E
:109C8000190AF7F729F9F7F7A3F880EE080A3268FE
:109C9000AB6850693BF85A1C53F82AA000221346BF
:109CA000013784ED090AF6F773FC9FED0F0AF7F709
:109CB00013F9F7F78DF8072F8AED0A0A19D0029BDE
:109CC00033F80EBF029346E7C0DE02080000A04250
:109CD0000000204500007042CDCC4C3F0000C8423F
:109CE0007CBC02080060EA460000C07F022F40F200
:109CF0000F812846FEF71CF9AB689B68D3ED0A7A02
:109D0000F4EE677AF1EE10FA80F10D81686803686D
:109D100005F584719B680AAA98470024AB680AAAD3
:109D20002244185992ED000A0434F9F79BFB0C2CDD
:109D3000F4D195F89C31032B0ED905F58A770324CD
:109D4000AB68B7EC010A53F82400F9F78BFB95F8E0
:109D50009C310134A342F3D8336847F2693241F2AF
:109D60001D3158690023F6F713FC0021F7F7AAF814
:109D7000F7F792F895F8353060F3820385F83530BF
:109D8000336841F2AA3241F21D3158690023F6F7D7
:109D9000FFFB0121F7F796F8F7F77EF895F83530D5
:109DA00060F3C30385F83530336841F21D3146F264
:109DB0001D1258690023F6F7EBFB1FED350AF7F784
:109DC0008BF8F7F705F8336885ED610A41F21D312C
:109DD00046F21E6258690023F6F7DAFB1FED3E0AD1
:109DE000F7F77AF8F6F7F4FF336885ED620A41F287
:109DF0001D3146F61F3258690023F6F7C9FB1FEDE7
:109E0000460AF7F769F8F6F7E3FF336885ED630A6A
:109E100041F21D3145F61F3258690023F6F7B8FBB1
:109E20001FED4F0AF7F758F8F6F7D2FF336885EDC4
:109E3000640A41F21D3146F2200258690023F6F708
:109E4000A7FB1FED570AF7F747F8F6F7C1FF33688E
:109E500085ED650A41F21D3146F221525869002311
:109E6000F6F796FB1FED600AF7F736F8F6F7B0FF46
:109E7000079B85ED660AA3F10C00404540F0CD80BC
:109E80002BB0BDEC048BBDE8F08F042014F02EFF46
:109E9000684B036068606AE411A8FAF7D3FB119875
:109EA000129B1B1A9B10032B05D000283FF479ADA1
:109EB000F8F784FD75E50368C5F8A8304368C5F870
:109EC000AC308368C5F8B030EFE733685A495C6856
:109ED000256802463B46AD682046A847079BA3F18C
:109EE0000C004045CCD053F8042C511E002A43F8F6
:109EF000041CC5DC0AA915F049FAC1E70C2014F0CE
:109F0000F5FE33680446596902F058FA6C602EE495
:109F100033684A495868036807F158029B689847B4
:109F200085F89C71DAE7336800224EF6C84158691B
:109F30001346F6F72DFB9FED420AF6F7CDFFF6F735
:109F400047FFB4EE400AF1EE10FABFF5DFAEAB68A2
:109F50009B6883ED0A0AD9E60C2014F0C7FE33682B
:109F60000446596904F064F86C6000E4282014F099
:109F7000BDFE33680446596903F05AFB6C60FFF775
:109F8000F6BB282014F0B2FE33680446596903F08A
:109F90006BF86C60FFF7EBBB53F8041C481E0029FC
:109FA00043F8040C3FF71CAE104606A915F0EEF975
:109FB00016E653F8042C511E002A43F8041C3FF700
:109FC00015AE494615F0E2F910E653F8042C511E7F
:109FD000002A43F8041C3FF7DEAC0AA915F0D6F9B5
:109FE000D9E453F8042C511E002A43F8041C3FF70F
:109FF0006BAB11A915F0CAF9FFF766BB53F8042C37
:10A00000511E43F8041C002A09AB03933FF756ABDB
:10A01000194615F0BBF9FFF751BB53F8042C511E3C
:10A02000002A43F8041C3FF72BAF039915F0AEF953
:10A0300026E700BFA0CA020850C7020824C70208CA
:10A040000000C07F10B502210446F8F777FD2046D6
:10A05000BDE81040FFF702BB2DE9F047804640689D
:10A06000D8F80020304B821A921003FB02F30C4602
:10A07000002B4FD05A0093424ED96FF00307384659
:10A0800014F034FED8F80460D8F800C0CCEB060316
:10A0900023F00303C318054600F10C091CBF94E824
:10A0A000070083E80700B44527D063462A4605F138
:10A0B000040A05F10809511B01EB0A0449442AB1BD
:10A0C0001868106058682060986808600C33B342C4
:10A0D00002F10C02EFD10CF10C09C9EB0303134A96
:10A0E0009B0802FB03F929F0404909F1010909EB3A
:10A0F000490905EB890909F10C09BCF1000F02D0EF
:10A100006046F8F75BFC2F44C8F8087088E8200226
:10A11000BDE8F0870C27B2E705498A42ADD802EBCB
:10A1200083039F00ABE700BFABAAAAAAABAAAA2AE7
:10A130005555551570B50C46064609B90AE02C462A
:10A140003046E168FFF7F6FFA5682046F8F736FCD1
:10A15000002DF4D170BD00BF2DE9F8430B46816896
:10A16000064600F10408002951D01A7847460C46EB
:10A17000237C934224D2E468002CF9D13C46F36856
:10A18000D6F81490A34235D0A74208BF4FF000097B
:10A1900001D112E02C46204614F048FE4146054607
:10A1A000204614F0B4FEF8F709FC7369BD4203F1D0
:10A1B000FF337361EED1C3EB09094846BDE8F8836C
:10A1C00004D92746A468002CD2D1D7E7A068E36859
:10A1D00038B1057C95422ABF0446C06880680028D3
:10A1E000F7D1002BCBD0187C90428ABF1F46DB688A
:10A1F0009B68F6E7B845C7D13046FFF79BFF0023C1
:10A20000C6F80C80C6F81080B3607361D5E7474686
:10A21000B4E700BF2DE9F84F224D4FEA510AA5FBE4
:10A220000A35AD080646E81C082838BF08207060CB
:10A230008000894614F05AFD7368306001355B1B5D
:10A240004FEA530B00EB8B0707EB8505AF428046C7
:10A2500038BF3C4607D24FF4FC7014F047FD44F879
:10A26000040BA542F7D8776158F82B300D48F360FE
:10A2700003F5FC712A1FA0FB0A4A316172622A2190
:10A280004FEA9A0A55F8042CF26101FB1A9909EB7E
:10A29000490902F5FC7102EB8902B3603162B261D7
:10A2A000BDE8F88F310CC3302DE9F04380468BB008
:10A2B000002400F13809F8F73BFC744BC8F8003073
:10A2C0006C2221464846C8F80840C8F80C40C8F837
:10A2D0001040C8F81C40C8F82C4018F049F9002379
:10A2E000C8F8C430C8F8C830C8F8CC30C8F8D43082
:10A2F000C8F8D830C8F8DC302146684688F8A44051
:10A3000088F8D04000940194029403940494059436
:10A310000694079408940994FFF77CFFC8F8E0407E
:10A32000C8F8E440C8F8E840C8F8EC40C8F8F04085
:10A33000C8F8F440C8F8F840C8F8FC40C8F8004134
:10A34000C8F80441214608F1E000FFF763FF009DD3
:10A350007DB302AB0FCBD8F8F060D8F8E840D8F85E
:10A36000EC70049608F1E80CD8F8F46002948CE8DC
:10A370000F000AAC14E90F000596D8F8FC600796A8
:10A3800008F1F80CD8F80061D8F8F8400896D8F829
:10A39000046109968CE80F000397D8F8E020069432
:10A3A000C8F8E050D8F8E4300199C8F8E4108DE816
:10A3B0000C006846FFF78CF898F8341098F83520B0
:10A3C00098F836300124022001F0FE0102F0CF029D
:10A3D00060F3010364F3871241F0060188F8363018
:10A3E00088F8341088F8352000211C2208F5847084
:10A3F00018F0BEF81C2208F59270002118F0B8F889
:10A40000D8F81C50224AC8F8582100230024C8F864
:10A41000CC30C8F8C830C8F8C430C8F8044045B1DA
:10A4200008F1140001460322A847C8F81C40C8F8E8
:10A430002040D8F82C304BB108F12400014603220B
:10A4400098470023C8F82C30C8F83030002348461D
:10A4500008F1A4028360436040F80C3B9042F9D1BC
:10A4600008F1A80000211C2218F082F898F8343076
:10A4700003F0E7036FF345130022404688F83430B9
:10A4800088F89C210BB0BDE8F08300BF38C50208F6
:10A49000000070422DE9F84390E80C00456A0E4632
:10A4A000A91AA3EBA1010129044615D94FF4FC70A8
:10A4B00014F01CFC6860A3691BB196E8070083E8F0
:10A4C0000700636A1A1D62625B68E36103F5FC7250
:10A4D000A3612262BDE8F8834169C1EB05084FEA38
:10A4E000A80808F1010808F10107B3EB470F31D8BC
:10A4F000002B3FD05B009D1CB5F1804F45D2A800DA
:10A5000014F0F4FB636A61690433EF1B5B1A7F0884
:10A510009A10814600EB870703D09200384618F066
:10A520000CF82068F8F74AFAC4F800906560676193
:10A530003A68E26008F18043013B07EB830502F5CE
:10A54000FC726562226157F82330E36103F5FC7306
:10A550002362ABE7DF1B7F0802EB87070435B942B4
:10A56000C1EB050508D9AA10E1D09200384617F0D2
:10A57000E4FFDCE70325C2E7AD10D8D0AA0007EB63
:10A580008800801A17F0D9FFD1E715F01DFA00BF37
:10A59000F0B5D0F8001190F83420D0F8F840D0F899
:10A5A0004051D0F8447185B00C39C2F340060346DF
:10A5B000029590F8A4008DF80760C2F380058C42E4
:10A5C000C2F300028DF806508DF8052003978DF830
:10A5D00004000CD034B104AD15E9070084E807008D
:10A5E000D3F8F8400C34C3F8F84005B0F0BD03F1DF
:10A5F000E00001A9FFF74EFFF7E700BF2DE9F04F9C
:10A600000D462DED048B097AC1F3800697B0044600
:10A61000002E00F0D0806A685C2A00F2BB80DFE880
:10A6200012F06F01630172019D017302B900B9005C
:10A63000B900B900B9005D00B900B900B900B900AE
:10A64000B900B90085017401C802C102BA02B9009B
:10A65000B900B900B900B900B900B900B900B90032
:10A66000B900B900B900B900B900B900B900B90022
:10A67000B900B900B900B900B900B900B900B90012
:10A68000B900B900B900B900B900B900B9009F011B
:10A690009F019F019F019F019F01B900B900B9006F
:10A6A000B900B900B900B900B900B900B900B900E2
:10A6B000B900B900B900B900B900B900B900B900D2
:10A6C000B900B900B900B900B900B900B900B900C2
:10A6D000B900B900B9009601B401BD0128464C216A
:10A6E00001F0EEFA002855D028464C21002201F056
:10A6F0001FFB022806D028464C21002201F018FB3F
:10A70000142847D12846502101F0DAFA002841D018
:10A7100028465021002201F02FFB002840F0D0866F
:10A7200094F8A430082B35D803EB430304F1380226
:10A7300002EB830628464C21002296ED029AD6EDC4
:10A74000018A96ED008A01F0F3FA142801F0EA80FC
:10A7500094F83470C7F3400728465821002F01F0C1
:10A76000778001F0ADFA002841F015812846592183
:10A7700001F0A6FA002841F0328128465A2101F062
:10A780009FFA002841F0198186ED029AC6ED018AF0
:10A7900086ED008A94F835306FF3410384F8353044
:10A7A00094F834306FF3C30384F8343017B0BDEC41
:10A7B000048BBDE8F08F8F07ECD52A68782A00F06B
:10A7C000F68435D9D32A00F0198579D8CB2A00F040
:10A7D000148240F25F84CC2A00F06884CD2AD9D15B
:10A7E0002846582101F06CFA002840F07A87284664
:10A7F0005A2101F065FA002840F05C872846532171
:10A8000001F05EFA0028C5D028465321002201F04D
:10A810006BFABA4BDFEDBA7A1B68B4EE670AF1EE59
:10A8200010FA1B6948BFB0EE670A83ED090AB1E769
:10A83000522A00F0B48419D8112A00F0D78140F2CE
:10A840003084122A00F070841E2AA3D1AB4B1B68FF
:10A8500093F8A83059079DD594F8342042F00202AD
:10A86000002384F8342084F8A43093E7542A00F0BD
:10A87000B181C0F04D855C2A00F0F984722A89D13B
:10A8800016AEA04F46F8187D012349093246FDF760
:10A89000F5FB314605F1100014F0E9FE109B0C3F6A
:10A8A000A3F10C00B84281D053F8042C511E002AA9
:10A8B00043F8041C3FF77AAF0DA914F067FD75E764
:10A8C000B2F5FA7F00F0F88100F27383DC2A00F021
:10A8D0007284B2F5C87F7FF45DAF884B1B6801219D
:10A8E0009869FCF7DBFE55E7022294F8353066F3F1
:10A8F0004103294684F835302046FEF70BFC4FE72C
:10A9000000260122F1E70322EFE790F8352090F8C6
:10A91000363002F0CF020220012160F3871261F38A
:10A92000010384F8352084F8363033E790F8352079
:10A9300090F8363002F0CF020120022160F3871236
:10A9400061F3010384F8352084F8363022E790F86B
:10A95000343043F0060380F834301BE70422C4E7A8
:10A96000363AD2B280F8A4206B683B2B7FF412AF4A
:10A970002B7A5B093FF40EAF1344DBB2082B7FF652
:10A9800072AF082380F8A43004E790F8343003F065
:10A99000FD036FF3820380F83430FBE6C1F342130A
:10A9A000073303F00703012B40F2FC82284601F035
:10A9B00007FA002800F0F6822B7A5B09042B00F0DE
:10A9C000AD86032B00F05985D4F81021D4F80C6122
:10A9D000D4F8083110920DA8214610AA11961293AE
:10A9E00094ED2A9AD4ED2B8A94ED2C8AFDF764FA23
:10A9F0002846582101F064F9002840F08E85284649
:10AA0000592101F05DF9002840F0728528465A214D
:10AA100001F056F9002840F0568584ED2A9AC4EDDD
:10AA20002B8A84ED2C8A2B7A5B097FF4BFAE2846F3
:10AA3000452101F045F9002800F09C862046FDF7ED
:10AA4000C9FA061E1EDD2846452101F039F9002805
:10AA500040F0A7869FED2A8A04EB860383ED498A9E
:10AA600083ED428AA268E36A52F82660002B00F068
:10AA7000948604F12400FDF717FD28EE000A304605
:10AA8000F8F7F0FC2B7A5B09002B7FF48FAE284699
:10AA900001F096F900287FF789AE94F89C31032BDA
:10AAA0007FF784AE04F58A78032606F13E07FFB2ED
:10AAB00039462846002201F017F9A36853F82630DA
:10AAC00093F839301B07B0EE408A2846394604D542
:10AAD000B5EE400AF1EE10FA08D101F0F1F828B114
:10AAE000D8ED007A38EE678A08ED188A94F89C3120
:10AAF0000136B34208F10408D7DC57E6C80200204B
:10AB000000000000A00500202846502101F0D8F8E0
:10AB1000002800F0BD82654B1B6893F8A820C2F3A3
:10AB2000800228465021002A00F0FF83002201F015
:10AB3000DBF8DFED5F7A20EE270ABCEEC00A10EEEC
:10AB4000106A2846532101F0BBF8002840F0A3808A
:10AB5000002E3FF41FAE554D2B6801219869FCF77C
:10AB60009DFD12F0D5F84FF47A73074603FB06F605
:10AB700008E02868F7F732F82B6893F8A8309A07AE
:10AB80003FF514AE12F0C4F8C01BB0424FF0030101
:10AB90002246EED3FEE590F834306FF3000380F8E0
:10ABA0003430F7E590F8343043F0010380F8343066
:10ABB000F0E590F8352090F83630012161F3051268
:10ABC000022161F387126FF3010380F8352080F8CA
:10ABD0003630DFE5354D2B6801219869FCF75EFDC5
:10ABE000286808210022F6F7F9FFD3E52F4B08214A
:10ABF00018680122F6F7F2FFCCE5284601F0E0F8EC
:10AC0000002840F09D8307465826A146A846D8F85C
:10AC10000C4098F80820236852099D6840F0808312
:10AC200009EB0703D3F8740115F042F83246CDE979
:10AC30000001013620461F49A8475B2E07F1040793
:10AC4000E5D198F808305B09012B4C46454640F0A9
:10AC5000DC8399F89C31032B40F2E483032603E064
:10AC60000136B34240F2DE83A26852F8262092F801
:10AC700039100907F4D4506AEF6815F019F83B68E9
:10AC8000CDE9000106F13E029B680A493846984723
:10AC900094F89C31E4E728465321002201F048F85B
:10ACA0004FF47A7303FB006652E700BFC80200202E
:10ACB00000007A4490C70208E8689F4903685B690E
:10ACC000984794F89C310026FBB1A26852F82610F0
:10ACD00091F83920170715D4022E086AEF68D4BFFF
:10ACE00006F1580806F13E0814F0E2FF3B68CDE992
:10ACF00000015FFA88F89B689049424638469847B9
:10AD000094F89C310136B342DFDCE8688C49036873
:10AD10005B699847EE68D4F85C01376814F0C8FFA7
:10AD2000BF680B46024687493046B84794F89C31C5
:10AD3000002643B3A26852F8261091F83920100774
:10AD40001ED4D1ED0A7A022EF4EE677AD4BF06F152
:10AD5000580706F13E07F1EE10FAFFB217EE900A1F
:10AD60000ED614F0A5FFEB68D3F800E0CDE90001A2
:10AD70003A461846DEF808707049B84794F89C3196
:10AD80000136B342D6DCE8686D4903685B699847D1
:10AD90006D4BD5F80C801A68D8F80030D2F810A0A6
:10ADA000D3F80890DAF81C0014F082FFDAED087A84
:10ADB000F4EE677AF1EE10FA06460F4680F136851A
:10ADC00017EE900A14F074FFCDE90001DAF82400C0
:10ADD00014F06EFF32463B46CDE9020140465B4926
:10ADE000C847D4F87401D5F80C8014F061FF06460A
:10ADF000D4F87801D8F800900F4614F059FFCDE947
:10AE00000001D4F87C0114F053FFCDE90201D4F81D
:10AE1000800114F04DFFCDE9040132463B46D9F8DC
:10AE200008604B494046B047E8684A4903689B6858
:10AE3000984794F89C310026FBB1A26852F826107E
:10AE400091F83920120715D4022E486AEF68D4BF52
:10AE500006F1580806F13E0814F02AFF3B68CDE9D8
:10AE600000015FFA88F89B683449424638469847A3
:10AE700094F89C310136B342DFDCE868304903685E
:10AE80005B6998470DF14409002260681292CDF881
:10AE90004C90CDF8509003688DF844200DF1400897
:10AEA00015925B694146984728B3159B1BB3E86828
:10AEB000294903689B689847139E4E4518BFA246D0
:10AEC00014D07069EF6896F810B03C6814F0F0FE8A
:10AED000CDE900015A46A3682049384698473046D4
:10AEE00013F091FF48450646EBD15446E8681449F3
:10AEF00003685B69984794F83530DB0700F13883C5
:10AF000094F83430DB0947D0D4ED2A7A94ED2B8ABB
:10AF1000F5EE407AF1EE10FA40F01483B5EE408A77
:10AF2000F1EE10FA40F00E83D4ED2C8AF5EE408A53
:10AF3000F1EE10FA30D013E018C8020858C8020821
:10AF4000F8E0020830C80208C802002064C80208FD
:10AF5000D4C802081CC9020804CA020848C9020869
:10AF600017EE900A14F0A4FE064618EE100A0F46DB
:10AF700014F09EFEED68D5F80090CDE9000118EEC2
:10AF8000900A14F095FECDE9020132463B46D9F80D
:10AF90000860BB492846B04740461299FFF7CAF8F7
:10AFA000FFF7F8BB04F1A80000211C2217F0E0FA1B
:10AFB00039E540F2F7139A423FF47EAE40F299230E
:10AFC0009A427FF4E7AB0DF1400816AE40462946A1
:10AFD00001F02AF8532306F8243D40463146FFF796
:10AFE000BBF85523314640468DF83430FFF7B4F8AE
:10AFF000159B002B40F0588340461299FFF79AF8B2
:10B000000DF1440900226068CDF84C90CDF85090C5
:10B010001292036815925B6941469847E0B1139E0E
:10B020004E4519D0A2467069EF6896F810B03C689A
:10B0300014F03EFECDE900015A46A3689149384616
:10B0400098472B7A43F0010330462B7213F0DBFE56
:10B0500048450646E7D154462846532100F030FEC5
:10B060000646002800F09F8128460022532100F068
:10B070003BFEED6884ED550A10EE100A14F018FE40
:10B08000024628680B4686687F492846B04783E712
:10B09000064656E5792A7FF47DABFCF785FEFFF77F
:10B0A00079BB022A3FF4D8ABFFF774BB2846532183
:10B0B00000F006FE002840F0E68294F89C31002B58
:10B0C0003FF468AB9FED718A002605E094F89C314F
:10B0D0000136B3427FF75EABA26852F8262092F8A1
:10B0E000392012074FEA8607F2D4022ED4BF06F1A8
:10B0F000580806F13E085FFA88F82846414600F0F5
:10B10000DFFD0028E2D041462846002200F0ECFD99
:10B11000A368B5EE400AF1EE10FADB5998BFB0EE25
:10B12000480A83ED0A0AD1E7284600F049FE0028C4
:10B130007FF750AD94F89C71B7B1002637464FF0B9
:10B140000208022ED4BF06F1580106F13E01C9B231
:10B15000284600F0B5FD08FA06F3013600B11F439A
:10B1600094F89C31B342ECDC2846452100F0A8FD60
:10B1700040B12046FCF72EFF002803DD022303FA2E
:10B1800000F00743424D2B6801219869FCF786FACD
:10B1900028683A460821F6F721FDFFF7FBBA90F838
:10B1A000343043F0040380F83430FFF7F3BAFFF78C
:10B1B000EFF9FFF7EFBA2846532100F081FD002890
:10B1C00000F00F8128465321002200F08DFDF2EEA1
:10B1D000047AB4EEE70AF1EE10FA00F19C82DFED9A
:10B1E0002D7AB4EEE70AF1EE10FAC8BFB1EE080A04
:10B1F00040F3578484ED560AFFF7CCBA2846532112
:10B2000000F05EFD002840F0A081E86894F83570F9
:10B210000368214E214A9B68214917F0040F08BF9B
:10B220003246984704F5C877582657ED037AF4EE6E
:10B23000677AF1EE10FA80F1FD82F7EC017AF4EE14
:10B24000677AF1EE10FA80F1FC82A6F15801C9B2DA
:10B250002046FCF7E5FE00286BD001365B2EE4D1DA
:10B26000E868104903685B699847FFF793BA90F85C
:10B270009C31002B47D09FED0C8A00261BE000BFBD
:10B2800064C9020878C9020884C902080000C07FA6
:10B29000C802002000007A4484C702087CC7020864
:10B2A000A4C70208F8E002083333CB4194F89C317C
:10B2B0000136B34227DDA26852F8262092F83920E1
:10B2C00012074FEA8607F3D4022ED4BF06F15808BE
:10B2D00006F13E085FFA88F82846414600F0F0FC87
:10B2E0000028E3D0A368284641460022DF5900F039
:10B2F000FBFC94F83430D80748BF20EE080A3846E3
:10B30000F8F7A2F8D2E72046FCF712FEFFF74EBA94
:10B3100090F8343066F3820380F83430FFF73ABA9D
:10B32000D9F80830DB59586A7EE400F001FD064682
:10B3300007E4E868A049036832469B6898478CE7B1
:10B3400058272846394600F0BBFC002840F088808A
:10B35000043601370C2EFFB2F3D12B7A5B09012B97
:10B3600066D194F89C31032B75D9032602E001368F
:10B37000B34269D9A26852F8262092F83970C7F30F
:10B38000C0074FEA8608002FF1D106F13E095FFAA7
:10B3900089F94946284600F093FC002840F0F281E4
:10B3A00094F89C31E3E72846552100F089FC0028F9
:10B3B0003FF4F2AD32462846552100F095FC0023BB
:10B3C000ED68C4F8543110EE100A84ED520A14F0FE
:10B3D0006FFC024628680B46866878492846B047C5
:10B3E000DAE59FED777AD4ED567AED68C7EE277AE5
:10B3F00017EE900A14F05CFC024628680B4686683B
:10B4000070492846B047FFF7C5B9D8F80C60D9F89D
:10B410008001376814F04CFCBF6802460B4630468A
:10B420006949B8472B7A43F001032B72FFF7B2B991
:10B430002846532100F044FC30B128465321002215
:10B4400000F052FC84ED600A2B7A5B0900F0B281B7
:10B45000012B7FF49FA92046FCF76AFDFFF79AB9FC
:10B4600028463946002200F03FFC2B7A5B0940F069
:10B470007981A31983ED5D0A6AE72846582100F017
:10B480001FFC002840F0CA81DFED508A2846592170
:10B4900000F016FC002840F0B9819FED4C8A284648
:10B4A0005A2100F00DFC002840F0AA819FED470AC8
:10B4B000C4ED2A8A84ED2B8A84ED2C0AFFF7B3BAF7
:10B4C000431EFFF72FB9002228465A2100F00CFC3A
:10B4D00094F83430DA0744BFDFED3D7A20EE270AD6
:10B4E000DDED0D7A70EE677A38EE278AFFF795BAB0
:10B4F00059212846002200F0F7FB94F83430D90790
:10B5000044BFDFED337A20EE270ADDED0E7A70EED0
:10B51000677A78EEA78AFFF779BA28465821002281
:10B5200000F0E2FB94F83430D80744BFDFED287A0E
:10B5300020EE270ADDED0F7A70EE677A39EE279A52
:10B54000FFF75DBAD4ED2C8A0AE52846324653212E
:10B5500000F012FCB0F1010E94F83530DEF100007D
:10B5600050EB0E0060F3820384F83530FFF712B918
:10B57000E868184903685B699847EE6894F8A41076
:10B5800033680DA89F68F8F7A7FE0D9A1249304658
:10B59000B8470D9B114AA3F10C00904240F09382F2
:10B5A00004F1A403099304F1440904F13C060127C2
:10B5B0000A94CDF82C804EE0E4C70208ACC902081A
:10B5C0000080BB45FCC702089CC7020800000000C1
:10B5D0003333CB4154C9020864EC020894050020BF
:10B5E000D6ED007AF5EE407AF1EE10FA3FD059F838
:10B5F0000CBC17EE90AAEC6823680DA8791ED3F84E
:10B600000880F8F769FE18EE100A14F051FBCDE936
:10B610000001504614F04CFBCDE90201584614F0ED
:10B6200047FB0D9A0692CDE904013A462046B149FE
:10B63000C0470D9BB04AA3F10C00904240F0378206
:10B64000099A06F108039A4207F1010709F10C096A
:10B6500006F10C065AD096ED018AB5EE408AF1EE5D
:10B6600010FABDD0D6F800A059F80CBCC3E719ED0C
:10B67000037AB5EE407AF1EE10FAE1D017EE10BA87
:10B6800017EE90AAB7E728465321002200F02CFBC2
:10B69000F7EE007AB4EE670AF1EE10FA48BFB0EEAA
:10B6A000670A84ED570A08E56068036841461B692C
:10B6B0009847A1E428465A21002200F015FB8F4B41
:10B6C000DFED8F7A1B68BFEE007AB4EE470AF1EE29
:10B6D00010FA1B6998BFB0EE670A83ED080AFFF7FE
:10B6E0008DB828465821002200F0FEFA834BDFED8A
:10B6F000857A1B68B4EE670AF1EE10FA1B6948BF41
:10B70000B0EE670A83ED070AFFF771B80A9CDDF80F
:10B710002C80FFF7F5BB9FED7C0A6BE5284658218E
:10B7200000F0CEFA002840F0C7802846592100F0EA
:10B73000C7FA002840F0B28028465A2100F0C0FA2B
:10B7400000283FF470A96D4B1B6828465A2100223F
:10B75000DE6800F0C9FA304686ED4B0AFCF786FE3B
:10B76000FFF761B9012B7FF4F3ADA3689B5983ED1B
:10B77000090AEDE5284600F023FB00283FF45EA906
:10B78000FFF780B949463A46284600F0ADFAA3686B
:10B7900053F8083083ED090A02E6B0EE480AFFF7D5
:10B7A0006EB928464521002200F09EFAB0EE408A8C
:10B7B000FFF752B92846412100F082FA002800F034
:10B7C0008980E868514903685B699847002606F15B
:10B7D0004107FFB23946284600F072FA28B901360F
:10B7E000032EF4D12B7A5B0932E639462846002233
:10B7F00000F07AFAA36853F8263083ED090AEEE7E1
:10B8000028465A21002200F06FFA51E628465921B5
:10B81000002200F069FAB0EE408A40E6284658213E
:10B82000002200F061FAF0EE408A2FE6002038494D
:10B83000FFF7CABAE8683749036832469B689847F9
:10B84000FBE4E8683449036832469B689847FCE4A7
:10B8500000F036FA002840F0E6802846592100F032
:10B860002FFA002840F0CD8028465A2100F028FA0F
:10B8700000283EF489AF28465A21002200F034FA0D
:10B8800094F83430DD0746BFDFED247A60EE277A86
:10B89000F0EE407A38EE278AFEF776BF174B1B682A
:10B8A000284659210022DE6800F01EFA304686ED57
:10B8B0004A0AFCF7DBFD3FE7104B1B68284658217E
:10B8C0000022DE6800F010FA304686ED490AFCF7E7
:10B8D000CDFD2AE72846422100F0F2F900287FF446
:10B8E00070AF2846432100F0EBF900287FF469AFE0
:10B8F00078E700BF34CA020894050020C80200207F
:10B900000000C07F0000000000001644D0C90208FB
:10B910000000F0BFBCC70208D0C702083333CB41D8
:10B920000080BB45D4F81021D4F80C71D4F808314C
:10B9300010920DA8214610AA11971293FCF7BCFA99
:10B940002846582100F0BCF9002840F09480284691
:10B95000592100F0B5F9002877D128465A2100F086
:10B96000AFF900283EF410AF28465A21002200F01B
:10B97000BBF994F834309DED0D7ADD0746BF5FEDDD
:10B98000197A60EE277AF0EE407A77EEC77A38EED1
:10B99000678AFEF7F9BE28465821002200F0A4F974
:10B9A00094F83430D80748BF5FED247AB0EE409A5F
:10B9B00048BF20EE279AFEF7D9BE002228465A211A
:10B9C00000F092F994F83430DA07B0EE408A7EF550
:10B9D000DBAE5FED2E7A20EE278AFEF7D5BE592129
:10B9E0002846002200F080F994F83430D90748BF87
:10B9F0005FED367AF0EE408A48BF60EE278AFEF7A8
:10BA0000BCBE28465921002200F06EF994F834306B
:10BA1000DF0746BF5FED3F7A60EE277AF0EE407AAF
:10BA200078EEA78A20E73A462846582100F05CF9CC
:10BA300094F83430DB0746BF5FED487A60EE277A32
:10BA4000F0EE407A39EE279A07E72846592100227E
:10BA500000F04AF994F834309DED0E7ADF0746BFC6
:10BA60005FED527A60EE277AF0EE407A77EEC77A91
:10BA700078EEE78A71E728465821002200F034F971
:10BA800094F834309DED0F7ADB0746BF5FED5D7AA9
:10BA900060EE277AF0EE407A77EEC77A39EE679A51
:10BAA00055E75FED617A87EE800AFFF7A3BB53F895
:10BAB000042C511E002A43F8041C3FF7C1AD0CA909
:10BAC00013F064FCBCE553F8042C511E002A43F823
:10BAD000041C3FF765AD0CA913F058FC60E500BFEE
:10BAE0002DE9F04780464068D8F80020304B821A94
:10BAF000921003FB02F30C46002B4FD05A009342E6
:10BB00004ED96FF00306304613F0F0F8054698E87A
:10BB100081003B1A23F00303EB1805F10C0905D053
:10BB200022681A6062685A60A2689A60B8422BD094
:10BB300003462A4605F1040905F1080C511B01EBE7
:10BB4000090461444AB1D3F800A0C2F800A0D3F8B8
:10BB500004A0C4F800A09C680C600C33BB4202F146
:10BB60000C02EBD100F10C09C9EB0303114A9B084D
:10BB700002FB03F929F0404909F1010909EB4909E0
:10BB800005EB890909F10C0908B1F6F717FF2E44F6
:10BB9000C8F8086088E82002BDE8F0870C26B2E704
:10BBA00005498A42ADD802EB83039E00ABE700BF94
:10BBB000ABAAAAAAABAAAA2A555555152DE9F04158
:10BBC000002303604360836091F8A43007EE903A4D
:10BBD00084B08846F8EE677A0546294B0293002226
:10BBE00001A908F1A40708F13804CDED037A019208
:10BBF000FFF776FFBC426B68AE680BD0B3422BD028
:10BC00001BB194E8070083E807000C336B600C3429
:10BC1000A742F3D1D8F8B020D8F8AC00D8F8A810D3
:10BC20000192B342029003911DD023B11A60029A8F
:10BC30005A60039A9A600C336B60B3421AD02BB1EE
:10BC400008F1C40898E8070083E807000C336B602C
:10BC5000284604B0BDE8F08128462146FEF7FCF9ED
:10BC60006B68AE68D3E701A92846FFF739FF6B6818
:10BC7000AE68E2E708F1C4012846FEF7EDF9E7E710
:10BC80000000104110B50446406982B008B110F0C0
:10BC90003DF92369094AA3F10C00904202D12046E4
:10BCA00002B010BD53F8042C511E002A43F8041CA6
:10BCB000F5DC01A913F06AFBF1E700BF9405002051
:10BCC00038B5456928460C4617F013F82B4628442A
:10BCD00003E013F8012BA24203D08342F9D10020E4
:10BCE00038BD012038BD00BF70B582B00023446963
:10BCF000019323780D4616461BB910E06378013492
:10BD00006BB1AB42FAD10134204601A917F098FE7D
:10BD1000019B06B13360A342F0D902B070BD0EB1F1
:10BD2000002333609FED010A02B070BD00000000E7
:10BD300070B582B000234469019323780D461646FE
:10BD40001BB911E06378013473B1AB42FAD101340D
:10BD5000204601A90A2217F00FFF019B06B13360AC
:10BD6000A342EFD902B070BD3046002EFAD00020B9
:10BD7000306002B070BD00BF70B582B0002344696E
:10BD8000019323780D4616461BB911E06378013400
:10BD900073B1AB42FAD10134204601A90A2217F04F
:10BDA00071FF019B06B13360A342EFD902B070BDB1
:10BDB0003046002EFAD00020306002B070BD00BFC7
:10BDC00038B54569047A284616F093FF84F00804D4
:10BDD0000146C4F3C004002008E02B5DA3F141023A
:10BDE000192A02D8542B18BF013001348C42F4D3E5
:10BDF00038BD00BF30B583B000230D464721019305
:10BE00000446FFF75DFF237A00282FD160F38203F9
:10BE1000237220464D21FFF753FF237AE0B960F3E8
:10BE200041032372237A5A0701D49B0708D501984E
:10BE300010B103782E2B23D0237A6FF3471323728C
:10BE400045B1019830B116F039FF0546606910F030
:10BE50005DF8656103B030BD43F0020323722046F4
:10BE60004D2101AAFFF764FF2060DBE743F00403E4
:10BE700023722046472101AAFFF75AFF6060C8E7F6
:10BE8000013001A90A2217F0FDFE237A60F347135F
:10BE90002372D5E770B504460D48206108681D4639
:10BEA000164616F00BFF237A606103F01E03002094
:10BEB00060F30413237220606060E6602046294628
:10BEC000FFF798FF237A65F3C3032372204670BD02
:10BED000A00500202DE9F8438C6880469146BCB14E
:10BEE000167800E01C46257CB5428BBFA368E3684A
:10BEF00001270027002BF5D15FB9AE42234615D8A4
:10BF00000023C8F80040C8F804304046BDE8F88374
:10BF10000C1DCB68A3420FD0204612F09AFF99F86F
:10BF20000060057CAE4223460446E9D9002288E839
:10BF30000C004046BDE8F883002388E81800E4E7D9
:10BF40002DE9F047064682B018200D461F4612F034
:10BF5000CDFE044648B13A68002303704360836015
:10BF6000C3601378037400214161371DAF4204F1AF
:10BF7000100A31D094F8108095F81090C8451DD261
:10BF8000F068A84209D0284612F063FF037C4345BD
:10BF900029D2C368002B2ED02846002D2DD0002892
:10BFA00033D001203B462A46214612F054FF7369E4
:10BFB00020460133736102B0BDE8F0871ED93069B5
:10BFC000A84218D0284612F01EFF037C43450AD928
:10BFD000EB682BB30546E0E7736923B13069237C36
:10BFE000027C9A4207D3684652463146FFF772FFF9
:10BFF0009DE82100D1E7054638B905462046F6F709
:10C00000DDFC284602B0BDE8F087AF42C9D094F805
:10C01000108095F81090C14594BF00200120C1E721
:10C02000002DF8D1EAE700BF2DE9F0474C690E7A00
:10C03000002300F1040984B0C0F80C90C0F81090FF
:10C0400003718360436107462046884616F051FE1F
:10C0500086F00806C6F3C00686420DF10B0528D20D
:10C06000A25D8DF80B20A2F14103192B1BD8542A95
:10C0700019D0BB68CA4603B31C7C94422ABF9A46B7
:10C08000DB689B68002BF7D1D14516D09AF81030A9
:10C09000934212D8114640460022FFF725FED8F8F9
:10C0A00014408AED050A204616F023FE013686422A
:10C0B000D6D3384604B0BDE8F08702AB51460093B2
:10C0C0003846044A039503ABFFF73AFF9DF80B107F
:10C0D0008246E0E754CA02082DE9F8438C6880469E
:10C0E0009146BCB1167800E01C46257CB5428BBF5A
:10C0F000A368E36801270027002BF5D15FB9AE42A2
:10C10000234615D80023C8F80040C8F8043040463C
:10C11000BDE8F8830C1DCB68A3420FD0204612F077
:10C1200098FE99F80060057CAE4223460446E9D9A2
:10C13000002288E80C004046BDE8F883002388E828
:10C140001800E4E72DE9F047064682B018200D46B6
:10C150001F4612F0CBFD044640B13A68002303703D
:10C1600043608360C360127802744361371DAF423D
:10C1700004F1100A31D094F8108095F81090C84559
:10C180001DD2F068A84209D0284612F062FE037C56
:10C19000434529D2C368002B2ED02846002D2DD030
:10C1A000002833D001203B462A46214612F053FE98
:10C1B000736920460133736102B0BDE8F0871ED970
:10C1C0003069A84218D0284612F01DFE037C434572
:10C1D0000AD9EB682BB30546E0E7736923B13069F0
:10C1E000237C027C9A4207D3684652463146FFF7C9
:10C1F00073FF9DE82100D1E7054638B90546204682
:10C20000F6F7DCFB284602B0BDE8F087AF42C9D0A4
:10C2100094F8108095F81090C14594BF002001203B
:10C22000C1E7002DF8D1EAE72DE9F0474C690E7A15
:10C23000002300F1040984B0C0F80C90C0F81090FD
:10C2400003718360436107462046884616F051FD1E
:10C2500086F00806C6F3C00686420DF10B0528D20B
:10C26000A25D8DF80B20A2F14103192B1BD8542A93
:10C2700019D0BB68CA4603B31C7C94422ABF9A46B5
:10C28000DB689B68002BF7D1D14516D09AF81030A7
:10C29000934212D8114640460022FFF749FDD8F8D4
:10C2A0001440CAF81400204616F023FD01368642D9
:10C2B000D6D3384604B0BDE8F08702AB51460093B0
:10C2C0003846044A039503ABFFF73CFF9DF80B107B
:10C2D0008246E0E754CA02080B6813604B6853605B
:10C2E0008B689360704700BF0B6813604B685360A6
:10C2F0008B689360704700BF014B0360704700BFBD
:10C3000008C5020810B5034B03600446F6F756FB58
:10C31000204610BD08C5020890ED026AD1ED027AF0
:10C32000D0ED016A91ED007A66EE277AE6EE877A23
:10C33000C2ED007AD0ED027A91ED026AD0ED016A89
:10C3400091ED007A66EE677AE6EE877AC2ED017AC1
:10C350004B689360704700BFD0ED016A91ED006AB1
:10C3600091ED017AF6EE007AC7EEA66A36EE077A0C
:10C3700026EE877A82ED007A90ED026AD1ED006AAE
:10C3800091ED017AC7EE867A36EEC77A67EE877A44
:10C39000C2ED027A8B685360704700BF014B0360A7
:10C3A000704700BF08C5020810B5034B0360044680
:10C3B000F6F704FB204610BD08C5020838B5002278
:10C3C000114B0360044613460D4608464EF2A83151
:10C3D000F4F7DEF8B7EE000AF4F77EFDF4F7F8FCA8
:10C3E000002213464FF6AA1184ED010A2846F4F7FD
:10C3F000CFF8B0EE080AF4F76FFDF4F7E9FC204639
:10C4000084ED020A38BD00BF80CA020891ED007AAF
:10C41000D1ED017A77EE277AC2ED007A91ED007ABC
:10C42000D1ED017A77EE677AC2ED017A8B6893607D
:10C43000704700BFD1ED017A91ED007A37EE277A8F
:10C44000F6EE007A27EE277A82ED007AD1ED006AC7
:10C4500091ED017A36EEC77A67EE277AC2ED017A5E
:10C460008B689360704700BF014B0360704700BF4B
:10C4700008C5020810B5034B03600446F6F79EFAA0
:10C48000204610BD08C50208014B0360704700BF7D
:10C4900008C5020810B5034B03600446F6F78EFA90
:10C4A000204610BD08C50208D0ED045AD1ED006A3F
:10C4B000D0ED037A90ED056A91ED017A75EEE66AAA
:10C4C00036EE477AE6EEE67A00B5E7EE477A85B0D3
:10C4D000B1EEE70AB4EE400AF1EE10FA46D1D1ED22
:10C4E000027A30EE270A82ED000AD0ED065AD1ED2D
:10C4F000006AD0ED037A90ED076A91ED017A75EE4E
:10C50000E66A36EE477AE6EEE67AE7EE477AB1EE8D
:10C51000E70AB4EE400AF1EE10FA3BD1D1ED027A0F
:10C5200030EE270A82ED010AD0ED085AD1ED006AFB
:10C53000D0ED037A90ED096A91ED017A75EEE66A25
:10C5400036EE477AE6EEE67AE7EE477AB1EEE70AAC
:10C55000B4EE400AF1EE10FA13D1D1ED027A30EECA
:10C56000270A82ED020A05B05DF804FBB0EE670A07
:10C5700003900291019214F0D7F9019A029903985D
:10C58000ADE7B0EE670A0291019214F0CDF9019A7D
:10C590000299E2E7B0EE670A03900291019214F06B
:10C5A000C3F9019A02990398B8E700BF2DE9F04753
:10C5B0002DED088B04469EB00D4640690968D4F8FD
:10C5C00018C0D4F824E0236AD4F810A0D4F81C9042
:10C5D000D5F80480AF6801900291684603A9164619
:10C5E000CDF80CC0CDF81CE00693CDF800A0CDF836
:10C5F0001090CDF814800897F8F702F903A806A95F
:10C60000CDED0A0A8DED0B1A8DED090AF8F7F8F851
:10C61000684606A9CDED0D0A8DED0E1A8DED0C0ABA
:10C62000F8F7EEF80CA909A8CDED100A8DED111A56
:10C630008DED0F0AF8F7A6F809A8CDED130A8DEDD8
:10C64000141A8DED120AF8F7CDF80CA8F0EE409A06
:10C65000F8F7C8F80FA8B0EE40BAF8F7C3F812A878
:10C66000F0EE40AAF8F7BEF8B7EE00AA8AEE00AAEC
:10C6700009A80FA9F8F7A2F809A80CA9F6EE00BAC4
:10C680002AEE2B8A68EE0B8A28EE2A9A68EE808AB8
:10C69000F8F794F80FA80CA920EE499AF8F78EF84D
:10C6A00068EE2BBA94ED036AD4ED076A95ED017A32
:10C6B000D4ED067A94ED053AD5ED003A94ED044AAE
:10C6C000D4ED094A95ED025AD4ED085A6BEEA9BA99
:10C6D00069EE266A2BEE6BBA29EE077AABEE2A6A70
:10C6E00069EE277A26EE0AAA28EE298AB1EECA6AEE
:10C6F000E3EE286AA3EEA87AE4EE287A28EE000A90
:10C70000B4EE466AE4EE806AA5EE007AE5EE807A41
:10C71000F1EE10FACDED166A8DED177ACDED157AA2
:10C720003FD1B0EE460A12A8F8F780F815A81BA969
:10C73000CDED1C0A8DED1D1A8DED1B0AF8F760F882
:10C7400018A80021CDED190A8DED1A1A8DED180AE1
:10C75000F8F70CF89FED168A20EE080A14F07AF824
:10C7600080EE080A18A8012186ED000AF7F7FEFFFF
:10C7700020EE080A14F06EF880EE080A18A80221CC
:10C7800086ED010AF7F7F2FF20EE080A14F062F8CE
:10C7900080EE080A86ED020A1EB0BDEC088BBDE8EB
:10C7A000F087B0EE4A0A14F0BFF8B0EE406AB8E77E
:10C7B00000401C4610B59FED327AD0ED017A2DED88
:10C7C000068B90ED0D9ADFED2F8A90ED028A90EDA9
:10C7D0000AAA39EE079A67EEA77A29EE289AC0EDE1
:10C7E000037AB0EE490A044613F06EFF38EE0AAA47
:10C7F0006AEE007AB0EE490AC4ED047A14F054F8F7
:10C80000DFED217AD4ED0E9A94ED0B9A79EEA79A8A
:10C810002AEE000A69EEA89A84ED050AB0EE690ACC
:10C8200013F052FF38EE099A69EE007AB0EE690A09
:10C83000C4ED067A14F038F8D4ED0F6A9FED137A40
:10C84000D4ED0C7A36EE877A29EE000A67EE288A54
:10C8500084ED070AB0EE680A38EE278A13F034FF39
:10C8600068EE007AB0EE680AC4ED087A14F01CF89D
:10C8700028EE000ABDEC068B84ED090A10BD00BF4E
:10C880000000524335FA8E3C0000A5430000B4423C
:10C8900038B50022424B2DED028B04460D46036055
:10C8A000134608464AF22511F3F772FE9FED3D0A42
:10C8B0009FED3D8AF4F710FBF4F78AFA0022134645
:10C8C00049F62B4184ED010A2846F3F761FE9FEDFE
:10C8D000370AF4F701FBF4F77BFA0022134644F21F
:10C8E000387184ED020A2846F3F752FEB0EE480A8A
:10C8F000F4F7F2FAF4F76CFA0022134644F63961C1
:10C9000084ED0D0A2846F3F743FEB0EE480AF4F72B
:10C91000E3FAF4F75DFA0022134645F23A5184ED4A
:10C920000E0A2846F3F734FEB0EE480AF4F7D4FABC
:10C93000F4F74EFA0022134643F2B81184ED0F0AC1
:10C940002846F3F725FEB0EE480AF4F7C5FAF4F7E7
:10C950003FFA0022134643F6B91184ED0A0A28462D
:10C96000F3F716FEB0EE480AF4F7B6FAF4F730FA29
:10C970000022134644F2BA1184ED0B0A2846F3F75D
:10C9800007FEB0EE480AF4F7A7FAF4F721FA2046BA
:10C9900084ED0C0AFFF70EFFBDEC028B204638BD7C
:10C9A000C8CA020800007A43000000000000F842F4
:10C9B00038B5CB680C1DA342054616D01A7C413A07
:10C9C000112A0CD8DFE802F01F25221C19090B09D7
:10C9D0000B0B0B280B0B0B0B0B165A69EA63184653
:10C9E00012F024FA84420346E8D12846FFF7E2FE1B
:10C9F000012038BD5A69AA60F1E75A69AA63EEE7D7
:10CA00005A696A63EBE75A69AA62E8E75A692A63D6
:10CA1000E5E75A69EA62E2E75A696A60DFE700BF60
:10CA20002DE9F047064682B018200D461F4612F049
:10CA30005DF9044648B13A6800230370436083609F
:10CA4000C3601378037400214161371DAF4204F1C4
:10CA5000100A31D094F8108095F81090C8451DD276
:10CA6000F068A84209D0284612F0F3F9037C434548
:10CA700029D2C368002B2ED02846002D2DD00028A7
:10CA800033D001203B462A46214612F0E4F973696F
:10CA900020460133736102B0BDE8F0871ED93069CA
:10CAA000A84218D0284612F0AEF9037C43450AD9B3
:10CAB000EB682BB30546E0E7736923B13069237C4B
:10CAC000027C9A4207D3684652463146FFF702FA83
:10CAD0009DE82100D1E7054638B905462046F5F71F
:10CAE0006DFF284602B0BDE8F087AF42C9D094F888
:10CAF000108095F81090C14594BF00200120C1E737
:10CB0000002DF8D1EAE700BF2DE9F0470E4684B0CA
:10CB1000B3684C21351D8DF80B1007469046294609
:10CB200073B11C46207C4B288ABF2146E468A46868
:10CB3000002CF7D18D4203D00A7C4C2A40F2F880B9
:10CB400004AC0DF10B0944F8049D0DF1080A2346CD
:10CB5000A14ACDF800A03046FFF762FFB3687968BC
:10CB6000416152228DF80B20002B00F0698129468B
:10CB70001C7C512C8ABF1946DB689B68002BF7D1BF
:10CB80008D4202D00B7C522B0ED90DF10B0903AC58
:10CB90000DF1080ACDF800A0234630468E4ACDF8A4
:10CBA0000C90FFF73DFF0146BB684B61B8F1000FE9
:10CBB00007D1D7ED0A7AF5EE407AF1EE10FA00F0DF
:10CBC000C980B36841228DF80B20294673B11A46FB
:10CBD000107C40288ABF1146D2689268002AF7D19B
:10CBE0008D4203D00A7C412A40F2AE8004AC0DF1A4
:10CBF0000B0944F8049D0DF1080A2346764ACDF846
:10CC000000A03046FFF70CFFB368B96A41614222C9
:10CC10008DF80B20002B00F0158129461A46107C58
:10CC200041288ABF1146D2689268002AF7D18D4206
:10CC300003D00A7C422A40F281800DF10B0903AC3B
:10CC40000DF1080A644ACDF800A023463046CDF81D
:10CC50000C90FFF7E5FEB368F96A416143228DF855
:10CC60000B20002B00F0F08029461A46107C422849
:10CC70008ABF1146D2689268002AF7D18D4200F02F
:10CC800092800A7C432A00F28E80386B48614422ED
:10CC90008DF80B2029461A46107C43288ABF11467E
:10CCA000D2689268002AF7D18D4200F0B0800A7CE9
:10CCB000442A00F2AC80786B486145228DF80B2045
:10CCC00029461A46107C44288ABF1146D2689268C9
:10CCD000002AF7D18D4200F081800A7C452A7DD858
:10CCE000B86B486148228DF80B2029461A7C472AE8
:10CCF0008ABF1946DB689B68002BF7D18D4202D0B2
:10CD00000B7C482B0ED90DF10B0903AC0DF1080A71
:10CD1000CDF800A0304623462F4ACDF80C90FFF7FF
:10CD20007FFE0146FB6B4B61012004B0BDE8F0873C
:10CD30007868486152228DF80B2018E7F86A48613C
:10CD400043228DF80B208FE7B86A486142228DF8A4
:10CD50000B2062E7D7ED0B7AF5EE407AF1EE10FA90
:10CD60007FF42FAFD7ED0C7AF5EE407AF1EE10FAA2
:10CD70007FF427AFD7ED0D7AF5EE407AF1EE10FA99
:10CD80007FF41FAFD7ED0E7AF5EE407AF1EE10FA90
:10CD90007FF417AFD7ED0F7AF5EE407AF1EE10FA87
:10CDA0007FF40FAFC0E70DF10B0903AC0DF1080ADA
:10CDB000094ACDF800A023463046CDF80C90FFF785
:10CDC0002FFEB368396B416144228DF80B20002B94
:10CDD0007FF460AF29461FE0B8CA02080DF10B09C5
:10CDE00003AC0DF1080A194ACDF800A023463046DD
:10CDF000CDF80C90FFF714FEB368B96B416148227F
:10CE00008DF80B20002B7FF470AF294680E70DF1E1
:10CE10000B0903AC0DF1080A0C4ACDF800A023461B
:10CE20003046CDF80C90FFF7FBFDB368796B41619C
:10CE300045228DF80B20002B7FF442AF2946D2E724
:10CE40002946A7E62946FDE62946B1E7B8CA020801
:10CE5000014B0360704700BF08C5020810B5034BC3
:10CE600003600446F5F7AAFD204610BD08C5020878
:10CE700030B5D0ED035AD0ED017A90ED056AD1EDD1
:10CE8000016A90ED067A2DED068B91ED00AAD0EDAA
:10CE9000029AD0ED048A3AEE65AAF4EE697AF1EED0
:10CEA00010FA83B00C4615462AEE06AAD6EE878AFB
:10CEB00054D168EEA86A27EEA77AEAEE0A6A37EE3E
:10CEC000077A76EEC76A86EE877A90ED088AB4EE26
:10CED000C87AF1EE10FA0ADC90ED078AB1EE488AC2
:10CEE000B4EEC87AF1EE10FA58BFB0EE478AB7EE4A
:10CEF000000AA8EE480AB1EEC09AB4EE499AF1EEE3
:10CF000010FA3AD1F0EE67AAE9EE88AAF0EE680AC4
:10CF1000B0EE4A0A13F006FD69EE290AF0EE408AE7
:10CF2000B0EE6A0A13F0FEFCF0EE480A38EEC08A52
:10CF3000B0EE490A13F0F6FCDFED157A30EE480A40
:10CF400028EE678A60EE277A85ED008AC5ED017AC2
:10CF5000A368AB6003B0BDEC068B30BD28EEA86AB9
:10CF600067EEA76AAAEE0A6A76EEA65A36EE667AE7
:10CF7000A9EEE97A87EE257AA7E7019013F0D4FCB1
:10CF80000198B0EE409AD0ED017AD0ED029AB9E75F
:10CF9000E02E654270B5DFED327A2DED068B91ED16
:10CFA000009AD1ED018A9FED2F8A89EE279A0446D7
:10CFB00015460E46C8EEA78AB0EE490A13F074FC77
:10CFC000F0EE409AB0EE680A13F06EFCB0EE40AAA4
:10CFD000B0EE490A13F078FBB0EE409AB0EE680A62
:10CFE00013F072FBD4ED027AD4ED016AD4ED055A48
:10CFF00094ED036A27EE800A6AEE277AA6EE890A84
:10D00000E9EEA67A80EE257A37EE060A85ED000A6B
:10D01000D4ED048A94ED067A77EEA87A20EE080A19
:10D02000C7EE878AC5ED018A13F014FC80EE080A6A
:10D0300096ED029A85ED000A28EE880A13F00AFCA4
:10D04000C0EE087A29EE080AC5ED017A13F002FC59
:10D0500080EE080ABDEC068B85ED020A70BD00BFAC
:10D06000E02E65428096184B38B500222DED028BDC
:10D07000414B9FED428A036004460D461346084625
:10D0800046F65641F3F784FAB0EE480AF3F724FF68
:10D09000F3F79EFE0022134647F2574184ED010A42
:10D0A0002846F3F775FAB0EE480AF3F715FFF3F7E1
:10D0B0008FFE0022134641F6476184ED020A28469E
:10D0C000F3F766FA9FED2E0A9FED2E8AF3F704FF21
:10D0D000F3F77EFE0022134641F6487184ED030A01
:10D0E0002846F3F755FA9FED280AF3F7F5FEF3F714
:10D0F0006FFE0022134647F6A16184ED040A28461C
:10D10000F3F746FAB7EE000AF3F7E6FEF3F760FE30
:10D110000022134647F6A27184ED050A2846F3F76C
:10D1200037FAB7EE000AF3F7D7FEF3F751FE002205
:10D1300013464FF44D5184ED060A2846F3F728FABA
:10D14000B0EE480AF3F7C8FEF3F742FE002213469A
:10D1500042F6425184ED070A2846F3F719FAB0EE79
:10D16000480AF3F7B9FEF3F733FEBDEC028B204615
:10D1700084ED080A38BD00BFF0CA0208000016435B
:10D180000000C8423333733F000070C2836810B49C
:10D19000041D8BB1097820461A7C8A422ABF1846A2
:10D1A000DB689B68002BF7D1844205D0037C8B425F
:10D1B00002D85DF8044B704720465DF8044B704779
:10D1C000F0B583B002AC542304F8013D0D46074688
:10D1D00021462846FFF7DAFF2E1DB0421CBF4369E7
:10D1E0007B602146502328468DF80730FFF7CEFF9D
:10D1F00086421CBF4369BB602146582328468DF8F0
:10D200000730FFF7C3FF86421CBF4369FB6021461E
:10D21000592328468DF80730FFF7B8FF86421CBF18
:10D2200043693B612146412328468DF80730FFF7CB
:10D23000ADFF86421CBF43697B61214642232846DD
:10D240008DF80730FFF7A2FF86421CBF4369BB6120
:10D250002146442328468DF80730FFF797FFB04258
:10D260001CBF4369FB612846452321468DF80730E2
:10D27000FFF78CFF86421CBF43693B62012003B06D
:10D28000F0BD00BF2DE9F0438B6885B054220C1D22
:10D290000D468DF80B200646214673B11A46107CC8
:10D2A00053288ABF1146D2689268002AF7D18C426F
:10D2B00003D00A7C542A40F2CB8004AF0DF10B0856
:10D2C00047F8048D0DF108093B46A64ACDF80090B9
:10D2D0002846FFF7A5FBAB687168416150228DF8C5
:10D2E0000B20002B00F03C8121461A46107C4F2871
:10D2F0008ABF1146D2689268002AF7D18C4203D0C7
:10D300000A7C502A40F2AA800DF10B0803AF0DF100
:10D310000809944ACDF800903B462846CDF80C8089
:10D32000FFF77EFBAB68B168416158228DF80B2096
:10D33000002B00F0198121461A46107C57288ABF1D
:10D340001146D2689268002AF7D18C4200F08C8096
:10D350000A7C582A00F28880F068486159228DF8CA
:10D360000B2021461A46107C58288ABF1146D268E5
:10D370009268002AF7D18C4200F0D9800A7C592AA1
:10D3800000F2D5803069486141228DF80B2021469A
:10D390001A46107C40288ABF1146D2689268002A3B
:10D3A000F7D18C4200F0AA800A7C412A00F2A680C4
:10D3B0007069486142228DF80B2021461A46107C84
:10D3C00041288ABF1146D2689268002AF7D18C4260
:10D3D0007BD00A7C422A78D8B069486144228DF813
:10D3E0000B2021461A46107C43288ABF1146D2687A
:10D3F0009268002AF7D18C424FD00A7C442A4CD83C
:10D40000F069486145228DF80B2021461A7C442A98
:10D410008ABF1946DB689B68002BF7D18C4202D08B
:10D420000B7C452B0ED90DF10B0803AF0DF108094C
:10D43000CDF8009028463B464A4ACDF80C80FFF7CD
:10D44000EFFA0146336A4B61012005B0BDE8F08375
:10D450007068486150228DF80B2045E7B06848613C
:10D4600058228DF80B2066E70DF10B0803AF0DF184
:10D4700008093C4ACDF800903B462846CDF80C8080
:10D48000FFF7CEFAAB68F168416159228DF80B20A5
:10D49000002B7FF466AF21464EE00DF10B0803AF81
:10D4A0000DF108092F4ACDF800903B462846CDF8EB
:10D4B0000C80FFF7B5FAAB68F169416145228DF840
:10D4C0000B20002BA1D12146B2E70DF10B0803AFD1
:10D4D0000DF10809234ACDF800903B462846CDF8C7
:10D4E0000C80FFF79DFAAB68B169416144228DF869
:10D4F0000B20002B7FF475AF2146D3E70DF10B080D
:10D5000003AF0DF10809174ACDF800903B462846B5
:10D51000CDF80C80FFF784FAAB6871694161422253
:10D520008DF80B20002B7FF448AF2146D2E70DF198
:10D530000B0803AF0DF108090A4ACDF800903B46ED
:10D540002846CDF80C80FFF76BFAAB683169416172
:10D5500041228DF80B20002B7FF419AF2146D2E732
:10D560002146D6E6E0CA0208214682E7014B036065
:10D57000704700BF08C5020810B5034B036004469E
:10D58000F5F71CFA204610BD08C5020838B5CB686F
:10D590000D1DAB42044626D01A7C413A162A1CD8EF
:10D5A000DFE802F03D3A4340371B1B34311B1B1BA5
:10D5B0001B1B1B1B1B1B1B1B1B1B0C00D3ED057A12
:10D5C00094F82420F5EE407AF1EE10FA0CBF002119
:10D5D000012161F3000284F82420184611F026FC92
:10D5E00085420346D8D1D4ED056AD4ED077A94ED8F
:10D5F000067A76EEE77A012077EEC77AF1EE677A5F
:10D60000C4ED087A38BD5A69A261E6E75A69E26159
:10D61000E3E75A696261E0E75A69A260DDE75A69A7
:10D620006260DAE75A692261D7E75A69E260D4E7B3
:10D6300038B50022474B036004460D4613460846A2
:10D6400045F2D071F2F7A4FF9FED430AF3F744FCD3
:10D65000F3F7BEFB0022134645F6D10184ED010A23
:10D660002846F2F795FF9FED3D0AF3F735FCF3F7F7
:10D67000AFFB002213464AF2437184ED020A2846AA
:10D68000F2F786FF9FED360AF3F726FCF3F7A0FBCF
:10D69000002213464AF6440184ED030A2846F2F7B5
:10D6A00077FF9FED300AF3F717FCF3F791FB0022A9
:10D6B000134642F2CE1184ED040A2846F2F768FFC1
:10D6C0009FED290AF3F708FCF3F782FB00221346CB
:10D6D0004AF6452184ED050A2846F2F759FFB2EED5
:10D6E0000E0AF3F7F9FBF3F773FB0022134643F638
:10D6F000141184ED060A2846F2F74AFF9FED1B0A33
:10D70000F3F7EAFBF3F764FB0022134684ED070A04
:10D7100028464CF25A01F2F73BFF0121F3F7D2FB06
:10D72000F3F7BAFBD4ED056AD4ED077A94ED067AE7
:10D7300094F8243076EEE77A60F3410377EEC77A07
:10D740006FF30003F1EE677A84F82430C4ED087AB1
:10D75000204638BD18CB0208D1A20343A8863E4319
:10D76000000087430000B4429A5991430000F441FD
:10D77000DFED3C7AD0ED015A90ED047AD0ED036AEA
:10D780009FED396AE5EEE70A10B560EEA07A2DED5F
:10D79000068BE0EE007A0C4690ED028AE1EE017A0B
:10D7A00028EE068AE7EE077A78EE608AE6EEE67AF9
:10D7B000C8EE818AE8EE487A31EE011A28EEA8AA6E
:10D7C00087EE819AF0EE476AE7EE0A6AF0EE497A50
:10D7D000E8EE887A27EE267AA7EEE77AB5EEC07AE9
:10D7E000F1EE10FA35D4B1EEC70AB4EE400AF1EE0C
:10D7F00010FA31D1F0EE489AE9EE689AF7EE007A25
:10D800003AEE27AA39EEC00AC0EE0A9AA8EEA99A03
:10D8100038EE697AB1EE490A80EE070A12F02CFE62
:10D820000020DFED127ADFED126A9FED127A20EE12
:10D83000270AB4EEE98AC0EE266AF1EE10FA48BF74
:10D84000B0EE677A76EE877AC4ED007ABDEC068B8F
:10D8500010BD4FF0FF30F9E7B0EE470A13F064F85F
:10D86000C8E700BF3ACD933E3ACD93BE00003443A3
:10D87000DB0F494000000000F0B505460C462DEDD9
:10D88000068B90F8240094ED029AD5ED087AD1ED3C
:10D89000008A91ED018A39EE279A810785B044BF4D
:10D8A000F1EE688AB1EE488A00232846B0EE491AA4
:10D8B000B0EE680AF0EE480A01A9019316460293F9
:10D8C0000393FFF755FF00286FD0013000F09380DD
:10D8D000039B0199029A31607260B36095F824301D
:10D8E000DB0703D405B0BDEC068BF0BD6A4F2068A2
:10D8F0003B685D6812F0DCF9024628680B46D0F8F8
:10D9000008C066492846E0473B6860685D6812F0D9
:10D91000CFF9024628680B46D0F808C0604928466F
:10D92000E0473B68A0685C6812F0C2F902462068D4
:10D930000B4685685B492046A8473B6819EE100AEC
:10D940005C6812F0B5F925680246D5F808C00B46A8
:10D9500020465549E0473B6830685C6812F0A8F9FA
:10D96000024620680B46D0F808C050492046E047E0
:10D970003B6870685C6812F09BF9024620680B46B1
:10D98000D0F808C046492046E0473B68B0685C686C
:10D9900012F08EF9024620680B4685684149204600
:10D9A000A84705B0BDEC068BF0BDDFED419AFEEE59
:10D9B000007A28EE29AA68EEA99A28EE278A68EE4E
:10D9C000A78A78EE690A38EE8A0A2846B0EE491A24
:10D9D00002A9FFF7CDFE00287FF477AF38EECA0A20
:10D9E00078EE290A2846B0EE491A03A9FFF7C0FECF
:10D9F00001307FF46DAF002333607360B36095F83E
:10DA00002430DA077FF56EAF234E2A493368586811
:10DA100003689B689847336820685F6812F048F98C
:10DA2000024638680B46D0F808C023493846E0471C
:10DA3000336860685F6812F03BF9024638680B464D
:10DA4000D0F808C01D493846E0473368A0685C68D4
:10DA500012F02EF9024620680B46876818492046C6
:10DA6000B8473368286A5C6812F022F902462068D9
:10DA70000B46856813492046A847336819EE100AFB
:10DA80005C6812F015F9256802460B46AD680E4930
:10DA90002046A84726E700BFC8020020B8CB0208EE
:10DAA000CCCB0208D8CB0208E4CB0208F4CB0208A6
:10DAB000D7B35D3F30CB020868CB020878CB0208B1
:10DAC00088CB020898CB0208A8CB0208F8B5DFED96
:10DAD000767AD0ED016A9FED757A2DED0A8B90ED87
:10DAE00002CA90ED048A9FED729A60EE278A3CEE9E
:10DAF00066CAB0EE680A2CEE07CA60EEA7BA61EEFD
:10DB000027CA04460F4616461D4612F0DDFD68EE94
:10DB100000AAB0EE680A12F0C7FEF1EE489A29EEAC
:10DB200080AAB0EE6B0A12F0CFFD28EE00BAB0EE7C
:10DB30006B0A12F0B9FE69EE80BAB0EE6C0A12F010
:10DB4000C3FD28EE008AF6EE008AACEE288AACEE21
:10DB500028BA28EE288AB0EE6C0A12F0A5FE2BEE49
:10DB600028BA68EE497A68EE086AECEE28AA2BEE2D
:10DB7000099AE7EEA76A2BEE0B7A2AEE0A5A29EEEB
:10DB8000800AA9EE097AB1EE6A6AF0EE454AE6EE3D
:10DB9000064AE0EE006AABEEAB7A76EEE46A37EE68
:10DBA000647A26EEC9CA7AEE885AA7EE87CA7AEE58
:10DBB0008BAA29EE658A70EE4A9AAAEEA78A66EECB
:10DBC000EA6A2CEE28CAE5EE876A7BEECABA29EE2D
:10DBD000299AB0EE4C7AA6EE487AABEEE79A69EE57
:10DBE000EA9A66EEE88AE5EEAB9AB0EE476A66EE30
:10DBF000097AD4ED035A28EEA87A69EE096AA6EEEE
:10DC0000067AE9EEA96AA5EEE55AE9EEA87A28EEC9
:10DC10004AAA28EE086AEAEE087A76EE86AAA6EE06
:10DC2000057AF1EE006A6AEEA66A37EEA7AA27EE39
:10DC3000667AAAEE0A7AB5EEC07AF1EE10FA2AD424
:10DC4000B1EEC70AB4EE400AF1EE10FA26D170EE3A
:10DC50000A7ABEEE007A67EE877A0020C7EEAAAA9B
:10DC6000E9EEAA8AC5ED00AAC8EE888AC7ED008A47
:10DC7000D5ED007AA7EE89CA8CEE08CA86ED00CAF7
:10DC800095ED007AD4ED087A77EE677AC5ED007AE3
:10DC9000BDEC0A8BF8BD4FF0FF30F9E7B0EE470A54
:10DCA00012F042FED3E700BF35FA8E3C3ACD133F67
:10DCB000D7B3DD3F30B5054685B091ED000AD1ED13
:10DCC000010A91ED021A03AB144601A902AAFFF75B
:10DCD000FDFE95F824309B0707D40199029A039B17
:10DCE00021606260A36005B030BD9DED017ADDED7D
:10DCF000027A039BA360B1EE477AF1EE677A84ED76
:10DD0000007AC4ED017A05B030BD00BF2DE9F043C3
:10DD10008B6885B041220C1D0D468DF80B20064600
:10DD2000214673B11A46107C40288ABF1146D2683A
:10DD30009268002AF7D18C4203D00A7C412A40F233
:10DD4000B6800DF110090DF10B0749F8047D0DF1B6
:10DD500008084B468F4ACDF800802846FEF760FE43
:10DD6000AB687168416142228DF80B20002B00F0F6
:10DD70000D8121461A46107C41288ABF1146D2687F
:10DD80009268002AF7D18C4203D00A7C422A40F2E2
:10DD900094800DF10B070DF10C090DF108087D4A77
:10DDA000CDF800804B4628460397FEF739FEAB6856
:10DDB000B168416143228DF80B20002B00F0E88010
:10DDC00021461A46107C42288ABF1146D2689268C2
:10DDD000002AF7D18C4200F08E800A7C432A00F2A0
:10DDE0008A80F068486144228DF80B2021461A464B
:10DDF000107C43288ABF1146D2689268002AF7D166
:10DE00008C4200F0AA800A7C442A00F2A680306985
:10DE1000486145228DF80B2021461A46107C442883
:10DE20008ABF1146D2689268002AF7D18C427BD013
:10DE30000A7C452A78D87069486149228DF80B2000
:10DE400021461A46107C48288ABF1146D26892683B
:10DE5000002AF7D18C4236D00A7C492A33D8B069DF
:10DE6000486148228DF80B2021461A7C472A8ABF38
:10DE70001946DB689B68002BF7D18C4202D00B7CE3
:10DE8000482B0ED90DF10B070DF10C090DF1080807
:10DE9000CDF8008028464B463E4A0397FEF7C0FD6A
:10DEA0000146F3694B61012005B0BDE8F08370685D
:10DEB000486142228DF80B205BE7B068486143223D
:10DEC0008DF80B207CE70DF10B070DF10C090DF11E
:10DED0000808304ACDF800804B4628460397FEF7E5
:10DEE0009FFDAB68B169416148228DF80B20002B82
:10DEF000BAD12146CCE70DF10B070DF10C090DF15C
:10DF00000808244ACDF800804B4628460397FEF7C0
:10DF100087FDAB68F168416144228DF80B20002B2E
:10DF20007FF464AF21461EE00DF10B070DF10C09E3
:10DF30000DF10808174ACDF800804B462846039794
:10DF4000FEF76EFDAB687169416149228DF80B20C7
:10DF5000002B7FF475AF2146BBE70DF10B070DF1E8
:10DF60000C090DF108080B4ACDF800804B462846F5
:10DF70000397FEF755FDAB683169416145228DF885
:10DF80000B20002B7FF448AF2146D3E7214606E75C
:10DF90002146B6E708CB0208D0ED016A91ED017A7F
:10DFA000D0ED027A91ED006A27EE667AA7EE867AC6
:10DFB00082ED007A91ED016A91ED007A67EE867A42
:10DFC000E6EE877AC2ED017A8B689360704700BFF6
:10DFD000D0ED016A91ED017AD0ED027A91ED006AFF
:10DFE000F1EE666A27EE667AA7EE867A82ED007A0F
:10DFF00091ED016A91ED007A67EE867AE6EE877A16
:10E00000C2ED017A8B689360704700BF014B0360DB
:10E01000704700BF08C5020810B5034B03600446F3
:10E02000F4F7CCFC204610BD08C502080000000033
:10E0300010B50022184B2DED028B044603601346E9
:10E04000084649F67051F2F7A3FA9FED140AF2F769
:10E0500043FFF2F7BDFE10EE100A11F029FE0CA3EB
:10E06000D3E9002311F078FE12F0A8F800EE100AB0
:10E0700008EE100A12F018FC84ED010AB0EE480A0E
:10E0800012F022FBBDEC028B204684ED020A10BD8B
:10E09000399D52A246DF913F10CC020800000000DB
:10E0A00010B50446406B074B236008B1F4F786FCBB
:10E0B000A06A08B1F4F782FC2046F4F729FD204657
:10E0C00010BD00BF70CC02088B88B3F54C4F30B444
:10E0D00001D030BC7047CB8846F6BD12934231D098
:10E0E00044F29362934220D042F2EC02934230D049
:10E0F00044F68A52934233D048F215029342E8D153
:10E10000436B0A7C5D7F93F83D4093F85D00CB68DC
:10E11000C5F30015C4F30014C0F3001042F001026F
:10E120001D705C7098700A74D3E7426BCB685468BA
:10E13000087C1C60546A5C60546C9C6040F0010276
:10E140000A74C6E70B7C1C3043F00303C8600B74F1
:10E15000BFE70B7C043043F00303C8600B74B8E7DF
:10E1600090F842000A7CCB68C0F38200033818BFE5
:10E17000012042F0010218700A74AAE78B88B3F5F7
:10E180004C4F10B402D05DF8044B7047CB8846F674
:10E19000BD12934225D044F293629342F3D1CB68EF
:10E1A0005DF8044BD3ED007AF4EE677AF1EE10FAE5
:10E1B0007CBF426BC2ED017AD3ED017AF4EE677A4F
:10E1C000F1EE10FA7CBF426BC2ED097AD3ED027A10
:10E1D000F4EE677AF1EE10FA7CBF436BC3ED117A6F
:10E1E0007047CB680A7C1C68C4615C6804629C68E8
:10E1F000446242F001030B74C5E700BF10B504464A
:10E20000406B084B236008B1F4F7D8FBA06A08B153
:10E21000F4F7D4FB2046F4F77BFC2046F4F7CEFB62
:10E22000204610BD70CC02082DE9F00F90F8423066
:10E23000C3F38203012B04D090F8423013F01C0F7B
:10E2400034D1436B866BB34230D0324A4FF0010C6D
:10E25000176814E0FD68D5F8089059F8218098F8FF
:10E260003950AD0708D592F806A01AF0020F21D157
:10E2700011896FF30F01118120339E4216D09A69E4
:10E28000002AF9D090F84240597FC4F3401401F0BD
:10E290000701002CDED00129DCD885690CFA01F8D1
:10E2A00018EA050FD6D120339E42E8D10020BDE800
:10E2B000F00F7047156892F804B02D6925FA0BF538
:10E2C0008AEA050A1AF0010FD2D0B2F808A045690F
:10E2D000AA4504D20AF1010AA2F808A0CCE754B971
:10E2E000B8F838106FF34921A8F83810D17A41F006
:10E2F0001001D172C0E70129F2D8D9F800100C8FB3
:10E300006FF349240C87D9F804100C8F6FF349245C
:10E310000C87EBE7C802002010B50446F4F708FCB0
:10E3200022460D4B42F8043B94F84210043200237D
:10E33000636021F01C0142F8043B41F00C011360C2
:10E340002046A361A362E36223636363A363E36381
:10E3500084F8421010BD00BF70CC02082DE9F043D4
:10E36000A94FDFF8AC923968002285B00446134605
:10E37000486943F6E741F2F70BF90021F2F7A2FDF5
:10E38000F2F726FD3B68BCEEC00A002284ED050AC8
:10E39000586946F232311346F2F7FAF86421F2F77F
:10E3A00091FDF2F715FD3B68BCEEC00A002284ED3A
:10E3B000040A586949F680711346F2F7E9F800211A
:10E3C000F2F780FDF2F768FD94F8423060F34513F0
:10E3D00084F842303B68002258694EF2EF01134640
:10E3E000F2F7D6F80021F2F76DFDF2F755FD94F83B
:10E3F000423060F3861384F842303B68002258694B
:10E400004BF262011346F2F7C3F80021F2F75AFD0E
:10E41000F2F742FD94F8423060F3C71384F84230BB
:10E420003B68002258694FF6EF611346F2F7B0F8E7
:10E430000021F2F747FDF2F72FFD94F8433060F327
:10E44000000384F843303B680022586946F60E61A9
:10E450001346F2F79DF80021F2F734FDF2F71CFDA8
:10E4600094F8433060F3410384F843303B68002262
:10E47000586946F25F011346F2F78AF80021F2F775
:10E4800021FDF2F7A5FC3B6884ED070A00225869DC
:10E490004FF2F4411346F2F77BF80021F2F712FD38
:10E4A000F2F796FC3B6884ED080A0022586943F6AF
:10E4B0005C311346F2F76CF80021F2F703FDF2F736
:10E4C00087FC3B6884ED090A0022586948F602611E
:10E4D0001346F2F75DF86A4605464C4903A811F069
:10E4E000EFF903A92846F2F7FDFC014602A8F2F76E
:10E4F000CDFC039BA3F10C0048456FD1236C029E19
:10E500006FF31103236456F80C3C022B05D9A16B61
:10E51000626B8A1AB3EB621F1DD93B6800225869EF
:10E520004FF263211346F2F733F894F84210C1F327
:10E530008011F2F7C7FCF2F7AFFC94F84330029A6F
:10E5400060F38203A2F10C00484584F8433050D1B7
:10E5500005B0BDE8F08394F842205106DDD4D2091D
:10E56000DBD156F8042C002A36DB02A810F074FF29
:10E57000029E56F8043C002B2ADB02A810F06CFF28
:10E58000029A52F80C3C02EB03084645C5D0002520
:10E5900007E0C3F311010A4362F31103B04523649A
:10E5A000BBD016F8010B15F079FEC0B257288CBF0E
:10E5B000A0F15803A0F13E030133062B03FA05F244
:10E5C00005F10305236CE4D96FF311032364A4E779
:10E5D00056F80C3C3246D6E73246D4E753F8042CC2
:10E5E000511E002A43F8041C88DC01A910F0CEFE5D
:10E5F00084E752F8043C591E002B42F8041CA7DCA7
:10E6000003A910F0C3FEA3E7C8020020C0DE020881
:10E6100094050020F0B4064629B18D79C5F3400079
:10E6200020B9F0BC70470846F0BC70470F68097904
:10E63000C5F3000500233A69CA4002F00102013324
:10E6400092EA0500DBB2ECD03469A342F3D3F0BC0C
:10E65000704700BF2DE9F84390F84230C3F38203BE
:10E66000062B06462AD090F84230C3F38203032BD0
:10E6700001D0BDE8F883846AC76ABC42F9D0DFF8EC
:10E6800004912546DFF8FC802968CB7A180704F14D
:10E69000040403F007020DD5D9F80030DB689B684D
:10E6A00053F8223093F839309B07304602D5FFF7F4
:10E6B000B1FF78BBA742E4D1BDE8F883826AC06AA3
:10E6C000824210D1D5E7198934694D1CA1421D81C0
:10E6D00007D996F8423023F01C0343F00C0386F868
:10E6E0004230904214D052F8043BD97A0F07F8D543
:10E6F00099798D07E7D51C681D792469EC40614044
:10E70000CC07E0D51A896FF30F021A81BDE8F883B0
:10E71000BDE8F883D8F8003093F8A8205868D96885
:10E7200012F0040F2A688F6892F80BE0937A02685F
:10E7300008BF1249946818BF11490EF0070257F834
:10E74000222092F8392012F0010F0CBF2B222D222B
:10E75000A0472B6896F842101A89D8F8000021F0DB
:10E760001C0141F018016FF30F0286F842101A8164
:10E7700007210022BDE8F843F3F730BAA0CC020825
:10E78000D4CC0208C802002070B590F842302DEDBC
:10E79000028B5A068EB0044607D401F00301032908
:10E7A00003D00EB0BDEC028B70BD636B94F84220B9
:10E7B00093ED0C7AD3ED047A304DDFED316A2B689E
:10E7C000B4EEE77A22F01C02F1EE10FA42F01402E5
:10E7D00048BFF0EE477A84F84220D86827EEA68A30
:10E7E000FBF7D6FE2B68DA6892F8343043F0020368
:10E7F00082F83430DB0703D5DFED227A88EE278AF2
:10E80000214E18EE100A11F053FA204ACDE900010A
:10E81000202106A814F076F906A8059614F069FAE6
:10E8200006A9024605A810F05DFE04AA184B286848
:10E8300004930121F3F7D2F92B6801219869F8F7C5
:10E840002DFF2B68D868F9F7AFFA94F84220059BA2
:10E8500022F01C020C3EA3F10C0042F00C02B0426C
:10E8600084F842209DD053F8042C511E002A43F80E
:10E87000041C96DC03A910F089FD92E7C802002071
:10E88000000070423333CB41A0050020ECCC0208DD
:10E890002C03002010B5836903F00301032984B021
:10E8A00003F0010230D10022436B019202920392E5
:10E8B00093ED027A8DED017AD3ED0A7ACDED027AED
:10E8C0005A7F120751D493F83D202B4C110744BFB7
:10E8D000F1EE677ACDED027A93ED0C0AD3ED047A6E
:10E8E0002368B4EEE70AF1EE10FA58BFB0EE670AFB
:10E8F000D86801A90322FAF761F823680121986911
:10E90000F8F7CCFE04B010BDCAB10022436B0192EF
:10E9100002920392D3ED027A174CCDED017A5A7F21
:10E92000120744BFF1EE677ACDED017A93ED040A48
:10E93000236801A9D8680322FAF740F8DDE79C07AD
:10E9400018D5436B029201920392D3ED0A7A0A4CD6
:10E95000CDED027A93F83D20110744BFF1EE677ABE
:10E96000CDED027A93ED0C0AE2E7B1EE477A8DED38
:10E97000017AA8E7004CC0E7C80200202DE9F04F5B
:10E980002DED028B85B00646826AD0F82CE07245E8
:10E9900000AF6D460BD052F8043B1C89D87A6FF358
:10E9A0000F046FF3041096451C81D872F3D196F8CA
:10E9B0004320D00740F1A481DFF8E483D8F8003089
:10E9C000DB6893F8340040F0200083F8340093F8BB
:10E9D000344096F84200B16120F01C0044F0100170
:10E9E00086F8420083F83410930740F1D381B3696D
:10E9F0005C071FD5736B002293F85D10D3ED127A7C
:10EA00007A60BA60D8F80020C7ED037A080748BFDB
:10EA1000F1EE677A93ED140AD06848BFC7ED037A28
:10EA2000391D0322F9F7CAFFD8F80030012198698F
:10EA3000F8F734FE96F84330990700F1A781706B20
:10EA4000D6F838C0D6F818E0C0EB0C037F2B55D9A8
:10EA500003244FF0010A04F01F030AFA03F313EA38
:10EA60000E0F9FEDCE8A4FF0040910D14B46C0EB3C
:10EA70000C02B3EB621F04F1010409F101093DD25C
:10EA800004F01F030AFA03F313EA0E0FEED04FEA65
:10EA900089030A3323F00703EB46ADEB030D694608
:10EAA0006A4600230133A342A2EC018AFAD900EBA3
:10EAB0004410D0ED027A01EB8403C3ED007A427F6B
:10EAC000120748BFF1EE677AD8F8002048BFC3EDBF
:10EAD000007A90ED040AD0685FFA89F2F9F76EFFC8
:10EAE000D8F8003001219869F8F7D8FD4B46DD468B
:10EAF000D6F818E0706BD6F838C0B8E71EF0010FF2
:10EB000000F0F380044600214FF0010909FA01F3F7
:10EB100013EA0E0F01F1010104D196F842305A06B2
:10EB200040F11C81A369DA7AC2F30012002A00F0D6
:10EB30001F81032904F12004E8D1C0EB0C0252111B
:10EB4000032A00F2E38096F84330DC0740F1FA80B4
:10EB5000E646034696F8421090000A3020F007007F
:10EB600021F01C01ADEB000D41F008016C4686F868
:10EB7000421042B14FF0000C694600200130904233
:10EB800041F804CBFAD1734593ED058A28D0D6F825
:10EB9000189003F120014FF0010C587F00F007009E
:10EBA00004EB800A0CFA00F019EA000F13D051EDC3
:10EBB000057ACAED007A587F00075CBFF1EE677AEC
:10EBC000CAED007AD3ED057AB4EEE78AF1EE10FAD9
:10EBD00058BFB0EE678A20339E4501F12001DCD199
:10EBE000D8F80030D2B2D8682146B0EE480AF9F71A
:10EBF000E5FED8F8003001219869F8F74FFD96F846
:10EC00004230D6F83490D6F838E023F01C0343F0B5
:10EC10000403F14586F842302ED0D6F818A09FEDB7
:10EC20005F7A09F120014B464FF0010C11E051EDE4
:10EC3000057A77EEA77ACBED007A5A7F120703D5D3
:10EC4000F1EE677ACBED007A20339E4501F1200189
:10EC500012D05A7F02F007020CFA02F01AEA000FF3
:10EC600004EB820BE3D1203304EB82029E4582ED5C
:10EC7000007A01F12001ECD1D8F80030C9EB0E0286
:10EC8000C2F34712B0EE480A2146D868F9F796FE5B
:10EC9000D8F8003001219869F8F700FDD8F8003065
:10ECA000D868F9F709FCD8F8003096F84310DB680B
:10ECB00093F83420C9076FF3041283F8342005D584
:10ECC00093F834206FF3451283F8342096F84230DD
:10ECD00023F01C0343F00C0386F842301437AD4692
:10ECE000BD46BDEC028BBDE8F08F1EF0060F7FF431
:10ECF00009AFC0EB0C025211032A7FF624AF05E0E6
:10ED0000DFF89C80D8F80030DB6860E60446032119
:10ED10004FF0010901F01F0309FA03F313EA0E0F84
:10ED200001F1010105D0A36FDB7AC3F30013002BBF
:10ED300038D0914204F12004ECD196F84330DC073E
:10ED40003FF506AFD8F80030D868F9F7B5FB736B1C
:10ED5000D6F838E0C3EB0E025211FBE6DB093FF4B4
:10ED6000E8AEA369DA7AC2F30012002A7FF4E1AEBA
:10ED700096F84230D8F8000023F01C0343F00C034F
:10ED800086F842300721F2F729FF19E03046FFF7F5
:10ED900081FD54E63046FFF77DFD28E600000000C7
:10EDA000C802002096F84210D8F8000021F01C019B
:10EDB00041F00C0186F842101A460721F2F70EFFC7
:10EDC0001437AD46BD46BDEC028BBDE8F08F00BFE9
:10EDD000F0B5664E33682DED028BDB6889B00C46CA
:10EDE000D3F81021D3F80C110546D3F8080105AB70
:10EDF00007C320465821FCF763FF58B36B6B5B7F5A
:10EE0000DB0608D4E0685A4903685B69984709B093
:10EE1000BDEC028BF0BD3368DF680022204658212C
:10EE2000FCF762FF97F834309DED057ADF0748BFA5
:10EE3000DFED507A6B6B48BF20EE270AD3ED017AE5
:10EE40005A7F30EE470A6FF3041237EE800A5A7782
:10EE500083ED010A20465921FCF732FF70B36B6B3A
:10EE600093F83D30D80608D4E068434903685B69ED
:10EE7000984709B0BDEC028BF0BD3368DF685921BB
:10EE800000222046FCF730FF97F834309DED067ADB
:10EE9000D90748BFDFED377A6B6B48BF20EE270AF2
:10EEA000D3ED097A93F83D2030EE470A6FF3041250
:10EEB00037EE800A83F83D2083ED090A20465A2167
:10EEC000FCF7FEFE00284CD06B6B93F85D30DA0641
:10EED0003ED53368DE6820465A210022FCF704FF45
:10EEE00096F834309DED077A6E6BDB0748BF9FEDD7
:10EEF000218AD6ED117A96F85D304CBF20EE088A53
:10EF0000B0EE408A38EE478A6FF3041338EE278A52
:10EF100086F85D3086ED118A7068E76810F0C8FEEB
:10EF20000446706A3E680D4610F0C2FECDE900014D
:10EF300018EE100A10F0BCFECDE9020122462B4665
:10EF4000B4680E493846A04709B0BDEC028BF0BD4D
:10EF5000E0680B4903685B69984709B0BDEC028B18
:10EF6000F0BD6E6B96ED118AD6E700BFC802002097
:10EF700000CD02083333CB413CCD0208B4CD0208AA
:10EF800078CD020830B5344C2DED028B2368054650
:10EF900091B0D868FBF7FCFA236895ED017ADA683E
:10EFA00092F8343043F0020382F83430DB073ED568
:10EFB0009FED2A8A87EE087A17EE100A10F078FE85
:10EFC000D5ED027AC7EE887A02460B46CDE90023DA
:10EFD000234D17EE900A10F06BFE224ACDE9020194
:10EFE000202108A813F08EFD08A8079513F081FED4
:10EFF00008A9024607A810F075FA06AA1A4B20685D
:10F0000006930121F2F7EAFD236801219869F8F7D8
:10F0100045FB2368D868F8F7C7FE079B0C3DA3F1B2
:10F020000C00A8420CD111B0BDEC028B30BD17EE24
:10F03000100A10F03DFED5ED027A02460B46C5E7F8
:10F0400053F8042C511E002A43F8041CEBDC05A9DC
:10F0500010F09CF9E7E700BFC80200203333CB4132
:10F06000A0050020F8CD02082C0300202DE9F04176
:10F070008A8840F202439A420C4602D00120BDE841
:10F08000F0810DF045FE114E114D074607E0306846
:10F09000F2F7A4FD0DF03CFEC01BA84213D8A379E3
:10F0A00098074FF003014FF00002F0D5D4F800802C
:10F0B0002079D8F810C02CFA00F0434013F001007A
:10F0C000E5D0BDE8F0810020BDE8F081C802002055
:10F0D000A0860100F8B542680368D31A9B10044665
:10F0E0000F4605D05A00934226D96FF0030600E080
:10F0F000042630460FF0FAFD054694E809001B1A75
:10F100009B109A003968AF1807D045F8231094E88F
:10F1100009001B1A9B109A00AF1823B1014628461C
:10F1200013F00BFA2068043708B1F3F747FC2E44BC
:10F13000A66084E8A000F8BDB2F1804FD5D2DE0011
:10F14000D7E700BF2DE9F84F42680368D31A5B1177
:10F1500006460D4605D05A00934232D96FF01F087B
:10F1600001E04FF0200840460FF0C0FDD6F800A0A7
:10F170007368CAEB03034FEA631C4FEA4C1B10EBA6
:10F180000B09074606D00FCD4C460FC495E80F007B
:10F1900084E80F00BCF1000F0CD1504609F12004A7
:10F1A00008B1F3F70BFC07EB0803B360376074603A
:10F1B000BDE8F88F51465A46384613F0BEF930681C
:10F1C000ECE7B2F1006FC9D24FEA8318CBE700BF7A
:10F1D0002DE9F041066845688368AD1B6D119B1BE6
:10F1E000B5EB631F04461FD0A5B9A8462B4603EB19
:10F1F00008072DB118463146424613F09EF90346E2
:10F2000020686760A760236008B1F3F7D7FB01208F
:10F21000BDE8F081B5F1006F09D24FEA45184046CC
:10F220000FF064FD0346E2E70020BDE8F08110F036
:10F23000CBFB00BF2DE9F041066845688368AD1B34
:10F24000AD109B1BB5EBA30F04461FD0A5B9A84674
:10F250002B4603EB08072DB118463146424613F002
:10F260006CF9034620686760A760236008B1F3F774
:10F27000A5FB0120BDE8F081B5F1804F09D24FEA2E
:10F28000850840460FF032FD0346E2E70020BDE866
:10F29000F08110F099FB00BF2DE9F04F2DED028BAE
:10F2A000B74CA1B0064604F1300E11AF206861687A
:10F2B000A268E3683D460FC5103474452F46F5D16A
:10F2C00020686168A268AF4DDFF8CC829FEDAE8AFE
:10F2D00007C706F13400002103900DF142044FF0FE
:10F2E000580B02919DF841302A688DED0A8A0BF087
:10F2F000070003F0EF0360F3020300278DF84130AD
:10F3000000903B46506921890F973A468DF840B0EE
:10F31000F1F73EF96421F1F7D5FDF1F759FD2B68BE
:10F32000618958698DED0D0A3A463B46F1F730F98F
:10F330000A21F1F7C7FDF1F74BFD2B68A189586948
:10F340008DED0E0A3A463B46F1F722F90521F1F719
:10F35000B9FDF1F73DFD2B68E18958698DED0C0A87
:10F360003B463A46F1F714F905AA0746874907A82C
:10F3700010F0A6FA07A93846F1F7B4FD014608A82F
:10F38000F1F784FD08A882490FF090FF9DF8413005
:10F39000089A003018BF012060F3C303A2F10C00EB
:10F3A00040458DF8413040F03381079BA3F10C00BC
:10F3B000404540F039819DF841202B68C2F3C002DE
:10F3C000002A00F0D1800022218A58691346F1F703
:10F3D000DFF80021F1F776FDF1F7FAFC2B68E18800
:10F3E00058698DED090A00221346F1F7D1F84FF460
:10F3F000FA71F1F767FDF1F7EBFCA2468DED0B0A10
:10F40000002701940C200FF071FC0446F3F7DAFB9F
:10F410002B680694002258693AF8021F1346F1F748
:10F42000B7F804AA81465B4907A810F049FA07A972
:10F430004846F1F757FD014608A8F1F727FD08A94E
:10F440002046F3F745FC8379990700F18280089BF9
:10F45000A3F10C00404540F0C380079BA3F10C00D2
:10F46000404540F0C980069883799A073CD4F3F769
:10F47000A5FA0137022FC5D1D6F83890F36B019C5D
:10F48000994500F0A880B9F1000F09D00DF1240CC6
:10F49000BCE80F004F460FC79CE80F0087E80F003D
:10F4A00009F12003B3630BF1010B5FFA8BFBBBF196
:10F4B0005B0F04F114047FF415AFB26AF36A9A4249
:10F4C0007CD00398FFF784FE06F12800FFF7B2FE18
:10F4D0003046FEF743FF029A002A63D1012021B093
:10F4E000BDEC028BBDE8F08FF36A326B93426BD0B8
:10F4F000002B61D01860F36A069C0433F3629DF818
:10F5000041301B074AD5002F4AD084F80AB0009931
:10F51000E37A61F30203E3722A68238901986FF3A7
:10F520000F03818A5069238100221346F1F730F8D6
:10F530000021F1F7C7FCF1F7AFFCE37A60F3C303F6
:10F54000E372069B0299DB7AC3F3C003194302916D
:10F550008FE70279036852001968032000FA02F26B
:10F5600021EA02021A6072E7618A58691346F1F7CC
:10F570000FF8C821F1F7A6FCF1F72AFC2EE700BF2F
:10F5800028CC0208C80200200000000008CE0208B3
:10F5900014CE02087CBC020894050020012FB4D1CF
:10F5A0000F94B2E730460321F3F7C8FA012021B0E7
:10F5B000BDEC028BBDE8F08F04469EE7002021B031
:10F5C000BDEC028BBDE8F08F06F1280006A9FFF71D
:10F5D00081FD069C93E7039809A9FFF7B3FD62E755
:10F5E00053F8042C511E002A43F8041C3FF735AF92
:10F5F00005A90FF0CBFE30E753F8042C511E002A6A
:10F6000043F8041C3FF72FAF08A90FF0BFFE2AE70D
:10F6100052F8043C591E002B42F8041C3FF7C5AEBB
:10F6200006A90FF0B3FEC0E653F8042C511E002AC1
:10F6300043F8041C3FF7BFAE08A90FF0A7FEBAE6D7
:10F640002DE9F04F2DED068BCFB0804616AB002094
:10F65000197F5A7F9861002565F3070165F302025F
:10F6600019775A774EA920338B42F1D1A64E0B95CC
:10F6700033680C9558690D950BA94FF44C42F0F77F
:10F6800039FF0B9CDDF830B002955C4500F0B48288
:10F690009FED9EAA039501E0A3454AD0336834F854
:10F6A000025B58692A464FF44C4147F26933F0F740
:10F6B0006FFFF1F7F1FB0028EED00C200FF016FBE6
:10F6C0000746F3F77FFA904A089713684FF44C41C6
:10F6D00058692A4649F24823F0F75AFF07AA81469B
:10F6E0008B490AA810F0ECF80AA94846F1F7FAFB92
:10F6F00001460EA8F1F7CAFB38460EA9F3F7E8FA5F
:10F7000083799A0700F1C7800E9B824FA3F10C000A
:10F71000B84240F073820A9BA3F10C00B84240F05B
:10F720008582089883799B0753D4F3F747F9A3455B
:10F73000B4D1D8F82820D8F82C309A4200F04F8263
:10F7400016AD08F134090024DDF808A00AE0022C07
:10F7500040F2AC80A24580F0C0800134072C05F156
:10F7600020051DD02B7F002BF1D0D8F838E0D8F839
:10F770003C309E4500F03B82BEF1000F07D02F4683
:10F780000FCF76460FC697E80F0086E80F000134CA
:10F790000EF12003072CC8F8383005F12005E1D11F
:10F7A0004846FFF715FD08F12800FFF743FD4046E6
:10F7B000FEF7D4FD039A002A40F0F38101240B9850
:10F7C00008B1F3F7FBF820464FB0BDEC068BBDE85F
:10F7D000F08F33684FF44C4158692A4643F2B653D0
:10F7E000F0F7D6FE07AA81464B490EA810F068F83C
:10F7F0000EA94846F1F776FB014609A8F1F746FB4A
:10F800000E9BA3F10C00B84240F00482099A52F812
:10F810000C3C5BB352F8043C002B03DB09A80FF04F
:10F820001BFE099A1078019214F038FD4138019AB4
:10F8300019281BD8DFE810F09B01980195011A00E8
:10F840001A001A001A001A001A001A001A001A00E8
:10F850001A001A001A001A001A001A001A001A00D8
:10F860001A001A001A00920172009E010898F3F71C
:10F87000A5F8099BA3F10C00B8423FF40DAF53F873
:10F88000042C511E002A43F8041C3FF705AF0EA9B3
:10F890000FF07CFD00E7027903685200196803202D
:10F8A00000FA02F221EA02021A602DE7D8F838E0E5
:10F8B000D8F83C109DF85520149364F3020204F12B
:10F8C00058038E458DF855208DF8543016D0BEF172
:10F8D000000F3FF45CAF0EAF52E7D8F838E0D8F82D
:10F8E0003C109DF85520149364F3020204F1410387
:10F8F0008E458DF855208DF85430E8D148460EA934
:10F90000FFF720FC29E700BFC8020020000000002C
:10F910007CBC020894050020C0DE02084FF00109FB
:10F920003368D96891F89C11894580F04081089925
:10F9300052F804EC0889DDF808C06FF30F00CC45DD
:10F9400038BFCC46BEF1000FCDF808C00881C0F228
:10F95000148109A800910FF07FFDC04ADDF820A0B6
:10F9600013680099099A10788DE80A0014F096FC43
:10F97000009988729AF80B20CDF8109069F3020272
:10F980008AF80B20019B2A4658694FF44C4144F6F3
:10F99000E923F0F7FDFD0021F1F794FAF1F77CFA85
:10F9A0009AF80B3060F3C3038AF80B30089A039976
:10F9B000D07AD8F82C30C0F3C00001430391D8F8B6
:10F9C00030108B4200F00D8113B11A60D8F82C3042
:10F9D0000433C8F82C3033684FF44C4158692A4638
:10F9E00045F6A853F0F7D4FD06AA82469C490EA816
:10F9F0000FF066FF0EA95046F1F774FA01460AA807
:10FA0000F1F744FA0E9BA3F10C00B84240F01A81C2
:10FA10000AA893490FF04AFC002800F0B080099B27
:10FA200053F8042C002A03DB09A80FF015FD099BED
:10FA3000187814F033FC3368089A05925FFA80FC5A
:10FA40002A465869CDF804C04AF2BC034FF44C4131
:10FA5000F0F79EFD6421F1F735FAF1F7B9F9336853
:10FA60002A464FF44C41586946F2D343F0EE408A9F
:10FA7000F0F78EFD0A21F1F725FAF1F7A9F93368BD
:10FA80002A464FF44C4158694FF2F703B0EE408AD2
:10FA9000F0F77EFD0521F1F715FAF1F799F97149B3
:10FAA0000AA8B0EE409A0FF001FC3368D0F1010AC9
:10FAB0002A4638BF4FF0000A4FF44C41586948F2CB
:10FAC0005C73F0F765FDBAF1000F0CBFC82100218F
:10FAD000F1F7F8F9F1F77CF933682A4658694FF4E1
:10FAE0004C4142F63713F0EE409AF0F751FD4FF4D7
:10FAF000FA71F1F7E7F9F1F76BF916AB03EB491976
:10FB0000DDF804C099F81D3089F81CC0DDF810C07C
:10FB10000A9A059989ED020A6CF302036AF3C3039A
:10FB2000A2F10C006FF30413B842C9ED009A89EDFD
:10FB300001AA89ED039AC9ED048A89ED058AC9F8FD
:10FB4000181089F81D303FF494AE52F8043C591E49
:10FB5000002B42F8041C3FF78CAE1EE04FF000096A
:10FB6000DEE64FF00509DBE64FF00409D8E64FF07A
:10FB70000309D5E64FF00209D2E68A46F3E60A9B6E
:10FB8000A3F10C00B8423FF474AE53F8042C511E9C
:10FB9000002A43F8041C3FF76CAE0EA90FF0F6FBE9
:10FBA00067E640460321F2F7C9FF012407E65868DB
:10FBB0002D4903684A469B6898470898F2F7FEFE6D
:10FBC000099BA3F10C00B84209D053F8042C511E34
:10FBD000002A43F8041C02DC0EA90FF0D7FB002416
:10FBE000EDE508F1280008A9FFF774FAF3E64846A6
:10FBF0002946FFF7A7FAB0E503959AE553F8042CD8
:10FC0000511E002A43F8041C3FF785AD09A90FF0E7
:10FC1000BDFB80E553F8042C511E002A43F8041C58
:10FC20003FF7F4AD0AA90FF0B1FBEFE553F8042C50
:10FC3000511E002A43F8041C3FF773AD0EA90FF0C4
:10FC4000A5FB6EE553F8042C511E002A43F8041C52
:10FC50003FF7DEAE07A90FF099FBD9E6C8020020F6
:10FC600070CE020808CE020820CE020870B53B4DC7
:10FC70002968002284B013460446486947F23C7163
:10FC8000F0F786FC0021F1F71DF9F1F705F950B105
:10FC90002046FFF701FB58B91CB1236820465B687A
:10FCA000984704B070BD2046FFF7CAFC0028F3D087
:10FCB00020460221F2F742FF20460521F2F73EFFDF
:10FCC00006212046F2F73AFF2B6818205D6A0FF0F4
:10FCD0000DF80646F1F7AEF9214B224A1B68019652
:10FCE0009B0BA2FB03139B0900EE103AB8EEC00A6F
:10FCF00010F02EFD1C4B02930023039304AB13E979
:10FD00000300BDEEC00A06F10803746086ED040A24
:10FD100083E8030086ED050A72B62B69B3F57A7F96
:10FD20000CD3AB68EA68934212D0019A0BB11A6007
:10FD3000AB680433AB6062B604B070BD4FF47A7147
:10FD400029612846F3F744FAAB68EA689342ECD19C
:10FD5000281D01A9F4F796FEEDE700BFC8020020B8
:10FD6000D0010020D34D621029E2000842680368E8
:10FD7000D31ADB102DE9F0470546884639D05A00E2
:10FD800093423BD96FF0070948460EF0AFFF2F684A
:10FD90006C68E31B23F00703C318064600F1080A4A
:10FDA00005D098E8030083E803006C682F68A74239
:10FDB00022D03B4632461AB193E8030082E80300A2
:10FDC0000833A34202F10802F5D107F1080ACAEB91
:10FDD000030A2AF0070AB24428680AF1100A08B197
:10FDE000F2F7ECFD06EB0903AB6085E84004BDE8E3
:10FDF000F0874FF00809C7E73846F0E7B2F1005F37
:10FE0000C0D24FEA0319BFE738B543688568AB42F3
:10FE1000024607D01BB103C983E8030053680833C7
:10FE2000536038BDFFF7A2FF38BD00BF2DE9F04396
:10FE300043680E4681688B4283B0054623D023B1C8
:10FE400013E9030083E803006B68A3F10804A41B13
:10FE5000E41003F10801002C6960C8BF181F0BDD16
:10FE600010F80C5C03F8085C50F8085D43F8045C7B
:10FE7000013CA3F10803F3D151681378337071602A
:10FE800003B0BDE8F08301685B1ADB1049D1711A39
:10FE9000CC104FF00809484601920EF027FF019A56
:10FEA000074600F1080817EBC4041CBF92E80300E2
:10FEB00084E803002C68A64213D022463B461BB1BF
:10FEC00092E8030083E803000832964203F1080336
:10FED000F5D10834C4EB060828F00708B84408F147
:10FEE00010086C68A64212D0324643461BB192E815
:10FEF000030083E803000832944203F10803F5D1BC
:10FF000006F10803E31A23F007030833984428682E
:10FF100008B1F2F753FD07EB0903AB6085E88001F8
:10FF2000AEE75F00711ABB424FEAE10402D96FF0FD
:10FF30000709B0E7B7F1005FF9D24FEA03194FF0B4
:10FF40000808002FAFD0A6E72DE9F04790F842202F
:10FF500022F01C022DED028B42F0100280F84220AC
:10FF600090F842209CB00023550606460393049364
:10FF70008946059340F1BF80A14A436B116893F80D
:10FF80005D20C96893ED137A91F8343012F0080FB0
:10FF9000FFEE006AF7EE007A08BFF0EE667ADC0743
:10FFA00067EE277A44BF9FED977AC7EE877A5A2388
:10FFB00003A80CA98DF83030CDED0D7AFFF724FFA2
:10FFC000736B039993ED158A0498884200F083803F
:10FFD00000238B4F0D930CAA472303A88DF83030D4
:10FFE000FFF724FF3B68DFED887ADB6893F8343055
:10FFF000D90728EE278A44BFDFED827A88EE278A68
:020000040801F1
:10000000462303A80CA98DF830308DED0D8AFFF73B
:10001000FBFE039B049CC3EB040800225FEAE80894
:1000200006920792089240F0C1809E46454605EB35
:100030000803A64508930695079513D073462A46EC
:100040001AB193E8030082E803000833A34202F1E7
:100050000802F5D10EF1080ECEEB030323F00703DF
:1000600008331D4406A90CA840220795F4F702F9AD
:10007000069808B1F2F7A2FC0CA96A4602A80FF094
:100080001FFC624A012306A802A9FBF703FF029B9B
:100090005F4AA3F10C00904240F0A4803B68D8680E
:1000A000FAF776FA3B68D86890F8343002686FF354
:1000B000410380F8343006A9536998473B68012111
:1000C0009869F7F7EBFA3B68D868F7F76DFE06A872
:1000D000FBF7D8FD039896F8423023F01C0343F059
:1000E0000C0386F8423008B1F2F768FC1CB0BDEC96
:1000F000028BBDE8F087446BD0F83880444568D067
:100100009FED448A3E4FDFED3F8A04F120054FF01A
:10011000010A04E02034A04505F1200543D0637FA7
:1001200003F007030AFA03F313EA090FF2D0A169F7
:100130000029EFD0CA7A1007ECD53046FEF76AFAEC
:100140000028E7D03B68617FDB6815ED057A93F8FE
:100150003420237F11F0080FFFEE006AF7EE007ADB
:1001600008BFF0EE667AD20767EE277A2BD403A891
:100170000CA98DF83030CDED0D7AFFF745FEB4EEC9
:10018000488AF1EE10FA21D6D4ED057AB4EE678AEA
:10019000F1EE10FA04F12004C8BFB0EE678AA04562
:1001A00005F12005BBD1039904980EE7B8F1005F73
:1001B00024D24FEAC80840460EF098FD049CDDF8B2
:1001C0000CE0054633E7C7EEA87AD0E715ED038AC1
:1001D000A0E790F8423023F01C0343F00C0380F8B2
:1001E000423083E753F8042C511E002A43F8041CC4
:1001F0003FF754AF01A90FF0C9F84FE70FF0E4FB48
:10020000C80200203333CB41000070422C03002091
:10021000940500200000C07F2DE9F04FA24F3B68FD
:100220009BB00546884698690121F7F737FA3B6885
:10023000D968CB6900260A968BB10A6A0A930B9299
:10024000143108A8022298473B68DC68E36933B19F
:1002500004F11400014603229847E661266295F8EE
:10026000429019F0400F0CBF4FEAD91301234046CA
:1002700058210093FBF724FD002800F0BB81009B70
:10028000002B40F0E9814FF001096C6BD5F838B0D4
:100290005C4500F0D88100264FF0010A18E0617F2C
:1002A00001F00701052900F2768295F843300AFA39
:1002B00001F013F0010F46EA00063B6840F0BD80F4
:1002C0009FED7A0AD868F8F7D9F82034A3450ED004
:1002D000A369002BF9D0B9F1000FE0D04046217F8F
:1002E000FBF7EEFC0028DAD12034A345F0D1002E34
:1002F00000F0A9812C6CC4F31104002C79D095F87E
:100300004330D90775D44FF00108AA6B6B6B04F02A
:100310000701D31A0139B1EB631F0DD201F01F039E
:1003200008FA03F3334207D0052900F2348208FAB1
:1003300001F12846FEF722FB3B6893F8A8209207BC
:1003400001D4E408E1D11A460A9BD2F80C800022BD
:100350001592002B00F07E810B9A159313AC169228
:10036000204608A902229847159B94E803000DF146
:10037000300A8AE8030008F1140292E8030084E8D6
:1003800003009AE8030082E80300D8F81CC0CDF807
:1003900054C0C8F81C30169AD8F820301693C8F804
:1003A0002020BCF1000F03D0204621460322E04765
:1003B0003B6893F8A820910749D55868036854070B
:1003C00054BF3B493B499B6898476B6BA96B8B4279
:1003D00006D05A7F6FF304125A7720339942F8D12E
:1003E0000A9B1BB108A80146032298471BB0BDE831
:1003F000F08F95F842309C0640F1AD816C6BD5F8DA
:100400003880444518BF4FF0010A08D1A7E13B6886
:1004100093F8A820900796D42034A04593D0637F0A
:1004200003F007030AFA03F10E42F0D0052B00F2A5
:10043000B2812846FEF7A2FAE9E79FED1C1AD868B8
:10044000BBEE0E0AF3EE0E0AF7F7E4FF3DE7009A63
:1004500092BB95F84320D1072ED46C6BD5F8389019
:100460004C4500F0B88004F120084FF0010A05E087
:100470002034A14508F1200800F0AD80617F01F033
:1004800007010AFA01F31E42F2D03B6818ED080A90
:1004900058ED077AD86830EE270AF7F7EFFF637F49
:1004A00043F010036377E3E7C80200200000000078
:1004B00094CE0208D0CE02086A6B95F8421092EDF5
:1004C000000AD2ED016AD2ED080A92ED097A92EDA6
:1004D000101AD2ED117A30EE260A70EE870A31EE4C
:1004E000271A4A068DED020ACDED030A8DED041A96
:1004F00040F11681DB685868036852469B6802A980
:1005000098473B689DED0C5ADB68D5ED076A586843
:10051000DDED0D5A95ED087A9DED0E6AD5ED097A5F
:10052000026875EE666A35EEC77A76EE677A002362
:100530002146D4681693179318931993CDED136A37
:100540008DED147ACDED157A05AAA0473B689DED97
:10055000050AD868DDED060A9DED071AF7F75AFF80
:100560006B6B587F93F83D1093F85D2040F01000BE
:1005700042F0100241F0100183F85D20587783F8B3
:100580003D10A86BC21A7F2A25D903244FF0010918
:1005900005E06B6B0134C21AB4EB621F1BD203EB94
:1005A000441898F81D1001F0070109FA01F31E42E2
:1005B000EFD03B6898ED000AD8ED017AD86830EEAC
:1005C000270AF7F75BFF98F81D3043F0100388F80F
:1005D0001D30A86BDDE795F842305F0600F18B8097
:1005E00095F843305C0700F1BC8028463146FFF7A0
:1005F000ABFCF5E640465921FBF762FB00287FF48F
:100600003EAE40465A21FBF75BFB00287FF437AE35
:1006100040464121FBF754FB00287FF430AE4046B2
:100620004221FBF74DFB00287FF429AE40464321D1
:10063000FBF746FB009B8146002B3FF426AE58B9E2
:100640000122019213E03B685449586803689B6893
:100650009847C5E613AC88E640465821FBF730FBC7
:10066000002800F089804FF00109CDF80490696BF3
:10067000A86B431A7F2B4FF000062BD903244FF0B1
:10068000010A10E09BF81D3003F00703052B00F270
:1006900082800AFA03F3696BA86B1E430134431A84
:1006A000B4EB631F16D201EB441BDBF81830002BB0
:1006B000F4D0B9F1000FE5D040469BF81C10FBF7D1
:1006C000FFFA0028DED1696BA86B0134431AB4EB42
:1006D000631FE8D3019B002B3FF409AE9FED300A66
:1006E0003B68F0EE400AD868B0EE401A46F00406C7
:1006F000F7F790FEFEE570077FF572AE95F8433090
:10070000590733D528463146FFF71EFC95F843308C
:100710005B077FF565AE28463146FEF735F85FE6A4
:1007200095F8432012F001027FF4E4AEC9090ED01F
:10073000D868169221461792189219928DED130AD5
:10074000CDED140A8DED151AF7F73EFF08E7D868CE
:10075000F7F760FE04E728463146FEF70FF93A68DE
:10076000F2E528463146FEF70FF83EE76B6B9B69D2
:10077000DB7A1A07C6D433E640465921FBF7A0FAC4
:1007800000287FF470AF40465A21FBF799FA4FF0EA
:10079000010901906BE703480FF01FF978CE0208BA
:1007A0000000000038BD02082DE9F04F0B7A2DED56
:1007B000028B5D078FB08846044603D54A681C2A21
:1007C00000F098809A070FD5D8F80020B2F5FA7F8C
:1007D0001DD00ED8CE2A00F09A80B2F5997F00F095
:1007E0003381772A00F0D7800FB0BDEC028BBDE8D3
:1007F000F08F40F299239A4200F0A88040F29A23A9
:100800009A4200F0E88040F2F7139A42ECD194F853
:100810004230DB0900F02281656BD8F80C906868E3
:10082000D9F800A00FF044FA0646686A0F460FF0A8
:100830003FFACDE90001686C0FF03AFACDE9020108
:1008400032463B46DAF80850A4494846A84794F88F
:1008500042305E0603D494F84330DD0726D5E069C4
:10086000D8F80C500FF024FA0646206AD5F800900C
:100870000F460FF01DFACDE90001606A0FF018FA7B
:10088000CDE9020132463B46D9F808609449284632
:10089000B047636BD8F80C50186C2E680FF008FA4C
:1008A000B66802460B4628468E49B047D4ED017A19
:1008B00094ED028AF5EE407AF1EE10FA04D1B5EE2D
:1008C000408AF1EE10FA8FD017EE900A0FF0F0F98F
:1008D000044618EE100A0D460FF0EAF9D8F80C603D
:1008E0003768CDE9000122462B46BC687E49304678
:1008F000A04779E75B09062B00F2D680DFE813F00A
:1009000004018001750155012401A3010F0194F830
:100910004230DB097FF468AF656BA66BB54204D14A
:10092000D7E12035AE4200F0BB81AB694046002BD9
:10093000F7D0297FFBF7C4F90028F2D04046297F81
:100940000022FBF7D1F985ED010AEAE794F842307D
:10095000580604D494F84330D9077FF545AF636B4C
:1009600040465A211D6CFBF7ABF9002840F0AA80E5
:1009700028460FF09DF9D8F80C40024620680B4637
:1009800085685A492046A84798F8083043F0010383
:1009900088F8083028E75B0900F0A281012B40F0BD
:1009A0008380A56AE06A85423FF41EAF29688A8881
:1009B00040F202439A4200F056822B1D40F202465A
:1009C00005E053F8041B8A88B24200F04C8298423A
:1009D0001D46F6D108E794F842305A0604D494F83C
:1009E0004330DB077FF500AF40465821FBF768F93D
:1009F000002840F03B8140465921FBF761F900286F
:100A000040F0468140465A21FBF75AF9002840F051
:100A10003581D4F82490E069D8F80C500FF048F9EB
:100A20000646206A2C680F460FF042F9CDE9000116
:100A300048460FF03DF9CDE9020132463B46A46835
:100A40002B492846A047CFE694F84230DB097FF4D3
:100A5000CBAE20464146FEF7BBF9C5E6D8F80C0000
:100A6000244903685B699847656BD4F838904D4515
:100A700013D0AB6973B16868D8F80C6095F81CA006
:100A800037680FF015F9CDE900015246BB681A49E5
:100A9000304698472035A945EBD1D8F80C001749C6
:100AA00003685B699847D2E6154B1B6893F8A8303A
:100AB0005F077FF599AED8F80C00124903685B69AF
:100AC000984791E640465A210022646BFBF70CF9E7
:100AD00010EE105A84ED100A4AE700BF94CF0208C6
:100AE000C8CF0208F0CF020804D0020830D00208B4
:100AF00040D002086CCF020888CF0208F8E0020854
:100B0000C8020020FCCE0208A54B1B6893F8A83051
:100B1000580770D520464146FEF734FA64E6456B27
:100B2000866BB5423FF430AFAB699E4943B1D8F80C
:100B30000C006B7F04682A7FA468C3F30013A047EE
:100B40002035AE42F0D11FE70025974B06930846AB
:100B500058210793089309950A950B950C95FBF777
:100B6000AFF8002840F0458240465921FBF7A8F82D
:100B7000002840F02F8240465A21FBF7A1F868B1C7
:100B8000002240465A21FBF7AFF8636B8DED080A4F
:100B900093F85D2042F0100283F85D20804B1B68C3
:100BA00006A9D868F7F710FD1EE60846FBF708F916
:100BB000002840F07181636BA56BAB423FF414AE2B
:100BC000774E1C46A3699FED790A53B1637F43F0CA
:100BD000100363773368617FD86801F00701F7F786
:100BE0004DFC2034A542EDD1FEE56D4B1B6893F81A
:100BF000A83059078ED520464146FFF70DFBF3E597
:100C0000674B1B68DB68051DD3F80C11D3F808018E
:100C1000D3F81021606069604046AA605821FBF754
:100C20004FF8002840F0938140465921FBF748F8DF
:100C300000283FF4D9AD404659210022FBF754F873
:100C400084ED020AD0E50846FBF7BAF8002840F028
:100C50008681636BA16B8B423FF4C6AD5A7F6FF305
:100C600004125A7720339942F8D1BDE54046582105
:100C70000022FBF739F884ED070ABCE640465A210A
:100C80000022FBF731F810EE109A84ED090AC2E653
:100C9000404659210022FBF727F884ED080AB1E607
:100CA000636BD4F838904B4513D01C46A3696BB1E5
:100CB0006068D8F80C50277F2E680EF0F9FFCDE958
:100CC00000013A46B3683A49284698472034A1457E
:100CD000ECD1D8F80C00374903685B69984783E585
:100CE000D4F834A0D4F83890CA4547D0DFF8DCB047
:100CF00008F1100819E006AE009220212E4A2F4F6D
:100D0000304611F0FFFE3146202834BF0246202233
:100D100040460EF0D5FC059BA3F10C00B84240F014
:100D200027820AF1200AD1452AD0DAF818300EAD10
:100D30000121002BF5D0224B45F8243D9AF81C20C8
:100D400028460EF0F7FC9AF81D301E4913F0080FE4
:100D500018BF594604220EF0B3FCDAF81810059BB0
:100D60008879C0F34002002AC5D00D680A79296944
:100D700021FA02F2424002F00102BCE708F1100839
:100D80004046114905220EF09BFCA36AD4F82CA022
:100D900053453FF429AD094F994606AE05AD3FE0F6
:100DA000C8020020F4CE02080000C07F000000004E
:100DB00060CF020840CF020820CF0208940500202F
:100DC000A0050020ECCE020818CF0208E4CE0208ED
:100DD0008A8840F202439A423FD091F806E0059B90
:100DE00091F805C00879CEF3400272BBCDF800C07F
:100DF000019002922021B24A304611F083FE314622
:100E0000202834BF0246202240460EF059FC059BA4
:100E1000A3F10C00B84240F09F81CA453FF4E4AC16
:100E2000D9F8003001219A7A284604AB0EF0A4FAD2
:100E300059F8041BCB7A1B07CAD5A24928460122C0
:100E40000EF03EFC59F8041CC2E70A681269C24061
:100E50008EEA020202F00102C8E72046FEF706F918
:100E600059F8041CB9E72046FEF700F92A68917981
:100E7000C1F34003002B40F0C98006A82021924A0C
:100E800011F040FE06A9202834BF0246202208F1B6
:100E900010000EF015FCA7E440465821FAF710FFA9
:100EA000002840F0E78040465921FAF709FF002862
:100EB00040F0F28040465A21FAF702FF002840F045
:100EC000C580626BA36B9B1A5B11032B0CD9916FCE
:100ED00051B140464121FAF7F3FE002840F0F88076
:100EE000626BA36B9B1A5B11042B0DD9D2F898107F
:100EF00051B140464221FAF7E3FE002840F0FF805E
:100F0000626BA36B9B1A5B11052B7FF66DACD2F85D
:100F1000B830002B3FF468AC40464321FAF7D0FECE
:100F200000283FF461AC694B1B68DD680022404635
:100F30004321FAF7D9FE28460521F7F79FFA636B9C
:100F400093F8BD2042F0100283F8BD204CE44046E7
:100F500058210022FAF7C8FE84ED010A64E64046F3
:100F60005821FAF7ADFE20B1636B5A7F6FF304127C
:100F70005A7740465921FAF7A3FE30B1636B93F8D4
:100F80003D206FF3041283F83D2040465A21FAF7C2
:100F900097FE636B28B193F85D206FF3041283F81A
:100FA0005D20A26BD31A5B11032B44D8042B36D8D7
:100FB000052B7FF619AC40464321FAF781FE002845
:100FC0003FF412AC636B93F8BD206FF3041283F807
:100FD000BD2009E4002240465921FAF785FE636BE3
:100FE0008DED070A93F83D2042F0100283F83D2072
:100FF000C1E52A4640465821FAF776FE636B8DED2F
:10100000060A5A7F42F010025A77ADE5106813794C
:10101000026922FA03F34B4003F001032DE7404637
:101020004221FAF74DFE002840F08B80A26B636BE3
:10103000D31A5B11BCE740464121FAF741FE002874
:1010400074D1A26B636BD31A5B11AFE71F4B1B68A4
:10105000DD68002240465A21FAF746FE2846022162
:10106000F7F70CFA626B92F85D3043F0100382F8E8
:101070005D3027E7154B1B68DD680022404658218C
:10108000FAF732FE28460021F7F7F8F9636B5A7F2A
:1010900042F010025A7706E70C4B1B68DD6800220D
:1010A00040465921FAF720FE28460121F7F7E6F9D4
:1010B000636B93F83D2042F0100283F83D20F9E67F
:1010C0002CCF020828CF02083CCF0208C80200201B
:1010D0002D4B1B68DD68002240464121FAF704FED3
:1010E00028460321F7F7CAF9626B92F87D3043F086
:1010F000100382F87D30A36B9B1A5B11F4E6224B40
:101100001B68DD68002240464221FAF7EDFD2846C3
:101110000421F7F7B3F9626B92F89D3043F01003A6
:1011200082F89D30A36B9B1A5B11EDE6636B93F81D
:101130007D206FF3041283F87D20A26BD31A5B111C
:1011400034E7636B93F89D206FF3041283F89D20BE
:10115000A26BD31A5B112BE753F8042C511E002A03
:1011600043F8041C3FF759AE04A90EF00FF954E6FA
:1011700053F8042C511E002A43F8041C3FF7D1AD4C
:1011800004A90EF003F9CCE5C80200208A8843F6D2
:1011900094439A4230B401D030BC7047028CCB8863
:1011A0009342F9D1CA680C7C136090F83A30C56854
:1011B0009560C3F3801044F00103107130BC0B74D0
:1011C000704700BF8A8843F694439A4270B504463C
:1011D00000D070BD028CCB889A42FAD10B8948F2BC
:1011E0002352934211D046F61F329342F1D10B7C29
:1011F000C86894F83A200068E06042F0100243F0BA
:10120000010384F83A200B7470BDCA6890F83A3034
:10121000167882690D7C52F80C2C66F38613DBB2CB
:1012200043F0100345F0010580F83A300D74002AB0
:10123000CFD1C36953F80C1C01B170BD0368DB68E2
:101240009847C6E710B4837A9A071DD54268017A99
:10125000146990F83A2024FA01F14B4003F001039D
:10126000C2F3401199420FD063F3451280F83A203F
:1012700073B1428C4FF684139A4290F83A3016D0EC
:1012800043F0500380F83A3000205DF8044B70477B
:10129000418C42F6DF729142F6D190F83A2063F326
:1012A0008612D2B242F0100280F83A20ECE7C3F383
:1012B000801282F0010262F38613DBB243F0100366
:1012C00080F83A30E0E700BF30B5C369144D154AE5
:1012D00002600446A3F10C00A84283B00AD1A369BE
:1012E000A3F10C00A84210D12046F1F711FC2046D2
:1012F00003B030BD53F8042C511E002A43F8041CDF
:10130000EDDC01A90EF042F8E9E753F8042C511E78
:10131000002A43F8041CE7DC01A90EF037F8E3E7E4
:101320009405002068D0020830B5C369164D174AED
:1013300002600446A3F10C00A84283B00DD1A3695A
:10134000A3F10C00A84213D12046F1F7E1FB20469F
:10135000F1F734FB204603B030BD53F8042C511E86
:10136000002A43F8041CEADC01A90EF00FF8E6E7B6
:1013700053F8042C511E002A43F8041CE4DC01A994
:101380000EF004F8E0E700BF9405002068D00208E2
:1013900010B5044601B110BD90F83A30DB09FAD11E
:1013A000037C022B29D0032B18D0012B0AD094F8F0
:1013B0003B2002F0010294F83A3062F3861384F87D
:1013C0003A3010BD90F83B10406901F00101F1F78F
:1013D000F1FD94F83B2002F00102ECE790F83B307D
:1013E000DFED107A406913F0020FB7EE000A08BF74
:1013F000B0EE670A0AF096FED9E7436990F83B2001
:101400009979880702F00102D5D501F001019142D6
:1014100019791B6814BF01204FF4803000FA01F1E4
:101420009961C8E70000000038B504460D46F1F7A1
:101430007FFB2046074B40F8043BF1F7C3FB064B0C
:10144000A361E36104F12C00F1F7BCFB2584204685
:1014500038BD00BF68D00208A005002090F82830F1
:101460004D2B16D0472B01D0002070470B7AC3F3C9
:101470008002002AF8D04968828C9142F4D190F819
:101480003A2002F00F02B2EB531F14BF00200120DC
:1014900070470B7AC3F34002002AE5D00968828CBA
:1014A0009142ECD00020704790F829304D2B16D097
:1014B000472B01D0002070470B7AC3F38002002A2B
:1014C000F8D04968C28C9142F4D190F83A2002F0E9
:1014D0000F02B2EB531F14BF0020012070470B7A9C
:1014E000C3F34002002AE5D00968C28C9142ECD0D7
:1014F000002070472DE9F04F91B004AA03910446F3
:101500007249DFF8E8B106A80EF0DAF918200DF0FC
:10151000EDFB012306A96E4A0646FAF7BBFC069BC3
:10152000A3F10C00584540F0AD806A4D02212868B7
:101530003246F0F753FB2EB13046FAF7A3FB3046A4
:10154000F1F73CFA0022644F02929046634B53F845
:1015500028A004AA514606A80EF0B2F918200DF0F2
:10156000C5FB012306A95A4A0646FAF793FC069BD7
:10157000A3F10C00584508F1010940F08F8028685C
:1015800002213246F0F72AFB2B6801219869F6F711
:1015900085F82EB13046FAF775FB3046F1F70EFAB2
:1015A0000BF0B6FB0646002228680321F0F716FB75
:1015B0000BF0AEFB94F83230801BB84294BF002091
:1015C00001209A0706D40028EDD0B9F1060F3CD0CF
:1015D000C846BBE7E26A94F830101269CA4053402B
:1015E000DB07F0D50028F0D1029B3D4A28218DE889
:1015F000000506A811F086FA039B024606A903F12E
:1016000010000EF05DF804AA364906A80EF058F94D
:1016100018200DF06BFB012306A92D4A0446FAF7AA
:1016200039FC069BA3F10C00584543D128680221E0
:101630002246F0F7D3FA2CB12046FAF723FB2046D6
:10164000F1F7BCF911B0BDE8F08F029A0132022A1D
:10165000029202DC4FF00009BAE70522029B0092D9
:101660001821214A06A811F04DFA039B024606A94B
:1016700003F110000EF024F8039A137A43F01003DC
:101680001372C0E753F8042C511E002A43F8041CBF
:101690003FF74BAF05A90DF079FE46E753F8042C50
:1016A000511E002A43F8041C3FF769AF05A90DF04D
:1016B0006DFE64E753F8042C511E002A43F8041C05
:1016C000B4DC05A90DF062FEB0E700BFB0D002089F
:1016D0002C030020C8020020A086010098D0020838
:1016E000B4D0020888E70208C8D002089405002098
:1016F0002DE9F8432DED028B04460E46FFF7AEFEB2
:10170000054640B920463146FFF7CEFE18B9BDEC7C
:10171000028BBDE8F88394F83B301B0743D4F5B146
:10172000237C012B00F08F80032B00F0C080022B64
:10173000EDD163699A7991070AD512F0010F1A79F0
:101740001B680CBF01214FF4803101FA02F29A614B
:1017500094F83A3043F0400384F83A30D7E7204613
:101760003146FFF7A1FE0028D1D094F83A20237C1F
:1017700065F38612012B84F83A2000F0C180032B18
:101780001FD0022BC3D163699A799107BFD512F09C
:10179000010F1A791B6814BF01214FF4803101FA3F
:1017A00002F29A61B3E7904F3B6801219869F5F71F
:1017B00075FF20463146FFF751FE0546002DCED07D
:1017C000AEE794F83B30DFED897A606913F0020FE1
:1017D000B7EE000A08BFB0EE670A0AF0A3FC94F85F
:1017E0003B305F0793D50BF093FA7F4FDFF80892F9
:1017F00065638046002238680321F0F7EFF90BF0AB
:1018000087FA94F83230C8EB0000484594BF0022B4
:1018100001229D0709D4002AECD0BDEC028B2046A2
:101820003146BDE8F843FFF765BEE16A94F8300041
:101830000969C1404B40D807EDD5002AEDD1BDEC78
:10184000028BBDE8F88330465321FAF739FA0028B5
:101850005ED0532100223046FAF746FA6069B0EEB6
:10186000408AF1F7A5FB07EE900AB8EEE70ADFED34
:10187000607A28EE000A80EE270A0EF0EBFF60691E
:101880000369BDEEC00A10EE105A9D423FF43FAF0F
:1018900010EE101AF1F772FB94F83A30002DD4BF15
:1018A0000025012565F3861384F83A302FE730468A
:1018B0005321FAF705FA002843D194F83B305D072D
:1018C00003D594F83920002A71D1980794ED030AC2
:1018D000606944BFF7EE007A37EEC00A0AF022FCD6
:1018E000D4ED037A94F83A30F5EE407AF1EE10FA3E
:1018F0000CBF0022012262F3861384F83A3006E717
:10190000BDEC028B60692946BDE8F843F1F752BB94
:10191000D4ED037A6069FDEEE77A17EE901AF1F7DD
:101920002DFBD4ED037A94F83A30F5EEC07AF1EE5F
:1019300010FAD4BF0022012262F3861384F83A30F1
:10194000E5E6304653210022FAF7CEF9DFED297A99
:10195000B4EEE70AF1EE10FA26DCB5EEC00AF1EEBD
:1019600010FA3DD4B5EE400A80EE270AF1EE10FAE7
:101970000CBF0025012594F83B3060699F0744BFE8
:10198000F7EE007A37EEC00A0AF0CCFB94F83A3052
:1019900094F83B2065F38613560784F83A307FF5B8
:1019A000B6AE00236363B2E6B7EE000AE3E70BF0DE
:1019B000AFF990B16063BDEC028B94F83B309FEDC2
:1019C0000B0A606913F0020FF7EE007A08BFB0EE61
:1019D000670ABDE8F8430AF0A5BB01236363EAE7A1
:1019E0009FED020A0025C6E7C802002000000000A3
:1019F00000007F430000C842A086010030B585B0DA
:101A00000F4C039403A815460DF0D9FE0D4B02951B
:101A1000186802AA0121F0F7E1F8039B0C3CA3F13E
:101A20000C00A04201D105B030BD53F8042C511E6A
:101A3000002A43F8041CF6DC01A90DF0A7FCF2E72C
:101A4000A0050020C802002010B590F83A30D90651
:101A500082B0044616D55A061CD5836953F80C3C4F
:101A6000002B59D1237C012B00F0B280032B00F016
:101A70008980022B00F0B68094F83A306FF304139B
:101A800084F83A3094F83B305A0701D5636BEBB9D0
:101A900002B010BDC36953F80C3C002B57D1237C16
:101AA000012B00F09080032B7ED0022BE4D16369E0
:101AB0009A799107E0D512F0010F1A791B6800F0AE
:101AC0009C80012101FA02F29A61D5E70BF020F91E
:101AD000636B94F839204FF47A71C01A01FB02F25B
:101AE0009042D5D994F83830DFED477A606900EE3E
:101AF000103AB8EEC00A94F83B3080EE270A9B07F4
:101B00004FF00002626344BFF7EE007A37EEC00A7E
:101B10000AF008FB02B010BD04F1180101A80DF095
:101B200042FE2046394A01A9FFF768FF019B384A67
:101B3000A3F10C00904295D053F8042C511E002ABA
:101B400043F8041C8EDC69460DF020FC8AE704F1A2
:101B50001C0101A80DF027FE20462C4A01A9FFF721
:101B60004DFF019B2A4AA3F10C00904297D053F8F5
:101B7000042C511E002A43F8041C90DC69460DF029
:101B800005FC8CE7DFED207A94ED030A94F83B30F6
:101B9000606980EE270A9B0744BFF7EE007A37EEB4
:101BA000C00A0AF0BFFA67E794F83B30DFED197A14
:101BB000606913F0020FB7EE000A08BFB0EE670AC3
:101BC0000AF0B0FA58E760690021F1F7F3F953E73A
:101BD000D4ED037A6069FDEEE77A17EE901AF1F71B
:101BE000CDF949E763699A7990077FF545AF12F01F
:101BF000010F1A791B683FF464AF4FF4803101FA8A
:101C000002F29A6138E700BF0000C8422C030020AE
:101C100094050020000000002DE9F04FBE4E028C1C
:101C2000336893B0044643F69441586945F2D9238A
:101C3000EEF7AEFC0DF1280808AA0546B749404664
:101C40000DF03EFE28464146EFF74CF90CAD01463B
:101C50002846EFF71BF9201D2946F1F739F883795B
:101C60009F0709D50279036852001968032000FA1A
:101C700002F221EA02021A600C9BA94FA3F10C00A8
:101C8000B84240F017860DF124090A9BA3F10C001D
:101C9000B84240F079853368228C586943F6944104
:101CA0004DF6E763EEF774FC0021EFF70BF9EFF761
:101CB0008FF8BCEEC00A94F83A303168228C48693B
:101CC00010EE10EA6EF3030343F6944184F83A30C1
:101CD00048F2B043EEF75CFC4A46824691492846FA
:101CE0000DF0EEFD29465046EFF7FCF8014605A839
:101CF000EFF7CCF80C9BA3F10C00B84240F037850D
:101D00003368228C586943F6944143F60F53EEF73B
:101D10003FFC4A468246834928460DF0D1FD2946BC
:101D20005046EFF7DFF8014606A8EFF7AFF80C9B37
:101D3000A3F10C00B84240F00D853368228C58693D
:101D400043F6944140F23263EEF722FC08AA824641
:101D5000744940460DF0B4FD50464146EFF7C2F8D5
:101D600004F1180A01462846EFF790F85046294634
:101D70000DF0F7F90C9BA3F10C00B84240F0DD84A4
:101D80000A9BA3F10C00B84240F0CA843368228C4D
:101D9000586943F6944144F29003EEF7F9FB08AA20
:101DA0008346604940460DF08BFD41465846EFF7AB
:101DB00099F804F11C03014628460393EFF766F8EF
:101DC000039829460DF0CDF90C9BA3F10C00B84205
:101DD00040F099840A9BA3F10C00B84240F086843D
:101DE0003368228C586943F6944149F29823EEF700
:101DF000CFFB0021EFF766F8EFF74EF894F83A3092
:101E00003168228C60F3861384F83A30486944F6CE
:101E1000D66343F69441EEF7BBFB4A4683464249FC
:101E200028460DF04DFD29465846EFF75BF8014670
:101E300007A8EFF72BF80C9BA3F10C00B84240F079
:101E4000B0843368228C586943F694414DF62E6372
:101E5000EEF79EFB0021EFF735F8EEF7B9FFBCEE89
:101E6000C00A94F83B30228C10EE10EA6EF30003A7
:101E700084F83B30306849F2CD1343F69441406911
:101E8000EEF786FB0021EFF71DF8EFF705F894F861
:101E90003A303168228C60F3C71384F83A304869CD
:101EA0004EF68C6343F69441EEF772FB4A46834646
:101EB0001E4928460DF004FD29465846EFF712F852
:101EC000014608A8EEF7E2FF0C9BA3F10C00B84214
:101ED00040F08C84154908A80DF0E8F94FF6841EEF
:101EE0003368228C42F6DF71002814BF7046084622
:101EF000608443F69441586948F2E743EEF748FBA3
:101F00000021EEF7DFFFEEF7C7FF94F83B30228C9D
:101F100060F382030CE000BFC80200207CBC020812
:101F200094050020C0DE0208DCD00208E0D00208E0
:101F300084F83B30336843F69441586945F63703DB
:101F4000EEF726FB3221EEF7BDFFEEF741FFBCEEC8
:101F5000C00A336810EE102A84F838205869228CA1
:101F600047F6211343F69441EEF712FB0A21EEF7F0
:101F7000A9FFEEF72DFFBCEEC00A336810EE102A61
:101F800084F839205869228C4FF62C6343F694412B
:101F9000EEF7FEFA0021EEF795FFEEF77DFF94F8DD
:101FA0003B3060F3C303590784F83B3000F1D5811F
:101FB00007A891490DF07AF9002840F027814FF0E9
:101FC000010C84F810C01C20CDF804C00CF08EFE6B
:101FD0008346F0F7BDFF3368C4F814B05869228C0B
:101FE00043F6944144F65B13EEF7D2FA04AA034693
:101FF0008249029340460DF063FC029B414618461D
:10200000EEF770FF01462846EEF740FF0BF10400A3
:102010002946F0F75DFE8379DDF804C013F0020F66
:1020200040F0E3810C9BA3F10C00B84240F03A83EE
:102030000A9BA3F10C00B84240F0C08363699A7A0E
:10204000C2F34001920740F17A8194F83B20587A1C
:10205000197AD30700F12981F0F78CFD237C012B3D
:1020600000F02981032B00F09282022B00F0CC8239
:102070000022059B84F8282084F8292053F80C3C82
:10208000002B40F09281069B53F80C3C002B40F053
:102090007781A37A9A074CD56268207AD2F810E04B
:1020A00094F83A2031682EFA00F0434063F3451269
:1020B00084F83A201820D1F824B00CF017FE0290D2
:1020C000EEF7B8FF4E494F4A0968029B0C93890B03
:1020D000A2FB01E2520900EE102AB8EEC00A0EF08F
:1020E00037FB029B48495C60BDEEC00A002283EDCD
:1020F000040A0B920A9198E8030003F1080282E8AF
:10210000030083ED050A72B6DBF81030632B40F252
:10211000EB81DBF80830DBF80C20934200F09C8266
:102120000C9A13B11A60DBF808300433CBF808308E
:1021300062B6237C012B00F0E781A56955F8043CC9
:10214000002BC0F2088150460DF086F9A56955F8BC
:10215000043C002BC0F2FF8050460DF07DF9A369CE
:1021600053F80C1C19448D4209D02B46202013F83B
:10217000012B5F2A08BF03F8010C8B42F7D1E569F8
:1021800055F8043C002BC0F2E48003980DF064F98C
:10219000E56955F8043C002BC0F2DB8003980DF094
:1021A0005BF9E36953F80C1C19448D4209D02B46A6
:1021B000202013F8012B5F2A08BF03F8010C8B4283
:1021C000F7D1089BA3F10C00B84240F01C83079B99
:1021D000A3F10C00B84240F02283069BA3F10C004F
:1021E000B84240F02883059BA3F10C00B84240F0B0
:1021F0003D8313B0BDE8F08FDCD002087CBC020840
:10220000D00100201F85EB514512010807A8BA49EB
:102210000DF04CF8002840F0898002232374082038
:102220000CF064FD8346F0F7CDFC3368C4F814B0BD
:102230005869228C43F6944144F65B13EEF7A8F9F3
:1022400004AA0346AD49029340460DF039FB029BB8
:1022500041461846EEF746FE01462846EEF716FEC2
:1022600029465846F0F734FD8379990700F1CA8072
:102270000C9BA3F10C00B84240F004830A9BA3F12D
:102280000C00B84240F00A8363699A79C2F34002B5
:102290005FFA82FBBBF1000F00F0C48094F83B2092
:1022A00058791979D2077FF5D7AEF0F74FFC237C28
:1022B000012B7FF4D7AE3368228C5869D4F814B060
:1022C0004CF6FB3343F69441EEF762F9FF21EEF74B
:1022D000F9FDEEF77DFDBDEEC00A584610EE101A6E
:1022E000F0F758FE3368228C586943F6944147F65C
:1022F0009403EEF74DF983466069F0F759FE014605
:102300005846EEF7DFFDEEF763FD94F83A1084EDE2
:10231000030AC1F380116069002900F08B81BDEED2
:10232000C00A10EE101AF0F729FEA1E607A87449BA
:102330000CF0BCFF00287DD00023237498E62174A4
:1023400023B11A68184653689847237C00226261BB
:1023500085E62B4626E72B4602E76A494A46284689
:102360000DF0AEFA04F12C002946F0F737FC0C9B77
:10237000A3F10C00B84240F02D820023636317E6FE
:10238000012306A928460022F9F784FD9DF838307C
:10239000580724D4990704D54D220C9B84F8292092
:1023A000E3842846F9F76EFC73E6012305A9284665
:1023B000F9F770FD9DF838305A070AD49B0704D509
:1023C0004D220C9B84F82820A3842846F9F75AFC58
:1023D00059E647220D9B84F82820A384F5E747227D
:1023E0000D9B84F82920E384DBE70279036852001F
:1023F00019680320904021EA00010CFA02F20A4316
:102400001A600FE602790368520019684FF0030E54
:102410000EFA02FE012021EA0E0100FA02F20A433E
:102420001A6025E718462274F0F7C8FAC4F814B009
:10243000237C14E64FF0030C84F810C00820CDF87C
:1024400004C00CF053FC8346F0F7BCFB3368228CCD
:10245000586943F6944144F65B13EEF799F804AAE1
:1024600003462649029340460DF02AFA029B414654
:102470001846EEF737FD01462846EEF707FD5846A9
:102480002946F0F725FC8379DDF804C013F0020F2C
:1024900040F0E8800C9BA3F10C00B84240F01A8198
:1024A0000A9BA3F10C00B84240F008815846F0F7AF
:1024B000BBFC60619BF8062094F83B3062F341035B
:1024C00084F83B30DB079BF805009BF8041000F113
:1024D000D780F0F74FFB5846F0F770FA6369002B8E
:1024E00000F0D680237CBAE56421CBF81010584662
:1024F000F0F76EFE0DE600BFF4D002087CBC0208C7
:10250000FCD00208ECD002083368D4F814B05E6A3C
:1025100018200CF0EBFB8046EEF78CFDCC4ACD4B3F
:102520001268CDF82480920BA3FB02039B0900EEF6
:10253000103AB8EEC00A0EF00BF9BDEEC00AC6495B
:10254000C8F804B0002388ED040A0D930C9195E8B7
:10255000030008F1080383E8030088ED050A72B65A
:102560003369B3F57A7F05D24FF47A713161304621
:10257000F0F72EFEB368F268934200F08480099A67
:102580000BB11A60B3680433B36062B6D5E5336843
:10259000228C586943F694414AF27A03EDF7F8FF2A
:1025A0001421EEF78FFCEEF713FCDFEDAC7A6069D7
:1025B00020EE270ABDEEC00A10EE101A09F008FE40
:1025C0003368228C586943F6944147F69403EDF73B
:1025D000DFFF0021EEF776FCEEF7FAFB94F83A30D5
:1025E00084ED030A5A0628D5DFED9D7A94F83B3036
:1025F000606980EE270A9B0744BFF7EE007A37EE4A
:10260000C00A09F08FFD33E5636994F83A109A79AE
:102610009007C1F380117FF52BAD02F001028A42D1
:102620001A791B6814BF01214FF4803101FA02F2BC
:102630009A611DE5F0F7BEFC1AE594F83B30DFED3A
:10264000897A606913F0020FB7EE000A08BFB0EE96
:10265000670A09F067FD0BE50BF104002946F2F764
:1026600011FA65E502790368520019680CFA02FC58
:10267000012021EA0C0100FA02F20A431A6009E77C
:10268000F0F764FA27E7301D4946F2F7FBF97CE7DB
:102690003268754950680268526902939047029BFC
:1026A0002374E5E453F8042C511E002A43F8041C5B
:1026B0003FF7BEAC49460CF069FEB9E453F8042C70
:1026C000511E002A43F8041C3FF7F0AE29460CF0D7
:1026D0005DFEEBE653F8042C511E002A43F8041C5F
:1026E0003FF7DEAE49460CF051FED9E653F8042C14
:1026F000511E002A43F8041C3FF772AB29460CF028
:1027000045FEFFF76DBB53F8042C511E002A43F819
:10271000041C3FF75FAB49460CF038FEFFF75ABB8D
:1027200053F8042C511E002A43F8041C3FF72EAB2B
:1027300029460CF02BFEFFF729BB53F8042C511E41
:10274000002A43F8041C3FF71BAB49460CF01EFE61
:10275000FFF716BB53F8042C511E002A43F8041C43
:102760003FF7EBAA41460CF011FEFFF7E6BA53F82B
:10277000042C511E002A43F8041C3FF7C1AA41460D
:102780000CF004FEFFF7BCBA53F8042C511E002ACB
:1027900043F8041C3FF77FAA29460CF0F7FDFFF72A
:1027A0007ABA53F8042C511E002A43F8041C3FF750
:1027B00048AB41460CF0EAFDFFF743BB53F8042C4D
:1027C000511E002A43F8041C3FF738AC29460CF090
:1027D000DDFD33E453F8042C511E002A43F8041C99
:1027E0003FF7CBAD41460CF0D1FDC6E553F8042CC4
:1027F000511E002A43F8041C3FF76CAB41460CF015
:10280000C5FDFFF767BB53F8042C511E002A43F89F
:10281000041C3FF7DCAC49460CF0B8FDD7E453F894
:10282000042C511E002A43F8041C3FF7D6AC49463D
:102830000CF0ACFDD1E453F8042C511E002A43F8EF
:10284000041C3FF7D0AC49460CF0A0FDCBE400BF20
:10285000D0010020D34D6210E52F000800007A441B
:102860000000C8420000000004D1020853F8042C04
:10287000511E002A43F8041C3FF7BBAC49460CF03C
:1028800085FDB6E453F8042C511E002A43F8041CBD
:102890003FF7F4AC49460CF079FDEFE453F8042C13
:1028A000511E002A43F8041C3FF7EEAC29460CF0F9
:1028B0006DFDE9E453F8042C511E002A43F8041C72
:1028C0000DF124093FF7E1A949460CF05FFDFFF740
:1028D000DCB900BF90F83A306FF3041310B5022151
:1028E000044680F83A30F0F729F920460021F0F745
:1028F00025F920460521F0F721F920460621F0F7B9
:102900001DF920460721F0F719F920462146BDE8B8
:102910001040FFF781B900BF2DE9F0411E4D2B6833
:1029200084B000245869019401A943F694420294AA
:102930000394EDF7DFFD0198029B1B1A5B0825D07D
:102940002E4606E00198029B01341B1AB4EB630F7C
:102950001CD22B6830F81420586943F6944147F292
:102960006933EDF715FEEEF797FA0028EAD0019BE0
:102970003C2033F814800CF0B9F941460746FEF7C5
:1029800053FD39463068EFF723F9DBE708B1F0F77C
:1029900015F804B0BDE8F081C80200202DE9F0432D
:1029A00089B00C4603A89146F1F780FA214604A8A5
:1029B000F1F77CFA04A865490CF078FC044600287D
:1029C00037D103A904A80CF0FAFE614E5F492246F4
:1029D0000DF1180803A80CF085FD04A94046F1F795
:1029E0003FF9336801215869EDF79AFD3368414694
:1029F0005869EDF7B1FD10B1837C002B70D1D9F887
:102A0000003054499B68049A534C484698473368B1
:102A10005869EDF777FD049BA3F10C00A04240F04C
:102A20008880039BA3F10C00A04277D109B0BDE8D8
:102A3000F08303A8F1F7C2F80DF11808444E0746D9
:102A400004A94046F1F70CF933685A695368926853
:102A5000D21A920818BF002408D13F4CDBE75D6909
:102A60006B68AA68D21AB4EBA20FF6D253F824000E
:102A700003683946DB689847A500336801340028AD
:102A8000EDD05B695B6859590B6805A85B694246E4
:102A90009847059951F80C3CCBB1D9F8000000914A
:102AA0008468039A049B2D494846A047059B2A4CFD
:102AB000A3F10C00A042AED053F8042C511E002A02
:102AC00043F8041CA7DC02A90CF060FCA3E7D9F8CA
:102AD000003023499C68039A049B4846A047E5E7D9
:102AE000014605A8EEF7D2F9D9F800301D499D68D6
:102AF000049A059B184C4846A847059BA3F10C0077
:102B0000A04284D053F8042C511E002A43F8041C20
:102B10003FF77DAF02A90CF039FC78E753F8042C9D
:102B2000511E002A43F8041C80DC41460CF02EFCA8
:102B30007CE753F8042C511E002A43F8041C3FF78D
:102B400070AF41460CF022FC6BE700BFC0DE02080C
:102B5000C8020020A8D1020894050020E4D1020890
:102B6000C8D102088CD102082DE9F04188B00C468A
:102B700003A89046F1F79AF9214604A8F1F796F9CF
:102B8000214605A8F1F792F9039B53F80C3C1BB1C1
:102B9000049B53F80C3CCBB9D8F800305A499B68D9
:102BA0005A4C40469847059BA3F10C00A04268D1BF
:102BB000049BA3F10C00A04240F08280039BA3F190
:102BC0000C00A04271D108B0BDE8F081059B53F81C
:102BD0000C3C002BE0D04E4E03A8F0F7EFFF33681B
:102BE0005A6953689268D21A920807463CD000246A
:102BF00006E05D696B68AA68D21AB4EBA20F33D203
:102C000053F8240003683946DB689847A500336809
:102C100001340028EDD05B693C4C5B685D592B6842
:102C200004A906A81E690CF0BEFD05A907A80CF0B2
:102C3000BAFD284607AA06A9B047079BA3F10C02D4
:102C4000A242054654D1069BA3F10C02A24243D1F5
:102C500015B3D8F80000059900918568039A049B84
:102C60002C494046A8479EE7D8F800302A499B687F
:102C7000039A264C40469847059BA3F10C00A042BE
:102C800096D053F8042C511E002A43F8041C8FDC04
:102C900007A90CF07BFB8BE7D8F800301F499D6833
:102CA000039A049B4046A8477DE753F8042C511E25
:102CB000002A43F8041C86DC07A90CF067FB82E7B6
:102CC00053F8042C511E002A43F8041C3FF776AF3A
:102CD00007A90CF05BFB71E753F8041C481E0029A0
:102CE00043F8040CB4DC104607A90CF04FFBAFE727
:102CF00053F8041C481E002943F8040CA3DC1046BA
:102D000002A90CF043FB9EE770D202089405002054
:102D1000C8020020FCD1020854D2020818D20208CE
:102D200070B588B004A80D461446F1F7BFF804A8A2
:102D30003F490CF0BBFA002829D004A83D490CF00B
:102D4000B5FA90B104A83C490CF0B0FA002852D072
:102D500004A83A490CF0AAFA002825D0236838497B
:102D60009B68384D204698470AE0374B354D1B6825
:102D70005869EDF7C7FB236834499B68204698479C
:102D8000049BA3F10C00A84247D108B070BD2E4BA4
:102D90002C4D1B6801215869EDF7C2FB23682C49B3
:102DA0009B6820469847EBE7294605A8F1F77EF88F
:102DB00005A906A8F0F754FF2168BDF81A50BDF820
:102DC0001C0000950190BDF818308E68059A2149C5
:102DD0001C4D2046B047059BA3F10C00A842CFD064
:102DE00053F8042C511E002A43F8041CC8DC03A924
:102DF0000CF0CCFAC4E7144E124D33680121586927
:102E0000EDF78EFB33685B6921461868EDF7A4FD8A
:102E100033685869EDF776FBB2E753F8042C511E7E
:102E2000002A43F8041CB0DC06A90CF0AFFAACE7AA
:102E3000E0D2020800D3020820D3020828D30208F7
:102E400058D3020894050020C802002008D30208C5
:102E5000E8D2020834D30208014B0360704700BF78
:102E6000A0D3020800EB810191ED040A704700BF76
:102E70000529DABF00EB810191ED060ABFEE000AD9
:102E8000704700BF014B0360704700BFA0D302082A
:102E900010B5034B03600446EFF73AFE204610BD21
:102EA00070D4020810B5054B03600446EFF730FEFE
:102EB0002046EFF783FD204610BD00BF70D4020806
:102EC00010B5034B03600446EFF778FD204610BDB4
:102ED000A0D3020810B5054B03600446C068EFF7A5
:102EE0006DFD034B2360204610BD00BFB8D3020820
:102EF000A0D3020810B5064B03600446C068EFF784
:102F00005DFD044B23602046EFF758FD204610BDC1
:102F1000B8D30208A0D3020810B5034B03600446DF
:102F2000EFF74CFD204610BDA0D302082DE9F04379
:102F30000B7A9B078BB00F4680460BD50B6840F28F
:102F40008B3293424ED0B3F5FA7F06D040F2F7129F
:102F5000934202D00BB0BDE8F083002503AE2C46AF
:102F6000D8F8040003682146DB689847B5EE400AAC
:102F7000F1EE10FA04F10104A8BF0125072CA6EC1C
:102F8000010AEDD1002DE5D0F8683C4903689B6843
:102F9000984703AD0024F5EC017A022CF5EEC07AD7
:102FA000D4BF04F1580604F13E06F1EE10FAF6B271
:102FB00017EE900A04F101040CDB0CF079FEFB68BB
:102FC000D3F800E0CDE9000132462D49DEF8086073
:102FD0001846B047072CDED1F8682A4903689B6879
:102FE0009847B7E708464521F8F76AFEE8B904466E
:102FF00002E00134072CADD0022CD4BF04F15805F7
:1030000004F13E05EDB238462946F8F759FE00288E
:10301000EFD0294638460022F8F766FED8F80400BB
:10302000036821469B689847E3E7FA68164B1168E6
:1030300018689C799D88039003AE8B68B471B58045
:10304000104612499847002402E00134072C81D031
:10305000355D38462946F8F733FE0028F5D0D8F814
:103060000490D9F800302946384600229D68F8F7C8
:103070003BFE48462146A847E7E700BF38D4020890
:1030800058C80208F8E00208E0D30208F4D30208A6
:1030900010B52DED028B052984B0044655DC9FED5B
:1030A000318AB4EEC80AF1EE10FA52D408D4B0EE68
:1030B000008AB4EEC80AF1EE10FAD8BFB0EE408A2A
:1030C00004EB810383ED068A274BA27C18680290EB
:1030D0009B888DED018A9007ADF80C300AD512F06F
:1030E000010F227CE36814BF01204FF4803000FA06
:1030F00002F29A61606904AB1944036811F8081C74
:103100009B689847DFED196A9FED197ADFED197A10
:10311000606928EE268A036828EE078A9B6888EE95
:10312000278ABDEEC88A18EE101AC9B29847A37C48
:103130009A070AD513F0010F227CE3680CBF012126
:103140004FF4803101FA02F29A6104B0BDEC028BB7
:1031500010BD00EB8104084BA36104B0BDEC028BF1
:1031600010BD00BF00000000E8D3020800007A4450
:103170000000C84200C03944000080BFF0B52DED0A
:10318000028BB5EEC00AF1EE10FA83B0B0EE408AC1
:1031900004460D4669D448BF9FED398AD0ED027AC6
:1031A000B4EE678AF1EE10FAC8BFB0EE678A00EBA2
:1031B0008103032983ED048A5FDD0D1FAB0803F152
:1031C0002D067600A5EB8305F6B2E0680AF0E0FD77
:1031D0003146E0680AF0DAFDE06840210AF0D6FDE9
:1031E000FF21E0680AF0D2FDE0680AF0D3FDE06854
:1031F0000AF0CEFD3146E0680AF0C8FDE068A02183
:103200000AF0C4FDFF21E0680AF0C0FDE0680AF0A2
:10321000C1FD94ED010A1B4B28EE000A18680190CD
:1032200002AB1D440DF000FABDEEC00A15F8045CB7
:10323000E06810EE107A0AF0ABFD3146E0680AF063
:10324000A5FD2946E0680AF0A1FDFF2FB4BF39466D
:10325000FF21C9B2E0680AF099FDE06803B0BDEC57
:10326000028BBDE8F0400AF095BD00EB8104064BEF
:10327000236103B0BDEC028BF0BD5826A5E700BF6B
:1032800000000000F0D30208000080BF2DE9F043E9
:10329000A84D2968002285B013460446486949F2C2
:1032A000BA71EDF775F90021EDF70CFEEDF7F4FDBD
:1032B00038B91CB1236820465B68984705B0BDE863
:1032C000F083606810B103685B6898472B689A4E7A
:1032D00058690022134645F69841EDF759F96A46B8
:1032E0000746964903A80CF0EBFA384603A9EDF718
:1032F000F9FD014602A8EDF7C9FD02A8F0F75EFC52
:10330000029B0746A3F10C00B04240F07281039B80
:10331000A3F10C00B04240F0788148F610539F4270
:1033200000F0EB8044F293039F424FF0300000F036
:103330000F810BF0DBFC824B036006460C200BF088
:10334000D5FC0A22074609210AF008FD44F620614F
:10335000F76038460AF010FD7A4906F1100208239A
:10336000013B42F8041BFBD166602B68002241F64A
:10337000FE3158691346EDF70BF9B0EE000AEDF790
:10338000ABFDEDF725FD2B6886ED020A002245F224
:10339000D301586967681346EDF7FAF89FED6A0A9A
:1033A000EDF79AFDEDF714FD66682B6831685869F2
:1033B00087ED010A002213468F6845F26D71EDF723
:1033C000E7F89FED620AEDF787FDEDF701FD304666
:1033D0000021B84766682A68336850699F680022F0
:1033E00013464EF60331EDF7D3F89FED580AEDF78B
:1033F00073FDEDF7EDFC30460121B84766682A6899
:10340000336850699F680022134643F26A21EDF742
:10341000BFF89FED4E0AEDF75FFDEDF7D9FC3046A2
:103420000221B84766682A68336850699F6800229D
:10343000134647F27161EDF7ABF89FED440AEDF7E3
:103440004BFDEDF7C5FC30460321B84766682A6896
:10345000336850699F68002213464CF26241EDF7D1
:1034600097F84FF0FF31EDF72DFDEDF7B1FC304649
:103470000421B84766682A68336850699F6800224B
:10348000134640F61B51EDF783F84FF0FF31EDF78F
:1034900019FDEDF79DFC30460521B84766682A689E
:1034A000336850699F680022134644F6A071EDF717
:1034B0006FF84FF0FF31EDF705FDEDF789FC304671
:1034C0000621B84766682A68336850699D680022FB
:1034D000134641F67D61EDF75BF84FF0FF31EDF7F4
:1034E000F1FCEDF775FC30460721A8472046022184
:1034F000EFF724FB05B0BDE8F08330200BF0F6FBBE
:103500000F4B036006460C200BF0F0FB0A22074627
:1035100009210AF023FC44F62061F76038460AF0DE
:103520002BFC084906F110020823013B42F8041B5A
:10353000FBD119E7C80200209405002058D40208E6
:10354000B8D30208000080BFF6A8E242CDCC4C3FC1
:103550000BF0CCFB8046384B48F80C3B0746404606
:10356000EFF730FB34200BF0C1FB07238146092124
:1035700008220AF09FFC02AA3049C7F8149003A859
:103580000CF09EF903A94046EFF7A2FB8379990757
:103590000ED502790368520019684FF0030E0EFA37
:1035A00002FE012021EA0E0100FA02F20A431A602B
:1035B000039BA3F10C00B04233D1BB7C9A0708D522
:1035C00013F0010F3A7CFB680DD1012101FA02F2E0
:1035D0009A611B4BBB61FB613B627B62BB62FB621E
:1035E0003E466760C1E64FF4803101FA02F29A610B
:1035F000EFE753F8042C511E002A43F8041C3FF750
:1036000086AE01A90BF0C2FE81E653F8042C511ED0
:10361000002A43F8041C3FF780AE02A90BF0B6FE67
:103620007BE653F8042C511E002A43F8041CC4DC2A
:1036300001A90BF0ABFEC0E7D0D3020860D40208AA
:10364000000080BF10B50446EFF772FA024B23600A
:1036500000236360204610BD70D4020810B5034BF0
:1036600003600446EFF754FA204610BDA8D40208C0
:1036700010B5054B03600446EFF74AFA2046EFF712
:103680009DF9204610BD00BFA8D4020810B5437BA9
:1036900003F00F03012B16D0437B03F00F03062B1F
:1036A00000D010BD114C206890F8A8309B07F8D5C9
:1036B00007210122EEF792FA23680D495868036842
:1036C0009B68984710BD094C206890F8A820C2F369
:1036D0004002002AE5D10721EEF780FA2368054968
:1036E000586803689B68984710BD00BFC802002057
:1036F00014D50208D8D4020810B4594B1A68437B79
:1037000092F8A82003F00F03C2F34002072B0BD856
:10371000DFE803F01D262E3E515E040E22B9838998
:10372000072262F30B23838100205DF8044B70476E
:10373000837A9A07F8D54268017A1269CA405340E1
:10374000DB07F1D583896FF30B238381ECE7837A61
:10375000990769D48389012262F30B238381E3E70C
:10376000002AE1D08389022262F30B238381DBE705
:10377000837A9A07D8D54268017A1269CA405340C1
:10378000DB07D1D58389032262F30B238381CBE747
:103790001AB9838962F30B238381437BDC06C3D58B
:1037A00099063BD4837A9A0750D48389042262F322
:1037B0000B238381B8E7037B6FF3050303738389CE
:1037C000052262F30B2383815DF8044B00207047D0
:1037D000017B04694B1C03F03F0363F30501B3EB6A
:1037E000440F01730BD98389062161F30B23838175
:1037F000002A99D1838962F30B23838194E7837A2A
:103800009C07F5D54168047A0969E1404B40D90726
:10381000EED5037B6FF305030373E9E78389062283
:1038200062F30B2383817FE74168047A0969E140F1
:103830004B40DB078ED5437BDC067FF575AF9906E1
:103840003FF572AF002A3FF46FAF9BE74268017A01
:103850001269CA405340DB073FF566AFA5E700BFDA
:10386000C802002010B50446EFF762F92046054B68
:1038700040F8043BEFF7A6F9A3896FF30B23A3816C
:10388000204610BDA8D402082DE9F041B14D2968A9
:10389000002288B01346044648694DF6E601ECF76D
:1038A00077FE0021EDF70EFBEDF7F6FA064600284D
:1038B00000F0D2802B680022586942F25A21134648
:1038C000ECF766FE0121EDF7FDFAEDF7E5FA637B13
:1038D00060F3041363732B68002258694EF2583169
:1038E0001346ECF755FE0021EDF7ECFAEDF7D4FAAC
:1038F000637B60F34513637304A8EFF763F92B68E8
:103900000022586947F6C5711346ECF741FE01AA3B
:103910000646914903A80BF0D3FF304603A9EDF703
:10392000E1FA06AE01463046EDF7B0FA04A831469A
:10393000EFF7CEF983799A0700F1B880069B874F9D
:10394000A3F10C00B84240F0C780039BA3F10C0028
:10395000B84240F0DA802B680022586945F653716E
:103960001346ECF715FE01AA80467D4903A80BF02B
:10397000A7FF404603A9EDF7B5FA04F10408014694
:103980003046EDF783FA40463146EFF7A1F98379E7
:103990009B0700F19680069BA3F10C00B84240F013
:1039A000C080039BA3F10C00B84240F0C680A37A0C
:1039B000980769D520460321EFF7C0F82B6800224D
:1039C000586949F2F8411346ECF7E2FD0521EDF79D
:1039D00079FAEDF7FDF9BCEEC00A2B6884ED040A14
:1039E000182010EE107AD3F824800BF07FF90546EA
:1039F000EDF720FB5B4B03951B689B0BB3FBF7F3C9
:103A000000EE103AB8EEC00A0CF0A2FEBDEEC00AFD
:103A100055496C60002385ED040A0793069196E8EA
:103A2000030005F1080383E8030085ED050A72B67B
:103A3000D8F810309F425BD8D8F80830D8F80C205E
:103A400093425CD0039A13B11A60D8F8083004335B
:103A5000C8F8083062B614E02B6846F27411586951
:103A600032463346ECF794FD3146EDF72BFAEDF78D
:103A700013FA00287FF41EAF1CB1236820465B6850
:103A8000984708B0BDE8F0819DF816309907F3D546
:103A90009DF816300498BDF814206060A8F8042042
:103AA00088F80630A37A9B07E6D583E70279036896
:103AB00052001968032000FA02F221EA02021A6099
:103AC0003CE70279036852001968032000FA02F209
:103AD00021EA02021A605EE753F8042C511E002A04
:103AE00043F8041C3FF731AF02A90BF04FFC2CE761
:103AF000C8F8107039464046EFF76AFB9CE708F1BA
:103B0000040003A9F0F7BEFFA4E753F8042C511EEC
:103B1000002A43F8041C3FF71EAF31460BF036FC79
:103B200019E753F8042C511E002A43F8041C3FF7F0
:103B300038AF02A90BF02AFC33E753F8042C511ECE
:103B4000002A43F8041C3FF732AF31460BF01EFC4D
:103B50002DE700BFC80200203CD5020894050020D4
:103B60007CBC0208D0010020F936010890F824300E
:103B7000A3F1580210B4D4B2022C88BFA3F13E02C4
:103B8000012913D051B990F8263043F002036FF3A6
:103B9000820380F826305DF8044B7047CB07FAD4D7
:103BA000022303FA02F21142EDD1F4E790F8263035
:103BB0005DF8044B43F0060380F82630704700BFE1
:103BC00010B5034B03600446EEF7A2FF204610BD7C
:103BD00020D8020810B5054B03600446EEF798FFA5
:103BE0002046EEF7EBFE204610BD00BF20D80208AD
:103BF00008B501B108BD0368DB6A984708BD00BF7E
:103C000038B5124D2B6893F8A8309A07044617D49C
:103C1000037C13B1012B14D038BD406906F09AFB28
:103C200094F826309B060BD550B128680721002256
:103C3000EDF7D4FF2B680649586803689B689847DE
:103C400038BD406907F050FCEAE700BFC802002019
:103C500044D50208022A38B504460ED0032A07D0FC
:103C6000012A01D0002038BD0B680360002038BD58
:103C70000068EEF7A3FE002038BD0C200D680BF0A5
:103C800035F8034695E8070083E807002360002025
:103C900038BD00BF70B504686568A068EE0706D53A
:103CA0006D10266844592844A459A04770BD246863
:103CB00000EB6500A04770BD2DE9F8430646807A09
:103CC0008846C0F340011746994639B1C007327A99
:103CD000736826D5012000FA02F29A61002FC8BF4E
:103CE00000240DDDF06818F804100568AD68A847D9
:103CF00009F804000134BC42F4D1B17AC1F34001A7
:103D000061B1B37A327A13F0010F08BF01217368F1
:103D100018BF4FF4803101FA02F29A613846BDE8CB
:103D2000F8834FF4803000FA02F29A61D6E700BFC0
:103D300038B504460D46EEF7FBFE20460A4B40F828
:103D4000043BEEF73FFF94F8263094F8252003F06B
:103D5000F5036FF3041365F3030284F8263084F847
:103D60002520204638BD00BF20D80208037C2BB197
:103D7000012B02D1406906F0A7BB7047406905F0EE
:103D800055BE00BF10B504460846237C53B1012B35
:103D900007D1606906F0B8FC6069BDE8104006F024
:103DA00019BD10BD6069BDE8104005F0EBBE00BF55
:103DB000037C10B5044613B1012B0DD010BD406932
:103DC00005F076FF2046E169FFF7D0FF2046216A23
:103DD000BDE81040FFF7D6BF406906F061FFF1E78C
:103DE0002DE9F04FBD4EBE4D33682DED028B0A46D6
:103DF0008DB00F46044646F28431586943F2B653FB
:103E0000ECF7C6FB05AA8046B64908A80BF058FD9A
:103E100008A94046EDF766F8014606A8EDF736F822
:103E2000089BA3F10C00A84240F0E682069B53F8E1
:103E30000C2C002A00F0E88153F8042C002A03DB44
:103E400006A80BF009FB069B1B7884F82430A3F12D
:103E50005802022A03D9413B022B00F23482336814
:103E600046F2843158693A4640F22B33ECF790FB26
:103E700004AA80469C4907A80BF022FD07A94046EA
:103E8000EDF730F8014608A8EDF700F8201D08A965
:103E9000EEF71EFF83799B0700F19281089BA3F147
:103EA0000C00A84240F0C082079BA3F10C00A8427E
:103EB00040F0AE82A37AC3F34008B8F1000F00F0DF
:103EC0008F8113F0010F227A63680CBF01214FF438
:103ED000803101FA02F29A61336846F284315869FE
:103EE0003A4640F6A523ECF753FB04AA81467D49E8
:103EF00007A80BF0E5FC07A94846ECF7F3FF0146DD
:103F000008A8ECF7C3FF06A808A90BF02AF9089B3C
:103F1000A3F10C00A84240F09382079BA3F10C0090
:103F2000A84240F09982069B53F80C3C002B00F00D
:103F3000C08106A86D490BF0B9F98146002800F050
:103F4000988106A86A490BF0B1F98146002840F033
:103F5000D681012323740C20CDF828900AF0C6FEE8
:103F6000644BC0F8049003608460634B634A08901C
:103F70003C200A930B920AF0B9FE08A994F8242079
:103F8000814606F081FA0A9BC4F814901BB108A878
:103F90000146032298473368DFF840A158693A4642
:103FA00045F2887346F28431ECF7F2FA0121ECF71E
:103FB00089FFECF70DFF3368BDEEC00A3A4646F2C2
:103FC0008431586946F6823310EE109AECF7E0FA25
:103FD0004B49ECF777FFECF7FBFEB0EE408AB9F106
:103FE000000F00F07981B9F1010F40F07B814FF0B3
:103FF000070A4FF0080B0921342003910AF076FEDE
:1040000053465A460399814609F054FFBDEEC88ACB
:10401000484618EE101AC4F80C9009F08FFFE068BB
:104020000821032209F07EFF237C002B00F073811E
:10403000012B02D140F6B833A36133683A4646F209
:10404000843158694BF6AC03ECF7A2FAA169ECF79E
:1040500039FFECF7BDFE3368BCEEC00A3A4658693A
:1040600084ED060A062346F28431ECF791FA4FF408
:104070007A71ECF727FFECF7ABFE3368BCEEC00AB1
:104080003A46586984ED070A46F64D3346F28431C4
:10409000ECF77EFA1021ECF715FFECF799FEBCEE79
:1040A000C00A204684ED080A3946FFF781FE3368CE
:1040B00046F2843158693A4648F63F13ECF768FAFD
:1040C00004AA8146074907A80BF0FAFB07A948464E
:1040D000ECF708FF014608A814E000BFC802002062
:1040E00094050020C0DE02087CBC020898D50208B6
:1040F00090D50208B93C0108553C0108953C0108DF
:1041000040420F00ECF7C2FE06A808A90BF029F800
:10411000089BA3F10C00A84240F0D681079BA3F1B5
:104120000C00A84240F0C481069951F80C3C002BC9
:1041300040F0F58094F8262063F3000284F82620EE
:1041400020460221EEF7FAFC20460721EEF7F6FCA6
:1041500020460821EEF7F2FC20460321EEF7EEFCA4
:104160003368DFF84493586946F284313A4640F6A2
:104170000F73ECF70DFA0021ECF7A4FEECF78CFEC0
:10418000002840F0F9803268217C506894F825308E
:10419000066894F82420B668012903F00F0300F0A4
:1041A0001581DFF808E3B24F002918BF7746617A1E
:1041B000247A009744EA01210191AE49B04717E003
:1041C00002790368520019684FF0030E0EFA02FEDE
:1041D000012021EA0E0100FA02F20A431A605DE6AC
:1041E000336894F824205868A34903689B6898476B
:1041F000069BA3F10C00A84240F0F28040460DB0AF
:10420000BDEC028BBDE8F08F336846F2843158690B
:104210003A464CF23423ECF7BBF904AA804697499E
:1042200007A80BF04DFB07A94046ECF75BFE0146E3
:1042300008A8ECF72BFE06A808A90AF092FF089B35
:10424000A3F10C00A84240F04B81079BA3F10C00A6
:10425000A84240F05181069B53F80C2C002A7FF4B1
:10426000EBAD33688649586803689B689046984769
:10427000BEE720740C20CDF828900AF037FD814B62
:10428000C0F80490036084607F4B804A08902C2023
:104290000A930B920AF02AFD08A994F8242081467B
:1042A00005F090FB0A9BC4F81490002B7FF46FAECE
:1042B00071E6316894F82420486875490468A46858
:1042C0009846A04794E733687249586803689B682A
:1042D00098474FF000088BE74FF00F0A4FF0110B93
:1042E000122189E6DAF8003094F8242058686A49E7
:1042F00004684B46A468A0474FF0000878E733688D
:1043000094F82420586865490468069BA468A0476F
:104310004FF000086CE74FF47A63A3618DE694F8E0
:10432000263043F0010308A884F826301022F0F765
:10433000D3F90898DDF824A0504541D0217C81466E
:104340004FF0000B0BE0012907D10BF1010B544991
:1043500060695A4607F0D0F8217CCA4526D059F842
:10436000043B0029EFD10BF1010B4D4960695A461E
:1043700005F01EFD217CF0E7D9F800303A46586977
:1043800046F2843143F65613ECF702F90021ECF7BC
:1043900099FDECF781FD94F8263060F3451384F81D
:1043A000263020460421EEF7C9FBECE681B1012955
:1043B00005D160693A49FF22002307F09DF808986B
:1043C00000283FF4BDAEEEF7F9FAB9E6354FEEE658
:1043D0000B4660693249FF2205F0EAFC0898EFE7D6
:1043E00053F8042C511E002A43F8041C3FF706AF73
:1043F00008A90AF0CBFF01E753F8042C511E002A4C
:1044000043F8041C3FF712AD07A90AF0BFFF0DE502
:1044100053F8042C511E002A43F8041C3FF74AAD00
:1044200008A90AF0B3FF45E553F8042C511E002AF1
:1044300043F8041C3FF738AD05A90AF0A7FF33E5A0
:1044400053F8042C511E002A43F8041C3FF765ADB5
:1044500005A90AF09BFF60E553F8042C511E002AC1
:1044600043F8041C3FF75FAD08A90AF08FFF5AE537
:1044700098D50208DCD6020804D60208C0DE02087D
:10448000A0D50208B93C0108553C0108953C01083B
:104490003CD60208CCD50208A4D6020870D6020881
:1044A0002C03002090D50208C802002088D50208FD
:1044B00053F8042C511E002A43F8041C3FF734AE75
:1044C00008A90AF063FF2FE653F8042C511E002AB6
:1044D00043F8041C3FF722AE05A90AF057FF1DE67A
:1044E00053F8042C511E002A43F8041C3FF7ADAECC
:1044F00005A90AF04BFFA8E653F8042C511E002A28
:1045000043F8041C3FF7A7AE08A90AF03FFFA2E654
:104510002DE9F04F294F3A6885B00023824601A962
:104520005069019346F2843202930393EBF7E2FF62
:10453000019C029EB44218BF4FF0010902D12BE04A
:10454000A64229D03B6834F8025B58692A4646F2F5
:10455000843147F26933ECF71BF8ECF79DFC002837
:10456000EED028200AF0C2FB4946804609F1010B33
:10457000FFF7DEFB404629465FFA8BFBFFF730FC76
:10458000C8B94046B8F1000F15D0D8F800305B68C4
:104590009847A642D946D5D1BAF1000F04D0DAF82F
:1045A000003050465B689847019808B1EEF706FA6C
:1045B00005B0BDE8F08FD946C2E700BFC8020020B1
:1045C000037C2BB1012B02D1406906F033BB70474D
:1045D000406905F027BB00BF90F826108A0700D479
:1045E00070476FF3410180F82610C1F38001FFF797
:1045F000E7BF00BF037C2BB1012B02D1406906F05D
:1046000081BD7047406905F079BC00BF38B5057CB5
:104610000C468DB1012D09D1406906F06DFF28B11E
:10462000236807499B682046984738BD2368054999
:104630009B682046984738BD406905F0B9FBEEE716
:1046400020D7020840D7020870B50C46064609B9C3
:104650000AE02C463046E168FFF7F6FFA5682046E1
:10466000EEF7ACF9002DF4D170BD00BF30B5037C7E
:10467000012B87B004460D4601D007B030BD684617
:10468000F7F7D2FD059B2BB968460299FFF7DCFFCF
:1046900007B030BD6069694607F06CF828B1E8687A
:1046A000054903689B689847EEE7E8680349036893
:1046B0009B689847E8E700BF5CD702086CD7020800
:1046C000F0B50A7A2DED028B0C46910783B00546B2
:1046D00014D5236840F28A318B4200F0868040F284
:1046E0008D318B4229D040F28F318B4249D0B3F5C6
:1046F000FA7F07D040F2F712934203D003B0BDEC2B
:10470000028BF0BD95F826301A0700F18E80DB068B
:10471000F4D5E06895F8253002689649966895F8D2
:10472000242003F00F03B047E0689349036895F82D
:1047300024209C682B6AA047E0E7204695F82410C7
:10474000F7F7BEFA0028D9D0204695F824102E6A33
:104750000022F7F7C9FABCEEC00A284610EE101A7C
:1047600085ED080AFFF70EFB237A28625B09012B0F
:1047700000F08B8095F8263043F0100385F8263042
:10478000BCE7520967D020465021F7F799FA20B3C9
:10479000204650210022F7F7A7FA95F8253003F0BC
:1047A0000F0307EE103AF8EEC77AB4EE670AF1EE9F
:1047B00010FA12D1237A5B09012B00F0AB80022B97
:1047C00000F0A080032B99D12846214603B0BDEC10
:1047D000028BBDE8F040FFF749BF204695F8241052
:1047E000F7F76EFA0028E5D188E7204695F82410FF
:1047F000F7F766FA002881D0204695F824100022A9
:10480000F7F772FABCEEC00AAB6910EE101A9942C3
:1048100028BF19462846E961FFF7A8FA95F826301F
:1048200043F0080385F8263068E7E06895F82530FE
:1048300002685249966895F8242003F00F03B047A8
:10484000E0684F49036895F824209E68EB69B047FB
:1048500095F826305BE72046F7F7B2FA002892D1A8
:10486000E06895F82520036846499E6895F824304D
:1048700002F00F02B047E1682846012203B0BDEC08
:10488000028BBDE8F040FFF7B5BE86423FF472AF41
:1048900095F824303C4FA3F15802D1B2022988BFC9
:1048A000A3F13E023B68DB6893F89C1191427FF6CE
:1048B00061AF07EE100AB8EE478A07EE106AF8EE0D
:1048C000477A9B6888EE278A53F822301846D3ED42
:1048D000087A28EE278AB0EE480AEEF7B5FD18EE02
:1048E000100A0BF0E5F9E36895F824201C68CDE97F
:1048F00000012649A4681846A0473B68D868F3F72A
:1049000017FB37E720465221F7F7DAF968B9237A1F
:104910005B0957E720465221E468F7F7D1F980F0A8
:104920000102D2B221462846A8E720465621F7F7D1
:10493000C7F90028EBD0204652210022E668F7F79D
:10494000D3F9204656210022B0EE408AF7F7CCF981
:10495000BCEEC88ABCEEC00A18EE102A10EE103A5F
:104960002846314603B0BDEC028BBDE8F040FFF7AE
:104970004DBE00BFD4D70208F4D70208A8D702085A
:10498000C8D7020800D80208C802002088D7020849
:1049900090F850305B0702D5836A01338362704719
:1049A0008A88F8B54EF68F739A420C46054600D0B9
:1049B000F8BDCB8841F23332934245D043F20B72BB
:1049C000934235D049F678229342F1D1294E33688B
:1049D000D9073ED52B6A002BEADD95F85020520707
:1049E000E6D56A6A9FED247A244EA96A71609A1A04
:1049F00006EE903A00EE102AF8EEE67AB8EE400A9B
:104A000037EEC00A20EE070A80EE270A0BF022FFDD
:104A10003046291DBCEEC00A10EE103A40F8083BA3
:104A20000AF0CDFE237CE66043F003032374F8BD57
:104A300090F85010C1F3C001227C114BE36042F0AA
:104A4000030222741970F8BD90F85010C1F3800170
:104A5000F2E730460AF05EF90028BBD0074F094B59
:104A6000BB6030460AF064F938460749074A0AF045
:104A700062F9AFE76C0300200000C8425C0300202D
:104A800068030020A0050020914A01088801002049
:104A900010B583680A4A0446A3F10C00904282B024
:104AA00002D1204602B010BD53F8042C511E002A3A
:104AB00043F8041CF5DC01A90AF068FCF1E700BF2B
:104AC000940500202DE9F041012184B00446EEF761
:104AD00035F820460021EEF731F820460421EEF7A4
:104AE0002DF820460521EEF729F820460621EEF79D
:104AF00025F8994D994E20460221EEF71FF82046E1
:104B00000721EEF71BF82B68002258694AF256710C
:104B10001346EBF73DFD6A460746914902A80AF0A5
:104B2000CFFE02A93846ECF7DDF9014603A8ECF701
:104B3000ADF904F1100003A90AF013FB039BA3F1E4
:104B40000C00B04240F0E380029BA3F10C00B042A5
:104B500040F0F5802B680022586941F21F3113465E
:104B6000EBF716FD0121ECF7ADF9ECF795F994F8A8
:104B70005030296860F30003002284F850304869FF
:104B8000134643F2DB21EBF703FD6A4607467549FE
:104B900002A80AF095FE02A93846ECF7A3F904F141
:104BA0000808014603A8ECF771F9404603A90AF08A
:104BB000D8FA039BA3F10C00B04240F0B480029BF2
:104BC000A3F10C00B04240F08B802B6800225869A2
:104BD00042F2CB311346EBF7DBFC6A4607466149EC
:104BE00002A80AF06DFE384602A9ECF77BF904F141
:104BF0000C07014603A8ECF749F9384603A90AF067
:104C0000B0FA039BA3F10C00B0425ED1029BA3F16A
:104C10000C00B04270D1A66856F8043C002B50DB63
:104C200040460AF019FCA66856F8043C002B48DB05
:104C300040460AF011FCA36853F80C1C19448E423C
:104C400009D03346202013F8012B5F2A08BF03F850
:104C5000010C8B42F7D1E66856F8043C002B32DB9E
:104C600038460AF0F9FBE66856F8043C002B2ADBCC
:104C700038460AF0F1FBE36853F80C1C19448E42E5
:104C800009D03346202013F8012B5F2A08BF03F810
:104C9000010C8B42F7D12B68002258694CF6FE219B
:104CA0001346EBF775FC0021ECF70CF9ECF7F4F880
:104CB00094F8503060F3451384F8503004B0BDE8E8
:104CC000F0813346B8E73346D6E753F8042C511E3B
:104CD000002A43F8041C99DC01A90AF057FB95E768
:104CE00053F8042C511E002A43F8041C3FF76DAF03
:104CF00003A90AF04BFB68E753F8042C511E002A65
:104D000043F8041C87DC03A90AF040FB83E753F84F
:104D1000042C511E002A43F8041C3FF715AF01A9CB
:104D20000AF034FB10E753F8042C511E002A43F814
:104D3000041C3FF744AF01A90AF028FB3FE753F8F2
:104D4000042C511E002A43F8041C3FF703AF03A9AB
:104D50000AF01CFBFEE600BFC802002094050020FC
:104D600054D80208C0DE020838B50446EDF7E0FE6C
:104D700094F8505094F851000F4B2360002363F3D4
:104D8000030005F0F9050D4A84F8510004F13C01D7
:104D900063F3C30584F8505084F83C302364E36423
:104DA000E361A362A3616164A1646260A260E260E6
:104DB0002261204638BD00BF18DD0208A005002092
:104DC000F0B5274F0760022383B00446154610460E
:104DD000244900220AF0DAF9431C064624D02B6845
:104DE00053F80C3C984222D84FF0FF332946324604
:104DF00001A80AF021FD204601A90AF0B2F9019BA1
:104E00000C3FA3F10C00B8421FD1334629460022C3
:104E100001A80AF011FD284601A90AF0A2F9019B98
:104E2000A3F10C00B84205D1204603B0F0BD0E48F6
:104E30000AF0D3FD53F8042C511E002A43F8041C39
:104E4000F2DC69460AF0A2FAEEE753F8042C511E90
:104E5000002A43F8041CD8DC69460AF097FAD4E724
:104E6000A005002068D8020848B80208F0B50D4631
:104E700085B001460446164601A82A46FFF7A0FF62
:104E8000294602A80AF08FFC02A903A8EFF7A0F8B0
:104E9000201D03A90AF065F9039B4C4DA3F10C00FA
:104EA000A8427ED1029BA3F10C00A8426ED194F8D7
:104EB00050305A0750D41B074ED4E06908B10CF0AB
:104EC00087FC606842490CF025FF3368E0610028E8
:104ED00056D040499B6862683046984794F85030F5
:104EE0003D4943F0040384F850300022022301A816
:104EF0000AF08EF9013018BF384BE06916BF1B6805
:104F000000235B686361002102220DF0AFF80746C1
:104F100000282DD1E0690DF05BF9394620623A4650
:104F2000E0690DF0A3F833682D499B68226A30468A
:104F30009847019AA2F10C000023A8426362A36281
:104F400014D052F8043C591E002B42F8041C0DDC0E
:104F500003A90AF01BFA09E0336822499B6830462E
:104F60009847019BA3F10C00A84226D105B0F0BDE3
:104F700033681D499B683046984700232362D8E771
:104F800062689B68194930469847EAE753F8042C51
:104F9000511E002A43F8041C89DC03A90AF0F6F923
:104FA00085E753F8042C511E002A43F8041C3FF7F0
:104FB00079AF69460AF0EAF974E753F8042C511EF8
:104FC000002A43F8041CD1DCC2E700BF940500208E
:104FD00094EC0208ACD80208BCD80208C802002031
:104FE000E4D802086CD80208C0D8020894D8020895
:104FF0002DE9F04786B0044605A81546EEF756FFA2
:10500000022305A8514900220AF002F994F8503011
:10501000013018BF01205B074BD5236A002B6DDDE3
:10502000A66A626A0A2E59D9B2FBF6F7991A0FB12D
:10503000B1FBF7F7002855D107EE103AF8EEC77A22
:1050400007EE101AB8EE470A9FED417ADFF824A167
:10505000DFF8248137EEC00A4FF4616920EE070AB9
:1050600080EE270A0BF0F6FBAAFB0603DB0AA8FB7F
:10507000061209FB136E5209A8FB0E0EC2EB0210BA
:10508000296862680093A6EB80064FEA5E13BCEEC7
:10509000C00A019302968C682E4910EE103A2846F9
:1050A000A047002F30D12B682B499B682846984792
:1050B00009E0E369E3B12B6870B128499E68626A30
:1050C000236A2846B047059B254AA3F10C0090426D
:1050D00030D106B0BDE8F0872249EFE70027991AE2
:1050E0000028A9D028681D4984682846A047EAE717
:1050F0002B681D499B6828469847E4E72B681B49A5
:105100009B6828469847DEE7A8FB0713AAFB07021F
:105110005B09D20AC3EB0313296809FB1279A7EBD9
:1051200083070097A8FB09038C6811495B0928468F
:10513000A047B8E753F8042C511E002A43F8041C7A
:10514000C7DC04A90AF022F9C3E700BFF8D80208B7
:105150000000C84250D9020890E30208FCD80208B7
:105160009405002018D9020838D90208ACD90208E1
:105170008CD90208C5B3A29189888888F8B590F8BF
:1051800050305B0704460E46174601D4C3693BB353
:1051900094F85030154903F0F70300256FF38203AC
:1051A00084F850302A4665622562201D0AF09AF97B
:1051B0006561E0690CF00CFB3368E56153F80C3C69
:1051C0006BB90B4C23689869F2F704FB2368D86825
:1051D000F3F772F93B6807499B6838469847F8BD72
:1051E000136805499B6810469847F8BDC0DE020861
:1051F000C8020020C4D9020838D9020830B58A880C
:105200004EF68F739A4285B00C46054601D005B024
:1052100030BDCA884BF631239A42F8D10F4901AA12
:1052200003A80AF04DFB28460D4A03A9FFF7A6FF85
:10523000039B0C4AA3F10C00904204D1237C43F061
:1052400001032374E3E753F8042C511E002A43F8AA
:10525000041CF3DC02A90AF099F8EFE7C0DE0208AB
:105260002C0300209405002070B590F8505013686E
:10527000C5F3C00504460E463DBB9B681C4910465D
:10528000984730461B490AF011F894F85030D0F195
:10529000010038BF002060F38613DBB243F008033F
:1052A000C3F380061A4684F850309EB165F382023B
:1052B000D2B242F0100284F8502094F851300A2201
:1052C00062F3030384F8513070BD0B499B681046AC
:1052D000984770BD094B0A491B68586803689B686A
:1052E000984794F8503066F3041384F85030E4E79C
:1052F00020DA020854DA02080CDA0208C802002098
:1053000058DA020870B50C46064609B90AE02C4680
:105310003046E168FFF7F6FFA5682046EDF74EFB43
:10532000002DF4D170BD00BF30B5044685B009B181
:1053300005B030BD90F85030590729D41A07F7D579
:10534000224D2A686FF3C30384F85030D068F2F717
:105350002BFD04F13800216CFFF7D4FF94F85100C5
:1053600094F850201A49002363F3030084F8510095
:105370002D68236404F13C006064A0646868E36401
:10538000056863F3041284F85020AB689847CFE7B0
:10539000104901AA03A80AF093FA20460E4A03A96D
:1053A000FFF7ECFE039B0D4AA3F10C00904202D1E3
:1053B00094F85030C2E753F8042C511E002A43F8E9
:1053C000041CF5DC02A909F0E1FFF1E7C8020020A6
:1053D0006CDA02088CC202082C030020940500201D
:1053E0002DE9F04F90F85030B5B013F0080F0D9044
:1053F0009146136800F09781A7499B68104698472B
:105400000D99CB6C002B00F095810D9B5D6C03F129
:105410003C04A54218BF14AF0ED06A69298A1492C1
:105420003B4600224AF61640EDF756FD284609F0A5
:10543000EAFC84420546F0D1D9F80030974A9B68CF
:1054400097490F924846984707F062FC954E0E9098
:10545000A6F10C0A07F05CFC0E9B9349C01A884227
:1054600000F210814FF000080D9AD2F844B05C456C
:105470004FF0000753D014ADBBF8102018964AF631
:1054800016404EF618312B46EDF7FCFC00283AD0BA
:10549000B8F1000F2BD0D9F8003014989B680B930B
:1054A000189B0C930AF004FCDDED157ABFEE007A30
:1054B000F4EE477AF1EE10FA02460B4600F0DD807A
:1054C00017EE900A0A9209910AF0F2FBCDE9060163
:1054D0000A9A099B9DED067B16980490CDE900235E
:1054E0008DED027B0C9A71490B9B4846984757B942
:1054F0009DED147ADBED057AB4EEE77AF1EE10FA61
:1055000054BF00270127189BA3F10C00504540F021
:105510005381584609F077FC84428346ACD1B8F1F8
:10552000000F40F0F9800F99002F40F0C9800B6800
:1055300093F8A820920700F1CF800D9B574D196C6E
:1055400003F13800FFF7DEFE0F990D9A0B685464E3
:10555000002694641664D66493F8A820970700F197
:1055600016810D99CB6853F80C3C002B40F0ED8070
:105570004C4CDFF84881A4F10C0614AF0DF1480B38
:10558000D9F800304A499B68484698470F990B68FC
:10559000D868F2F709FC0F9A0D991368C86ADB689E
:1055A00093F8345045F0020283F834200AF080FB6F
:1055B000CDE900010D9A106B0AF07AFBCDE90201EA
:1055C0000D9B586B0AF074FB0DF1D00A394ACDE9F6
:1055D0000401802138460DF095FA4AF8844D38468A
:1055E0000DF087FB39460246504609F07BFF0F99C4
:1055F000CDF8488008685A460121ECF7EFFA139B72
:10560000A3F10C00B042C5F3400540F0EF800F9AC3
:10561000224E1368DB6893F83410002265F34101D1
:1056200083F834104AF67650134641F68911EDF7A7
:1056300053FC0F990B6893F8A840C4F34004002C66
:105640007DD1D9F800301C499B68484698470D9990
:1056500091F85030D80640F1AB8043F0040364F376
:10566000041381F850300D9A92F850306FF3C30351
:1056700082F8503035B0BDE8F08F9FED057B8DEDA1
:10568000067B27E707F044FB4FF001080E90EBE69E
:10569000000000000000000090DA0208C8020020AC
:1056A000A8DA0208A00500203F420F00C4DA020871
:1056B0001CDB02084CDB020860DB02082C03002024
:1056C00008680D9A0321ECF789FA0F9A136893F88A
:1056D000A82095077FF5BEAE58684A4903689B68C5
:1056E00098470F990B68D868F2F75EFB0D9A116C1A
:1056F00002F13800FFF706FE0D9B0D9993F850203C
:105700005C64002363F3C3028C6481F850200B6453
:10571000CB6435B0BDE8F08FD9F800303A499B68CA
:1057200048469847FFE639499B681046984735B088
:10573000BDE8F08F364A0F9201F13C04FDE658684F
:10574000304903689B6898478DE7D9F800303149A4
:105750009B68314CDFF8C880484698470D9A1594ED
:1057600002F10C0114AF15A80AF029F82868CDF849
:1057700050803A460121ECF731FA159BA4F10C0652
:10578000A3F10C00B04223D10DF1480BF8E65868A4
:105790001C4903689B6898472B68D868F2F704FB9C
:1057A0000D9A92F8503066F3C30382F85030B0E798
:1057B00033681A495868C4E753F8042C511E002A6C
:1057C00043F8041C3FF7A5AE12A909F0DFFDA0E6DF
:1057D00053F8042C511E002A43F8041C0DF1480B09
:1057E0003FF7CEAE594609F0D1FDC9E653F8042C77
:1057F000511E002A43F8041C3FF709AF11A909F014
:10580000C5FD04E7DCDA0208F8E0020880DA0208E5
:10581000C8020020F4DA0208A005002074DB0208A8
:105820002C030020AFF3008070B5764B1B6893F813
:10583000A8309B0786B0044601D506B070BD51F86C
:10584000043B049305A809F0AEFF05A901A809F0DF
:10585000AAFF019D55F80C3C002B49D055F8043C9B
:10586000002B03DB01A809F0F7FD019D2E783046DF
:105870000CF0D2FD00283BD055F8043C002B04DB93
:1058800001A809F0E9FD019D2E7830460CF0BAFD23
:1058900070B302A801A9EEF709FB02A85A4909F062
:1058A00005FD002839D101A903A809F07CFF204695
:1058B00003A9049A554CFFF7D9FA039BA3F10C00F6
:1058C000A0423ED1029BA3F10C00A04240F08E808A
:1058D000019BA3F10C00A0420FD053F8042C511EE1
:1058E000002A43F8041C08DC03A909F04FFD04E07A
:1058F000464CA5F10C00A04270D1059BA3F10C0011
:10590000A0429AD053F8042C511E002A43F8041CDC
:1059100093DC03A909F03AFD8FE702A83C4909F09E
:10592000C5FCC8B901A903A809F03DFF204603A999
:10593000049A364CFFF75CFB039BA3F10C00A042DA
:10594000C0D053F8042C511E002A43F8041CB9DCC3
:10595000694609F01BFDB5E702A82E4909F0A6FC2F
:1059600078B901A903A809F01EFF204603A9049AEB
:10597000264CFFF703FC039BA3F10C00A042A1D02F
:10598000DFE702A8244909F091FC78B901A903A82E
:1059900009F009FF204603A9049A1C4CFFF764FC98
:1059A000039BA3F10C00A0428CD0CAE702A81B49BC
:1059B00009F07CFC08B1154C84E701A903A809F0A3
:1059C000F2FE204603A9049A104CFFF709FD039B41
:1059D000A3F10C00A0423FF475AFB2E755F8043CC8
:1059E0005A1E002B45F8042C87DC7DE753F8042C65
:1059F000511E002A43F8041C3FF76AAF03A909F0BF
:105A0000C5FC65E7C8020020ACDB02089405002055
:105A100088DB020894DB02089CDB0208A4DB020896
:105A2000F0B587B002AA0C46064649699C4D05A808
:105A300009F046FF03A805A9EEF788FA059BA3F134
:105A40000C00A84240F0B581227AC2F3400717B398
:105A50002368152B50D0172B62D0182B52D0192B3E
:105A600043D01A2B00F097801B2B00F00881202BCD
:105A700000F02C81B3F5167F00F0EB8040F2592244
:105A8000934200F0C480039BA3F10C00A84240F0B5
:105A90006B8107B0F0BD5107F5D563681C2BF2D1BF
:105AA00096F850301A07EED57E4A126867F3C303A2
:105AB000D06886F85030F2F777F9316C06F138008B
:105AC000FFF720FC96F8501096F85120376406F145
:105AD0003C0367F3041167F30302F76486F8501080
:105AE00086F851207364B364CDE796F850306FF3B5
:105AF000820386F85030C6E7E0686B4903689B680C
:105B00009847C0E7F369002BBDD0664B96F850204C
:105B10001B6842F004025B68B36186F85020B2E76C
:105B200003AA05A86149EFF7A3FA301D05A909F0FA
:105B300018FB059BA3F10C00A84240F04681F069D8
:105B40000023736138B196F8502063F3820286F81F
:105B500050200BF03DFE706855490CF0DBF8F06109
:105B6000002800F0F580002102220CF07FFA0746A1
:105B7000002841D000233362E0684E49076872680C
:105B8000BF68B847E0684C4903689B6898470023A2
:105B90007362B36277E7F369002B54D0716805AA8A
:105BA00004A809F08DFE4549376A01AA05A809F045
:105BB00087FE304605A9E268FFF7E0FA059BA3F1EE
:105BC0000C00A84240F01981049850F80C3C002BBE
:105BD00040F0AF80A0F10C03AB423FF454AF50F85B
:105BE000042C511E002A40F8041C3FF74CAF184605
:105BF00005A909F0CBFB46E7F0690CF0E9FA394654
:105C000030623A46F0690CF031FA336AB4E702AA1E
:105C10002A4905A809F054FE304605A9E268FFF7B5
:105C2000DFFB059BA3F10C00A8423FF42CAF53F817
:105C3000042C511E002A43F8041C3FF724AF04A98A
:105C400009F0A4FB1FE7E0681D4903689B689847BB
:105C500019E71C4B19495009012808BF194602AA27
:105C600005A809F02DFE304605A9E268FFF7FCFA09
:105C7000059BA3F10C00A8423FF405AFD7E702AAA9
:105C8000114905A809F01CFE304605A9E268FFF796
:105C9000AFF9059BA3F10C00A8423FF4F4AEC6E7B0
:105CA00094050020C8020020B4DB0208D8C0020816
:105CB00094EC0208E4DB020800DC0208C0DE020803
:105CC00010DC020854DA020824DC020803AA05A842
:105CD0005049EFF7CDF9301D05A909F042FA059BAF
:105CE000A3F10C00A8427CD1F0690023736138B1A4
:105CF00096F8502063F3820286F850200BF068FD7E
:105D0000706845490CF006F8F061002842D096F81A
:105D1000503043F0040386F85030002102220CF08A
:105D2000A5F9044660B30023336200237362B362B3
:105D3000A9E639490BF0EEFFF061002831D004A943
:105D4000301D09F03CFD002304983762736141E780
:105D5000E0687268036831499B689847039BA3F128
:105D60000C00A8423FF495AE53F8042C511E002AB3
:105D700043F8041C3FF78DAE05A909F007FB88E640
:105D8000F0690CF025FA214630622246F0690CF0E9
:105D90006DF9CAE7E0682149036872689B68984713
:105DA000C3E7E0681D490368049A9B689847049814
:105DB00010E753F8042C511E002A43F8041C3FF747
:105DC00043AE04A909F0E2FA3EE653F8042C511E52
:105DD000002A43F8041C3FF7B2AE04A909F0D6FA32
:105DE000ADE653F8042C511E002A43F8041C3FF77B
:105DF0007BAF04A909F0CAFA76E753F8042C511EC8
:105E0000002A43F8041C3FF7DFAE02A909F0BEFAEE
:105E1000DAE600BFD8C0020894EC0208CCDB020826
:105E200030B5274B274D044640F8383B83B0216CF2
:105E3000FFF768FA2369A3F10C00A84214D1E368C4
:105E4000A3F10C00A84230D1A368A3F10C00A84232
:105E500020D16368A3F10C00A84210D12046ECF7D2
:105E600057FE204603B030BD53F8042C511E002AC3
:105E700043F8041CE3DC01A909F088FADFE753F8D2
:105E8000042C511E002A43F8041CE7DC01A909F088
:105E90007DFAE3E753F8042C511E002A43F8041C52
:105EA000D7DC01A909F072FAD3E753F8042C511E8C
:105EB000002A43F8041CC7DC01A909F067FAC3E70C
:105EC00018DD02089405002030B5294B294D044601
:105ED00040F8383B83B0216CFFF714FA2369A3F133
:105EE0000C00A84217D1E368A3F10C00A84233D1FB
:105EF000A368A3F10C00A84223D16368A3F10C00AE
:105F0000A84213D12046ECF703FE2046ECF756FDDD
:105F1000204603B030BD53F8042C511E002A43F82C
:105F2000041CE0DC01A909F031FADCE753F8042C89
:105F3000511E002A43F8041CE4DC01A909F026FAEA
:105F4000E0E753F8042C511E002A43F8041CD4DC6B
:105F500001A909F01BFAD0E753F8042C511E002ABE
:105F600043F8041CC4DC01A909F010FAC0E700BF23
:105F700018DD0208940500202DE9F8438C6880465E
:105F80009146BCB1168800E01C46258AB5428BBFFD
:105F9000A368E36801270027002BF5D15FB9AE4263
:105FA000234615D80023C8F80040C8F804304046FE
:105FB000BDE8F8830C1DCB68A3420FD0204608F043
:105FC00048FFB9F80060058AAE4223460446E9D985
:105FD000002288E80C004046BDE8F883002388E8EA
:105FE0001800E4E72DE9F047064682B018200D4678
:105FF0001F4608F07BFE044648B13B681B880382BD
:10600000002200234261037043608360C360371D38
:10601000AF4204F1100A31D0B4F81080B5F81090F6
:10602000C8451DD2F068A84209D0284608F011FFE3
:10603000038A434529D2C368002B2ED02846002D61
:106040002DD0002833D001203B462A46214608F0B7
:1060500002FF736920460133736102B0BDE8F08727
:106060001ED93069A84218D0284608F0CCFE038A11
:1060700043450AD9EB682BB30546E0E7736923B1C2
:106080003069238A028A9A4207D3684652463146CB
:10609000FFF772FF9DE82100D1E7054638B90546B4
:1060A0002046ECF78BFC284602B0BDE8F087AF42F3
:1060B000C9D0B4F81080B5F81090C14594BF002045
:1060C0000120C1E7002DF8D1EAE700BF2DE9F04734
:1060D000814D82492B685B681A688AB092680446D1
:1060E000184690472B6801219869F1F7D7FA2B6879
:1060F00093F8A8605868C6F34006002E3DD10368A7
:1061000077499B6898472B68DB6804F12C07D3F824
:106110000801D3F80C11D3F81021E06233467960FE
:10612000BA6042F6332132464AF67650ECF7D4FE96
:106130002B6804F13808D868F4F72AFA4046216C35
:10614000FFF7E0F894F85030266404F13C079A0613
:10615000E6646764A76403D4C3F38016002E38D0C6
:10616000A36853F80C3CABB92B685E4958680368C8
:106170009B6898470AB0BDE8F08703685A499B6856
:10618000984794F850306FF3C30384F850300AB046
:10619000BDE8F08704F1080108A8544C089409F000
:1061A0000EFB534B2868079307AA0121EBF716FD56
:1061B000089B0C3CA3F10C00A042D5D053F8042C52
:1061C000511E002A43F8041CCEDC06A909F0DEF8B3
:1061D000CAE732464AF616404BF2D31107AB079690
:1061E00008960996ECF74EFE002834D0079EDDF89D
:1061F00020A056452FD00C360DF1140956ED027A29
:10620000F5EEC07AF1EE10FA1FDD236C002B53D0AF
:10621000B6F800E039461A8A72452ABF1946DB688B
:106220009B68002BF7D18F4202D00B8A73450AD9A5
:10623000CDF8009040462F4A069606ABFFF7D2FEF7
:1062400056ED027A0146C1ED057A06F108039A453A
:1062500006F11406D2D1666CB74218BF4FF00008A1
:106260000ED0318ACDF81880002206AB4AF61640CF
:10627000ECF732FE304608F0C6FD87420646F0D104
:10628000079F089A974208BF38460FD0DFF86890FA
:106290003E4607F11008F31B143658F80330A3F1FB
:1062A0000C0048450AD1B242F5D1079800283FF4C6
:1062B00057AFECF783FB53E73946B9E753F8041CB3
:1062C00001F1FF3E002943F804ECECDC06A903923F
:1062D00009F05CF8039AE6E7C802002028DC02080F
:1062E00080DC02089CDC020864DC0208A0050020B7
:1062F0002C03002050D80208940500202DE9F0431B
:1063000090F850301C07A5B005460DD590F85120E7
:1063100012F00F0108D00F3101F00F0161F30302F9
:1063200080F85120002972D0990736D55B0731D506
:10633000594F3B6893F8A830C3F34003002B29D191
:10634000984603AE05E030460CF0D3FC0446002826
:1063500042D130468221EA690BF0CEFB0446002888
:10636000F1D195F850304D4960F3820385F85030F3
:106370002246281D09F0B6F86C622C62E8690BF021
:1063800027FAA869EC616C6120B1036844499B68F5
:106390009847AC6125B0BDE8F08343F00202134694
:1063A00085F85020DA07C1D503AE304605F110015B
:1063B00009F0F9F9384B1B681A6802B10432284613
:1063C0003146FEF753FD039B364AA3F10C00904281
:1063D00056D195F85030A9E724AB034413F8853C17
:1063E0000A2B0CD0E8690BF0FBF940B9686918B1C9
:1063F00003682D499B6898474FF00108A9E7B8F159
:10640000000F01D1012C05D14FF00008A1E7FFF7E3
:106410005DFEBFE7686920B1036824499B68324686
:1064200098470DF19008DFF88C9048F8889D304629
:106430000CF05FFC31460246404609F053F86B69A8
:106440001B49386824AA002B08BF0B4642F88C3D34
:106450000121EBF7C3FB029B6A6AA9F10C09A3F1C6
:106460000C00224448456A6294D053F8042C511E13
:10647000002A43F8041C8DDC694608F087FF89E791
:1064800053F8042C511E002A43F8041CA1DC01A976
:1064900008F07CFF9DE700BFC8020020C0DE0208B4
:1064A000F8DC020894050020D8DC0208D4DC0208DD
:1064B0002C030020A005002010B5034B0360044608
:1064C000ECF726FB204610BD58DD020810B5054B41
:1064D00003600446ECF71CFB2046ECF76FFA2046FD
:1064E00010BD00BF58DD020810B51D4B1B6893F8A6
:1064F000A820C2F34002044672B1837A980709D5F6
:106500006368227A1969D140C90722D4012101FAAE
:1065100002F29A61002010BD017B481C00F00F00C0
:10652000052804DC60F303012173002010BD62F331
:10653000030198692173F0F7F5FFA37A9A07E9D56B
:1065400080F0010003F00103C0B28342227A636845
:10655000DCD14FF4803101FA02F29A61002010BDC3
:10656000C802002010B50446ECF7E2FA2046054BBD
:1065700040F8043BECF726FB237B6FF30303237304
:10658000204610BD58DD0208F0B5624D6249634CEB
:1065900085B003AA064601A809F092F92B680022EB
:1065A00058694BF65D511346E9F7F2FF01A907461A
:1065B00002A809F0F8F802A93846EAF793FC014668
:1065C00003A8EAF763FC01A803A908F0CAFD039B2E
:1065D000A3F10C00A04240F08680029BA3F10C00C6
:1065E000A0425ED12B680022586945F6F41113468B
:1065F000E9F7CEFF01A9054602A809F0D4F802A9DF
:106600002846EAF76FFC014603A8EAF73FFC01A819
:1066100003A908F0A6FD039BA3F10C00A04235D10D
:10662000029BA3F10C02A24246D101A903A809F0E2
:10663000BAF8301D03A9ECF74BFB83799B0713D500
:106640000279036852001E6803259540012126EA5D
:10665000050501FA02F22A431A60827912F0010F4D
:1066600002790DD091409961039BA3F10C00A042E7
:106670002ED1019BA3F10C00A04240D105B0F0BD8A
:106680004FF4803101FA02F29A61EDE753F8042CDD
:10669000511E002A43F8041CC2DC694608F076FE4D
:1066A000BEE753F8042C511E002A43F8041C99DC61
:1066B00003A908F06BFE95E753F8041C481E002957
:1066C00043F8040CB1DC104603A908F05FFEACE708
:1066D00053F8042C511E002A43F8041CC9DC02A9FB
:1066E00008F054FEC5E753F8042C511E002A43F865
:1066F000041C3FF772AF694608F048FE6DE753F897
:10670000042C511E002A43F8041CB7DC03A908F02E
:106710003DFEB3E7C802002048DD020894050020D2
:10672000F0B5304D2968002285B01346044648690B
:106730004DF68341E9F72CFF0021EAF7C3FBEAF7A6
:10674000ABFB064630B11CB1236820465B68984716
:1067500005B0F0BD21462046FFF716FF2B68182034
:106760005D6A08F0C3FA0746EAF764FC1E4B1F4A4D
:106770001B6801979B0BA2FB0313DB0800EE103A8A
:10678000B8EEC00A09F0E4FF194B0293039604AB7C
:1067900013E90300BDEEC00A07F108037C6087ED32
:1067A000040A83E8030087ED050A72B62B690B2BF8
:1067B0000CD9AB68EA6893420ED0019A0BB11A600B
:1067C000AB680433AB6062B605B0F0BD0C21296143
:1067D0002846ECF7FDFCECE7281D01A9EEF752F97D
:1067E000F1E700BFC8020020D0010020ABAAAAAA8E
:1067F000E964010808B50B6808469B680149984799
:1068000008BD00BF60DE020808B5044A0B681268C4
:106810009B68126B08460249984708BDC8020020D1
:10682000A4D8020808B50B6808469B680249984737
:10683000024B05221A6008BD70DE020870030020BA
:1068400008B50B6808469B680149984700BE08BD1B
:10685000A4DE0208704700BF704700BF0B6810B588
:106860000C4608469B6847499847236846499B68F9
:1068700020469847236845499B68204698472368E7
:1068800043499B6820469847236842499B682046B5
:106890009847236840499B682046984723683F49AA
:1068A0009B682046984723683D499B682046984747
:1068B00023683C499B682046984723683A499B686F
:1068C00020469847236839499B68204698472368A3
:1068D00037499B6820469847236836499B6820467D
:1068E0009847236834499B68204698472368334972
:1068F0009B6820469847236831499B682046984703
:10690000236830499B682046984723682E499B6836
:106910002046984723682D499B682046984723685E
:106920002B499B682046984723682A499B68204644
:106930009847236828499B68204698472368274939
:106940009B6820469847236825499B6820469847BE
:10695000236824499B6820469847236822499B68FE
:1069600020469847236821499B682046984723681A
:106970001F499B682046984723681E499B6820460C
:10698000984710BDC4DE0208D0DE0208DCDE020833
:10699000E8DE0208FCDE020808DF020810DF020859
:1069A0002CDF020838DF02084CDF020858DF02083B
:1069B0006CDF020898DF0208C0DF0208DCDF020893
:1069C000FCDF02081CE002085CE00208A4E0020808
:1069D000C8E00208E0E00208FCE0020814E1020856
:1069E0001CE1020878E10208D8E1020818E2020876
:1069F00080E20208B8E2020810B501210446ECF773
:106A00009DF820460221ECF799F820460421ECF786
:106A100095F8024B00221A6010BD00BF70030020E1
:106A2000044B1868002802DD0138186000B1704777
:106A3000EDF7BCBA7003002008B50B6808469B68E8
:106A4000034998470120BDE80840EDF7AFBA00BF01
:106A5000ECE20208F0B5164B164A1E68164D0B689C
:106A600085B00C4603A840F21341C6F30B068E42D4
:106A700014BF2E4616469D68E9F7A2FC074603A8F8
:106A8000E9F7A2FC0D490E4A096800960346A2FBED
:106A90000101890C3A46019120460A49A84723681A
:106AA00009499B6820460722984705B0F0BD00BF02
:106AB000002004E004E302080CE30208D0010020F7
:106AC00083DE1B4314E3020858E3020810B5034BAE
:106AD00003600446ECF71CF8204610BD28ED0208C0
:106AE00010B5054B03600446ECF712F82046EBF7AF
:106AF00065FF204610BD00BF28ED020830B583B009
:106B00000C4642F60D0048F29361002201ABECF70F
:106B1000B9F930B9236809499B682046984703B002
:106B200030BD019D236806499B682A462046984748
:106B3000284605F0EBF903B030BD00BF64E302085E
:106B4000A4D8020870B5034684B002A80E461946C0
:106B5000EDF7ACF903A802A9EDF73AFA039C164D3C
:106B6000A4F10C00A8421CD1029BA3F10C02AA4282
:106B70000BD1204607F06CFB28B133680F499B68A6
:106B800022463046984704B070BD53F8041C481E96
:106B9000002943F8040CECDC104603A908F0F6FBCE
:106BA000E7E754F8042C511E002A44F8041CDBDCEF
:106BB00001A908F0EBFBD7E7940500207CE302086D
:106BC00030B5034685B003A80D461946EDF76EF9BA
:106BD00002A803A9EDF7FCF9039B194CA3F10C00E3
:106BE000A04217D10298002107F0A6FB2B6858B9E4
:106BF00014499B68029A28469847029BA3F10C000F
:106C0000A04212D105B030BD0F499B68029A2846B8
:106C10009847F2E753F8042C511E002A43F8041C4D
:106C2000E0DC01A908F0B2FBDCE753F8042C511EAC
:106C3000002A43F8041CE5DC03A908F0A7FBE1E700
:106C400094050020B4E3020894E3020870B50346FB
:106C500084B00E4603A8194608F0A5FD03A902A8B2
:106C6000EDF7B6F9039B1C4CA3F10C02A24226D10E
:106C7000029807F035FB054678B1184B186802A951
:106C8000303008F09CFD284607F050FB029BA3F132
:106C90000C00A04208D104B070BD336810499B6855
:106CA000029A30469847F1E753F8042C511E002A07
:106CB00043F8041CEFDC03A908F068FBEBE753F88A
:106CC000041C481E002943F8040CD1DC104601A91D
:106CD00008F05CFBCCE700BF94050020C802002050
:106CE000CCE3020870B5044686B003A80D462146E1
:106CF000EDF7DCF804A82146EDF7D8F8049850F831
:106D00000C3C002B2FD19FED250A06AC03A824EDE7
:106D1000010AECF753FF2346014600224AF61640CB
:106D2000ECF7DAF890B92B681D499B68039A28465E
:106D30009847049B1B4CA3F10C00A04222D1039B5B
:106D4000A3F10C00A04212D106B070BD05982C68CA
:106D5000039E08F0ADFFCDE900013246A368124959
:106D600028469847E5E700210CF06AFECDE753F886
:106D7000042C511E002A43F8041CE5DC02A908F08B
:106D800005FBE1E753F8042C511E002A43F8041CCC
:106D9000D5DC02A908F0FAFAD1E700BF0000000034
:106DA00004E4020894050020ECE30208F0B506466E
:106DB00085B003A80D463146EDF778F801A803A980
:106DC000EDF706F9039B2D4CA3F10C00A04232D144
:106DD00002AF314603A8EDF769F8384603A9EDF78D
:106DE000F7F8039BA3F10C00A04219D10198029976
:106DF00007F046FA2B6888B921499E68019A029BE0
:106E00002846B047029BA3F10C00A0422AD1019B67
:106E1000A3F10C00A0421AD105B0F0BD1949ECE76E
:106E200053F8042C511E002A43F8041CDEDC69468A
:106E300008F0ACFADAE753F8042C511E002A43F8A4
:106E4000041C02AFC5DC394608F0A0FAC1E753F8CC
:106E5000042C511E002A43F8041CDDDC03A908F0B1
:106E600095FAD9E753F8042C511E002A43F8041C64
:106E7000CDDC03A908F08AFAC9E700BF9405002019
:106E800048E402082CE402082DE9F041034686B0EC
:106E90000F4604A8194608F086FC03A804A9EDF7DC
:106EA00097F8049B444EA3F10C00B04263D103A8B1
:106EB000424908F0FBF9002857D0DFF82081404C08
:106EC000D8F8003001219869F0F7E8FB3D490398B4
:106ED00004940AF01FFF3C49059004A8ECF728FE33
:106EE0000598049408B10AF073FC0820039D07F08C
:106EF000FDFE364B0360044628460BF0DFFE606063
:106F000072B6334901AA04A808F0DAFC182007F089
:106F1000EDFE012304A922460546F4F7BBFF049BBE
:106F2000A3F10C00B0423CD1D8F8000002212A465F
:106F3000EAF754FE1CB1236820465B6898472DB1E0
:106F40002846F4F79FFE2846EBF738FD62B63B680B
:106F5000039A9B681F4938469847039BA3F10C008E
:106F6000B04213D106B0BDE8F08103A81A4913223C
:106F700008F0B8FAA1E753F8042C511E002A43F890
:106F8000041C94DC02A908F001FA90E753F8042CE1
:106F9000511E002A43F8041CE4DC04A908F0F6F9A9
:106FA000E0E753F8042C511E002A43F8041CBBDC14
:106FB00002A908F0EBF9B7E794050020C8BA020867
:106FC00078BF0208E0C00208CCC20208A0B60208DE
:106FD0005CE4020864E40208B8C20208C8020020A7
:106FE0002DE9F04F034689B007A888461946ECF70B
:106FF0005DFF5A490022022307A808F009F9079B00
:1070000057490130A3F10C0218BF01208A420490B5
:1070100040F09680002004F059FF524AD8F8003022
:10702000126851499B68514C121A05924046984784
:107030004F4B0020D3F8009004F048FFD8F8003000
:107040004C499B688246021B40469847544573D280
:107050000022D3460392012523469446CA461C6863
:10706000454ADFF838E14549534504EB0307A4F1ED
:107070000809049C06BFD3F804A0012600260B33A0
:10708000002E18BF964640462A4623F007034CB10F
:10709000D8F80040A468CDF808C08DE80042A047A9
:1070A000DDF808C036B1BB45CC4405F1010508D96F
:1070B0003B46D4E7039CBB454C44039405F10105D2
:1070C000F6D8E346D8F800302D499E68039A2D4D36
:1070D0002D4C5B464046B047D8F80030059A2B4906
:1070E0009B685A4440469847D8F8003028689E6804
:1070F000EBF7DAFC07462068EBF7D6FC3A46034686
:1071000023494046B047049A3AB128684146EBF714
:107110006BFC20684146EBF767FC1E4BD8F800205B
:107120001B7894681C49C3EBC303DB0040465C2218
:10713000A04709B0BDE8F08F00240394A346C1E73F
:1071400053F8041C481E002943F8040C3FF762AFB3
:10715000104606A908F01AF95CE700BFBCD802087F
:10716000940500207403002088E40208240700200E
:10717000A8050020A4E402087CE40208BCE402089C
:10718000ECE40208180300201C03002008E50208B4
:1071900024E502085003002040E50208C0DE020892
:1071A00070B5044686B001A80D462146ECF77EFE78
:1071B000214602A8ECF77AFE029B53F80C6CAEB99C
:1071C00001A8ECF7FBFC03AC01462346324643F62C
:1071D0009440EBF757FE2B6800283ED09E683D494F
:1071E000019A9DF810302846B04723E002A83A499A
:1071F00008F05CF8002846D1374902A808F056F894
:1072000006ACD0F1010038BF002004F80C0D01A835
:10721000ECF7D4FC2346014648F2235243F694404F
:10722000EBF75AFE2B6890B19E682C49019A029B9D
:107230002846B047029B2A4EA3F10C00B04217D15A
:10724000019BA3F10C00B04238D106B070BD2549B6
:107250009B68019A28469847ECE79B682249019A67
:107260001F4E28469847029BA3F10C00B042E7D07E
:1072700053F8042C511E002A43F8041CE0DC21467C
:1072800008F084F8DCE702A8184908F00FF8002895
:10729000B2D0029800210CF0D3FB06AC10EE103AED
:1072A00001A844F80C3DECF789FC2346014646F65C
:1072B0001F3243F69440EBF70FFEB3E753F8042C6C
:1072C000511E002A43F8041CBFDC214608F05EF87A
:1072D000BBE700BF84E5020898E50208A0E50208C4
:1072E00094050020B8E5020870E502089CE5020854
:1072F0002DE9F0410346A6B00C4605A8194608F052
:1073000052FA03A805A9ECF763FE059B474FA3F1CA
:107310000C00B8427ED103A8454907F0C7FF0028FA
:1073200056D0039843490AF0F5FC23680546002827
:1073300054D041499B68039ADFF81481204698474E
:1073400006E09B68204698479DF814303B2B18D1E7
:1073500084212A4605A80AF0CFFB3849236805AAEC
:107360000028EED136499B682046984728460AF007
:107370002FFA039BA3F10C00B84240D126B0BDE820
:10738000F08105A901AA04A808F09AFA182007F0CC
:10739000ADFC012304A92B4A0646F4F77BFD049BB0
:1073A000A3F10C00B8421FD1D8F8000002213246E8
:1073B000EAF714FC304626B1F4F764FC3046EBF7EC
:1073C000FDFAD8F8000003210022EAF707FCBFE726
:1073D00003A81D49132208F085F8A2E71B499B6802
:1073E000039A20469847C4E753F8042C511E002AFC
:1073F00043F8041CD8DC02A907F0C8FFD4E753F80F
:10740000042C511E002A43F8041CB7DC05A907F020
:10741000BDFFB3E753F8042C511E002A43F8041CA7
:107420003FF779AF04A907F0B1FF74E79405002096
:10743000C8BA020894EC0208DCE5020804E6020877
:107440000CE602082C030020B8C202082CE6020851
:10745000C80200202DE9F04F574E336885B005462D
:1074600098690C46F0F75EF838B9236853499B6871
:107470002046984705B0BDE8F08F294603A808F0DC
:1074800092F902A803A9ECF7A3FD039BDFF844A13E
:10749000A3F10C00504540F08380029848490AF05F
:1074A00039FC23680746002874D046499B68029A35
:1074B000DFF824812046984700254FF47A79236825
:1074C00020469B6998470346032120461A461BB96C
:1074D0003068EAF783FBF2E723681B6998475FFA95
:1074E00080FBBBF1040F3946584643D0BBF11A0F5D
:1074F00040D00AF03DFC0135834588FB05324FEA58
:10750000E57328D0236830499B6820469847384661
:107510000AF05EF9236820469B69984703460321D9
:1075200020461A4613B323681B699847C0B2042843
:1075300001D01A28EED1029BA3F10C00504599D03E
:1075400053F8042C511E002A43F8041C92DC03A9B2
:1075500007F01CFF8EE7C3EBA21209FB1252002AB0
:10756000ADD130680321EAF739FBA8E73068EAF7C4
:1075700035FBCFE738460AF02BF9236813499B689F
:107580002A4620469847029BA3F10C0050453FF441
:1075900071AFD5E70E499B68029A20469847CAE723
:1075A00053F8042C511E002A43F8041C3FF775AF12
:1075B00001A907F0EBFE70E7C802002040E60208D0
:1075C000E0C002086CE60208DCE60208C8E6020831
:1075D000ACE6020894050020D34D62102DE9F04777
:1075E00003688A4F53F80C3C86B005460297039710
:1075F0000C460C3F05AE0DF1100863B938E008F0F9
:1076000036F8059BA3F10C00B84240F0AF802B6820
:1076100053F80C3C63B330462946ECF747FC059B16
:1076200053F8042C002A03DB304607F015FF059BB6
:107630001B782D2B314603A8E1D00DF108094846EF
:10764000314608F0BCF82B6853F80C3C002B7CD179
:10765000059BA3F10C00B8420CD053F8042C511E2A
:10766000002A43F8041C05DC414607F08FFE01E0C8
:107670000DF108094946404608F095F83046414664
:10768000ECF7A6FC4846314607F06BFD059BA3F1DD
:107690000C00B84240F08C80049BA3F10C00B8426F
:1076A00040F0A880029806F01BFE814650B956E0D3
:1076B000236857499B6820469847236855499B682B
:1076C00020469847484606F02BFE054600282CD059
:1076D00023686A4629464046D3F808A008F0F0F827
:1076E00030464146ECF77CFB20464B49059AD04793
:1076F000059BA3F10C00B84244D1049BA3F10C00FC
:10770000B8424AD195F80421002AD1D103A84349AF
:10771000022307F03BFD0130CFD02368D5F80021CC
:107720009B683F4920469847C7E7484606F0FEFD5C
:10773000039BA3F10C00B84251D1029BA3F10C00B2
:10774000B84241D106B0BDE8F0874846354901222C
:1077500007F0B6FF4846294607F089FF78E7236817
:1077600031499B68029A20469847E1E753F8042C78
:10777000511E002A43F8041C3FF749AF414607F069
:1077800005FE44E753F8042C511E002A43F8041C5C
:10779000B3DC01A907F0FAFDAFE753F8042C511E42
:1077A000002A43F8041CADDC314607F0EFFDA9E7E1
:1077B00053F8042C511E002A43F8041C3FF76CAF09
:1077C00001A907F0E3FD67E753F8042C511E002AD6
:1077D00043F8041CB6DC314607F0D8FDB2E753F895
:1077E000042C511E002A43F8041CA6DC314607F085
:1077F000CDFDA2E753F8042C511E002A43F8041CC7
:107800003FF750AF314607F0C1FD4BE7A005002020
:10781000C8BA020890E30208D4DC020818E702089C
:107820001CE70208D8BE020820E70208F0B50346AC
:10783000AFB00F4613A8194607F0B5FF01A813A96A
:10784000ECF7C6FB139B3E4EA3F10C00B04255D1A2
:1078500001983C490AF05EFA0446002838D013A883
:10786000EAF7C8FA384D08E0286803210022EAF751
:10787000B5F9204609F0B4FF68B903A801214022F8
:1078800023460AF02FFB0028EED0024603A913A8D6
:10789000EAF7B2FEE8E73B6813A89D68EAF7F2FE54
:1078A000014602A8EAF730FF019B2849029A3846B0
:1078B000A847029BA3F10C00B04235D1204609F045
:1078C00087FF019BA3F10C00B04222D12FB0F0BD85
:1078D0003B681F499B68019A38469847019BA3F172
:1078E0000C00B042F2D053F8042C511E002A43F889
:1078F000041CEBDC13A907F049FDE7E753F8042C5F
:10790000511E002A43F8041CA2DC03A907F03EFD27
:107910009EE753F8042C511E002A43F8041CD5DCC2
:1079200002A907F033FDD1E753F8042C511E002AB9
:1079300043F8041CC2DC694607F028FDBEE700BF1F
:107940009405002094EC0208C802002040E70208D9
:1079500094D802082DE9F04F044689B007A80E46D6
:107960002146ECF7A3FA04A807A9ECF731FB079B23
:10797000DFF844B2A3F10C00584540F0F98005A8A7
:107980002146ECF793FA05A8854907F08FFC0546D8
:10799000002840F08680214606A8ECF787FA0A22E4
:1079A0000698079507A90CF0E7F8079A069B9A42F4
:1079B000044688BF0122A3F10C009ABF01952C4612
:1079C0000192584540F0C880002C05DD4FF47A70D4
:1079D00000FB04F0ECF7CEFC4FF0FF39049871493E
:1079E0000AF098F9804600287AD008AD6E4B45F829
:1079F000083D00242746DFF8C4A118E00134502CCC
:107A0000304612DD336806995B699847069B002172
:107A100053F80C2C28460B4607F0D2FC0024DAF869
:107A2000000003210022EAF7D9F84F4522D0404652
:107A300009F0E6FF03460793013307A94FF001025F
:107A4000284617D007F03CFE079B0A2BD6D1336897
:107A500006995B6930469847069B002153F80C2C29
:107A600028460B4607F0ACFC512C07F10107A8BFD4
:107A70000024D4E7404609F0ABFE019BDBB9069B2E
:107A8000A3F10C0058455CD1059BA3F10C005845AF
:107A900041D1049BA3F10C00584575D109B0BDE854
:107AA000F08F05A8414907F001FC50B94FF0FF39AC
:107AB0000022019292E733683D495B69304698475E
:107AC000DDE700230A220598079307A90CF054F874
:107AD000079A059B9A428CBF81464FF0FF39E7E732
:107AE000336834499B68049A30469847059BA3F154
:107AF0000C0058451AD1049BA3F10C005845CDD079
:107B000053F8042C511E002A43F8041CC6DC07A9B4
:107B100007F03CFCC2E753F8042C511E002A43F83E
:107B2000041CB6DC03A907F031FCB2E753F8042CBF
:107B3000511E002A43F8041CDDDC07A907F026FCCF
:107B4000D9E753F8042C511E002A43F8041C9BDC8F
:107B500003A907F01BFC97E753F8042C511E002AD9
:107B600043F8041C3FF730AF03A907F00FFC2BE7E5
:107B700053F8042C511E002A43F8041C3FF7FFAEB3
:107B800006A907F003FCFAE653F8042C511E002A5C
:107B900043F8041C82DC03A907F0F8FB7EE700BF72
:107BA00048E7020894EC0208A0050020C0DE0208A5
:107BB0004CE7020894D8020894050020C80200206F
:107BC00030B585B06A460C4603A84969414D07F0B7
:107BD00077FE02A803A9ECF7B9F9039BA3F10C0007
:107BE000A84261D1237A990704D52368142B36D093
:107BF0001E2B06D0029BA3F10C00A84249D105B070
:107C000030BD029B53F80C1C0029F4D0324A126894
:107C100092F8A8205207EED4304B0393043103A806
:107C200007F005FD04222E4903A807F049FD02A92B
:107C300003A807F01CFD03A8E168FEF783FF039B80
:107C4000A3F10C00A842D5D053F8042C511E002AF1
:107C500043F8041CCEDC01A907F098FBCAE7E068F2
:107C6000204903689B6898476A461F4903A807F0A4
:107C700027FE03A8E168FFF7B1FC039BA3F10C000A
:107C8000A8421CD1E068194903689B689847029B89
:107C9000B1E753F8042C511E002A43F8041CAEDC53
:107CA00003A907F073FBAAE753F8042C511E002A1E
:107CB00043F8041C96DC01A907F068FB92E753F82F
:107CC000042C511E002A43F8041CDBDC01A907F038
:107CD0005DFBD7E794050020C8020020A005002026
:107CE000D8C0020850E70208F0BE020864E70208A4
:107CF0002DE9F04F9C4E2DED028B3368ABB004465E
:107D0000D8680D46F2F744FC214612A8ECF7CEF8ED
:107D100012A8964907F0CAFA0746002844D113AAC8
:107D2000104621460E92ECF7C1F814A82146ECF754
:107D3000BDF815A82146ECF7B9F8214616A8ECF7CE
:107D4000B5F8139B53F80C3C002B40F01A822B68BB
:107D500087499B68874F28469847169BA3F10C00DC
:107D6000B84240F0A984159BA3F10C00B84240F042
:107D7000B084149BA3F10C00B84240F0B784139B6D
:107D8000A3F10C00B84240F00E83129BA3F10C004B
:107D9000B84240F00C843368D868F0F705F82BB08F
:107DA000BDEC028BBDE8F08F12A8734907F07EFA94
:107DB0000746002840F0EA8013A82146ECF776F841
:107DC00014A82146ECF772F815A82146ECF76EF8D6
:107DD000139850F80C3C002B00F07382149B53F85E
:107DE0000C3C002B00F06D8239460BF029FE1498F4
:107DF0008DED0B0A39460A220BF0BEFE814615981E
:107E000050F80C3C002B00F0DA8239460BF018FEDB
:107E100010EE104A3368594AD8680892F2F7B8FB56
:107E2000204607F045FF0B9BDFF83CA1CDE904019C
:107E300083F0004007F03CFF9DED047B1AACCDE9D8
:107E400000018DED027B40214D4A20460AF05AFE8A
:107E50002B684C499B680DF1A80822462846984794
:107E6000089A48F8502D0DF1600B21465A46002320
:107E700017A8179307F024FD424630680121E9F75F
:107E8000ADFEB9F1000F38D0DAF8003093F8A870E1
:107E9000C7F34007002F40F0BD820B9807F008FFA2
:107EA000CDE9060106E0DAF8003093F8A820900743
:107EB00000F1B0829DED067B8DED007B9DED047B96
:107EC00040218DED027B304A20460AF01BFE2B68D4
:107ED0002C499B6822462846984720460AF009FF0D
:107EE0002146024617A807F0FDFA01373068012144
:107EF0004246E9F773FEB945D5D13368DFF868909B
:107F000093F8A880C8F34008B8F1000F40F08282CF
:107F10000B98184F07F0CCFE9DED047BCDE90001D6
:107F20008DED027B164A402120460AF0EBFD2B68BE
:107F300014499B68224628469847089B1893214677
:107F400011AA19A8CDF8648007F0BAFCD9F800008E
:107F500001215A46E9F742FE199BA3F10C00B842F1
:107F600040F06E83336856E2C802002074E70208CE
:107F7000F0E802089405002094E702082C03002092
:107F80009CE7020864EC0208B0E7020812A89849CE
:107F900007F08CF90746002840F09A8114A8214682
:107FA000EBF784FF15A82146EBF780FF16A82146C2
:107FB000EBF77CFF149850F80C3C002B00F0DB81B1
:107FC000159B53F80C3C002B00F0D58139460BF083
:107FD00037FD169850F80C3CB0EE408A002B40F06C
:107FE0005E823368D868F0F70DF8F0EE408A159895
:107FF00000210A220BF0C0FD0B90002800F0C9827E
:1080000018EE100A07F054FECDE9060118EE900AAA
:1080100007F04EFE774F784A0892B1EE488A13AACD
:108020000023B946CDE90C018DED0F8A04930E9221
:108030001AAC0DF1600B0DF1640A6F4F904606E02B
:10804000049B0B9A01339A42049300F095809DEDB6
:10805000067B8DED007B9DED0C7B40218DED027B41
:10806000664A20460AF04EFD2B6865499B68224609
:1080700028469847002321464246504619931897B0
:1080800007F01EFC306801215A46E9F7A7FD199B4D
:10809000A3F10C00484540F0BB829DED067B4021DA
:1080A0008DED007B574A20460AF02CFD2B68544981
:1080B0009B68224628469847002321464246504660
:1080C0001993189707F0FCFB306801215A46E9F72D
:1080D00085FD199BA3F10C00484540F08D820F9857
:1080E00007F0E6FD484ACDE90801CDE9000140214D
:1080F00020460AF007FD2B6841499B682246284626
:10810000984700232146424650461993189707F096
:10811000D7FB306801215A46E9F760FD199BA3F1AE
:108120000C00484540F05C829DED087B40218DEDC0
:10813000007B364A20460AF0E5FC2B6830499B68F4
:108140002246284698470023214642465046199326
:10815000189707F0B5FB306801215A46E9F73EFD54
:10816000199BA3F10C00484540F02E82336893F828
:10817000A83099077FF564AF4F462B6824499B6868
:10818000FDE0149850F80C3C002B3FF4E0AD159B3B
:1081900053F80C3C002B3FF4DAAD39460BF050FCA1
:1081A000169850F80C3CB0EE408A002B00F0DC80B2
:1081B00039460BF045FC8DED060A159800210A2280
:1081C0000BF0DAFC0490002800F0DE810A4B094F26
:1081D00008931AAC23464FF000080DF1640A0DF124
:1081E000600B0C97CDF82CA0444699461DE000BFCB
:1081F000C0E70208940500202C030020C8E702080D
:1082000064EC0208D8E70208E0E70208E8E70208A1
:108210008CE70208199B0C9AA3F10C00904240F0E5
:10822000BA81049F474500F02281139B53F8042C28
:10823000002A03DB0E9807F00FF9139B18780CF057
:108240002DF8824618EE100A1CB1B1EE487A17EEEE
:10825000100A07F02DFDCDE90001069807F028FD72
:108260005346CDE90201A34A402148460AF04AFCA0
:108270002B68A1499B684A462846984700234946EF
:1082800011AA089F0B981993189707F019FB3068EB
:1082900001215A46E9F7A2FC336893F8A83013F09D
:1082A000020F08F1010884F00104B3D0199B0C9F60
:1082B000A3F10C00B84240F0F3812B688F499B6812
:1082C00049E52B688E499B688E4F284698474AE5BA
:1082D00012A88D4906F0EAFF002840F0CA8016A8CF
:1082E0002146EBF7E3FD18A82146EBF7DFFD214619
:1082F0001AA8EBF7DBFD169B53F80C2C002A65D06F
:10830000189C54F80C2C002A60D01A9A52F80C2CA5
:10831000002A5BD053F8042C002A04DB16A807F0CF
:108320009BF8169B189C18780BF0B8FFC0B2572822
:108330008CBF58383E385FFA80F8002120460A2268
:108340000BF01AFCB8F1050F074600F217813368ED
:10835000DB6893F89C31434500F2A7802B686B499A
:108360009B682846984736E03368D868EFF74AFE9E
:108370008DED060A21E72B6865499B68614F284609
:108380009847169BA3F10C00B84240F07D81159BE5
:10839000A3F10C00B84240F04781149BA3F10C00FC
:1083A000B8423FF4F2AC53F8042C511E002A43F8B3
:1083B000041C3FF7EAAC1AA906F0E8FFE5E43368CD
:1083C000D868EFF71FFE10EE104A23E52B685149DD
:1083D0009B68284698471A9B4A4FA3F10C00B84265
:1083E00040F0C080189BA3F10C00B84240F0978188
:1083F000169BA3F10C00B8423FF4C7AC53F8042C11
:10840000511E002A43F8041C3FF7BFAC15A906F023
:10841000BDFFBAE43B4FD868EFF7C6FC2B6837497D
:108420009B6828469847179BA3F10C00B84240F080
:108430006A81159BA3F10C00B84240F01981149B8E
:10844000A3F10C00B84240F00781139BA3F10C008C
:10845000B8423FF49AAC53F8042C511E002A43F85A
:10846000041C3FF792AC594606F090FF8DE40C9F38
:1084700023E72B6828499B68224F284698472B689A
:1084800026499B68284698472B6825499B682846BB
:1084900098472B6823499B682846984775E43946D6
:1084A0000BF0CEFAF0EE408AA1E51A9800210A22DC
:1084B0000BF062FB002869D007EE100AF8EE477A4D
:1084C0009FED197AC7EE277AFCEEE77A17EE909ABD
:1084D00087EAE775A5EBE7753368002D38D093F888
:1084E000A840C4F340049CBBFF434FEA8808FF0F39
:1084F00020E000BF78E7020864EC02088CE702087D
:1085000018E9020894050020F4E7020820E80208B0
:1085100038E9020858E9020840E8020878E8020849
:10852000A4E80208D0E802080024744993F8A820BF
:1085300092070DD4DB689B68394653F80800EAF7C8
:10854000B1FF01344846EBF7FFFEAC423368EDD192
:10855000D868794FEFF7B0FF1A9BA3F10C00B8422F
:108560003FF440AF53F8042C511E002A43F8041C7A
:108570003FF738AF15A906F009FF33E72B686F49BD
:108580009B682846984726E76B4F96E6DFF8B09140
:108590009EE7694FF1E553F8042C511E002A43F879
:1085A000041C3FF73EAE11A906F0F0FE39E653F881
:1085B000042C511E002A43F8041C3FF7ECAB1AA907
:1085C00006F0E4FEFFF7E7BB53F8042C511E002A27
:1085D00043F8041C3FF7CAAD414606F0D7FEC5E597
:1085E00053F8042C511E002A43F8041C3FF79CAD9D
:1085F000414606F0CBFE97E553F8042C511E002AA5
:1086000043F8041C3FF76BAD414606F0BFFE66E53C
:1086100053F8042C511E002A43F8041C3FF73DADCB
:10862000414606F0B3FE38E553F8042C511E002AEB
:1086300043F8041C3FF7B1AE1AA906F0A7FEACE65A
:1086400053F8042C511E002A43F8041C3FF78AAC4F
:1086500011A906F09BFE85E453F8042C511E002A54
:1086600043F8041C3FF7F1AE594606F08FFEECE6E6
:1086700053F8042C511E002A43F8041C3FF7DFAEC8
:10868000594606F083FEDAE653F8042C511E002A00
:1086900043F8041C3FF77BAE1AA906F077FE76E696
:1086A00053F8042C511E002A43F8041C3FF705AE72
:1086B00011A906F06BFE00E653F8042C511E002AA7
:1086C00043F8041C3FF74FAB1AA906F05FFEFFF713
:1086D0004ABB53F8042C511E002A43F8041C3FF7F0
:1086E00048AB1AA906F052FEFFF743BB53F8042C1F
:1086F000511E002A43F8041C3FF741AB1AA906F0AB
:1087000045FEFFF73CBB53F8042C511E002A43F8EA
:10871000041C3FF78EAE594606F038FE89E653F842
:10872000042C511E002A43F8041C3FF761AE15A922
:1087300006F02CFE5CE600BF94050020F8E7020876
:1087400040420F002DE9F041174682B0194D1A4CF6
:1087500006468846022206E055F8084F2046D4B166
:108760000AF0C7FA0246214630460AF0CBFA002842
:10877000F2D1414601A86C6807F015F801A8394606
:10878000A047019B0D4AA3F10C00904207D10120A4
:1087900002B0BDE8F081204602B0BDE8F08153F898
:1087A000042C511E002A43F8041CF0DC694606F034
:1087B000EDFDECE788DD02087CE902089405002065
:1087C0002DE9F04F2DED048B034691B00DA80D4619
:1087D0001946EBF76BFBA049002202230DA806F017
:1087E00017FD0D9B9D490130A3F10C0218BF01201C
:1087F0008A42099040F0FC810DF1300ADFF8749252
:10880000D9F800300DA8D968F3F7D8F9099A002AE9
:1088100040F0BE810D9BD3ED017AFDEEE77A17EEB5
:10882000902A002ACDED087A59DD9FED938A0C2617
:10883000012431E0C7EE887A17EE900A07F038FA83
:10884000DBED017AC7EE887ACDE9060117EE900AD2
:1088500007F02EFADBED007AC7EE887A02460B4667
:10886000CDE9022301340C369DED066B17EE900A1C
:108870008DED006B07F01CFA4246CDE90401784902
:108880002846B8470C9B7549A3F10C00884240F07C
:10889000A381089AA24222DB2B685046611E9F6882
:1088A000EBF71AFDD9F800200D9BD268DDF8308077
:1088B00092F8342003EB060BD307DBED027AB9D430
:1088C00017EE900A07F0F4F9CDE90601DBF8040091
:1088D00007F0EEF9DBED007A02460B46C0E753469F
:1088E00000224FF44C4042F2EC01EAF7CBFAD9F8FF
:1088F00000202B68D268DDF8308092F834209C6824
:10890000D8ED007AD20740F198809FED5B8AC7EEE0
:10891000887A17EE900A07F0CBF9D8ED017AC7EE06
:10892000887A06460F4617EE900A07F0C1F9D8ED8F
:10893000027A87EE888A02460B46CDE9002318EEBC
:10894000100A07F0B5F93246CDE902013B46454928
:108950002846A04700220023CDE90023CDE90223C9
:108960002868414984682846A047D9F800200D9B13
:10897000D1682A6891F83410D2F80880089A541CFB
:1089800004EB4404A40003EB040AC807DAED027AFE
:1089900040F1D6809FED388AC7EE887A17EE900AAC
:1089A00007F086F9DAED017AC7EE887A06460F46B7
:1089B00017EE900A07F07CF9DAED007A87EE888AE4
:1089C00002460B46CDE9002318EE100A07F070F9B5
:1089D0003246CDE902013B4628462449C047099B5F
:1089E000D9F80020002B49D0D1680D9B91F83410A4
:1089F0002A680C341C44C907D2F8088094ED027A26
:108A000000F1AD8017EE100A07F052F906466068D3
:108A10000F4607F04DF9D4ED007A02460B4617EEEB
:108A2000900ACDE9002307F043F93246CDE902016F
:108A30003B4628460E49C04738E017EE900A07F03B
:108A400037F90646D8F804000F4607F031F998EDDB
:108A5000028A02460B4670E7BCD802089405002043
:108A600094E90208ACE90208C8E90208E4E902084E
:108A700000EA0208C80200203333CB41D1680D9BC5
:108A80002A6891F8341096682344CA07D3ED037A14
:108A900044BF1FED077AC7EE877A17EE900A07F0FA
:108AA00007F902460B4628465949B047D9F8003025
:108AB0002A68DB68D2F8088093F8342093F8D04015
:108AC00093ED358AD3ED368AD3ED377AD3072AD59D
:108AD0009FED509AC7EE897AC8EE898A88EE098A96
:108AE00017EE900A07F0E4F8064618EE900A0F46D3
:108AF00007F0DEF802460B4618EE100ACDE9002317
:108B000007F0D6F80494CDE9020132463B462846E8
:108B10004149C0470D9808B1E9F750FF11B0BDECCD
:108B2000048BBDE8F08F17EE900A07F0C1F80646F7
:108B300018EE900A0F4607F0BBF802460B46DBE73B
:108B400017EE900A07F0B4F80646DAF804000F466C
:108B500007F0AEF89AED008A02460B4632E79FED29
:108B60002D8A87EE087A17EE100A07F0A1F8D4EDE7
:108B7000017AC7EE887A06460F4617EE900A07F08C
:108B800097F8D4ED007A02460B46C7EE887A46E79E
:108B90000D9A2B68D2ED027A9C68FCEEE77A50467B
:108BA00017EE901AC9B2EBF797FB1C490C9A2846AE
:108BB000A0470C9B1A49A3F10C0088423FF42AAE4F
:108BC00053F8042C511E002A43F8041C3FF722AE30
:108BD0000BA906F0DBFB1DE653F8042C511E002AFE
:108BE00043F8041C3FF755AE0BA906F0CFFB50E647
:108BF00053F8041C481E002943F8040C0DF1300AF8
:108C00003FF7FCAD1046514606F0C0FBF6E500BF4D
:108C100024EA02083333CB4134EA020880E902082F
:108C2000940500202DE9F04F0446A7B00EA80E468B
:108C30002146EBF73BF90EA8A84906F037FB0028C0
:108C400074D1214610A8A64F1A97EBF72FF9109B65
:108C500053F80C4C002C40F09F8022464AF61640F8
:108C60004BF2D31113AB139414941594EAF70AF949
:108C7000002800F05781DDF84C80DDF85090C845A1
:108C800000F0268308F1100108F1140544460A910A
:108C9000C8EB04030A9A55F8140C52F803A0B4F870
:108CA0000CB0376807F004F8CDE9000155F8100C56
:108CB00006F0FEFFCDE90201A168049152465B4631
:108CC0001434BF6887493046B847A14505F11405FB
:108CD000DED1149E139D844FB54200F00A832C46CA
:108CE00005F11008631B143458F80330A3F10C008D
:108CF000B84240F00083B442F4D1139808B1E9F7C8
:108D00005DFE109BA3F10C00B84240F00C831A9B4F
:108D1000A3F10C00B84240F0CC820E9BA3F10C00F2
:108D2000B84240F0F48227B0BDE8F08F0EA86F493A
:108D300006F0BCFA002852D10FA82146EBF7B6F88E
:108D40000FA86B4906F0B2FA002800F0AA81664F1E
:108D50004FF0000A10A80F99EBF774FC0F9B53F823
:108D60000C3C002B61D1336862499B6830469847C0
:108D7000109808B1E9F722FE0F9BA3F10C00B8424E
:108D8000CBD053F8042C511E002A43F8041CC4DC39
:108D900016A906F0FBFAC0E710A8EAF70FFF4EF697
:108DA0001831024616AB4AF61640EAF76BF800286F
:108DB00000F0B08016983568109C06F079FFCDE978
:108DC0000001179806F074FFCDE90201189B049387
:108DD000AB684949304622460C3F984791E70EA8B8
:108DE000464906F063FA0028A6D00EA8444906F0CA
:108DF0005DFA0446002800F09B800EA8414906F069
:108E000055FA002840F072813F49374F10AA16A842
:108E100006F056FD16A83146FFF7D2FC169BA3F1CB
:108E20000C00B8423FF479AF43E2109B119AD21A7A
:108E3000921098D0012AD3F800B040F24682022A5C
:108E40005C6814BF9D6825460EA82849DFF8C080DD
:108E500006F02CFA002840F0F880D8F8003019907D
:108E6000DB681A905B681B901A681C9013A90A9122
:108E70000DF158091846CDF858B017941895D468D4
:108E80000A9A4946A0471398D6F800B006F010FF9A
:108E9000044614980D4606F00BFFCDE90001159825
:108EA00006F006FFCDE9020122462B46DBF808401A
:108EB00016493046A047DDF84CB0149C159DBAF118
:108EC000000F40F09F81109808B1E9F777FD0F9BE4
:108ED000A3F10C00B8423FF420AF87E1CCEC0208CC
:108EE000A005002050EA02089405002098EA020834
:108EF00064EB02086CEB020880EA02089CEA0208B4
:108F000068EB0208F8EA0208FCEA0208A0EA020894
:108F1000C802002033686C499B68109A3046984715
:108F20000C3FEEE6336869499B6830469847D0E6C7
:108F300026AD674FDFF8B08145F8408D3B682A4683
:108F4000D86821462346EFF799F8336861499B6852
:108F5000169A30469847169B284653F80C2C214603
:108F6000234606F02DFA3B682A46D868012123469D
:108F7000EFF784F8336858499B68169A304698474B
:108F8000169B284653F80C2C2146234606F018FA67
:108F90003B682A46D86802212346EFF76FF833680A
:108FA0004E499B68169A30469847169B284653F8B8
:108FB0000C2C2146234606F003FA3B682A46D86863
:108FC00003212346EFF75AF8336844499B68169A01
:108FD00030469847169B284653F80C2C21462346CA
:108FE00006F0EEF93B682A46D86804212346EFF7DD
:108FF00045F8336839499B68169A30469847169B5E
:10900000284653F80C2C2146234606F0D9F93B6834
:109010002A46D86805212346EFF730F833682F49F0
:109020009B68169A30469847169A2846234621464A
:1090300052F80C2C06F0C4F9169BA8F10C07A3F10A
:109040000C00B8423FF469AE33E1D8F80030CDF8F7
:109050004CB0DB68149458681595036813AA0DF199
:1090600058090A9211469B684A46984733681698F1
:109070000B9306F01DFE024617980992089106F020
:1090800017FECDE90001189806F012FECDE90201A5
:109090000B99099AD1F808C0089B11493046E0475E
:1090A0000DE7214616A8EAF701FF0FA816A906F05A
:1090B00058F8169B0B4FA3F10C00B84240F03F81CB
:1090C0004FF0010A46E600BF04E402086CEA020819
:1090D000C8020020DCEA0208E8EA020864EC0208A0
:1090E000C0EA020894050020A00500200EA89A49B5
:1090F00006F0DCF80446002840F0C480DFF87882EF
:109100003268D8F8003092680A929A68DB6892F860
:1091100014A093F8A410BAF1030F13A888BF4FF05E
:10912000000AEBF7D9F8D8F80030139DDA68536BD2
:1091300003F47C33B3F5103F00F0CD80B3F5C03FAE
:1091400000F0D480B3F5104F14BF112313230B93F9
:1091500092F834200DF1580912F0010F0CBF4FF0B6
:10916000150B4FF0140B4B4612F0020F4CF6FC306F
:1091700045F23E714FF000020CBF5B275A27E9F71A
:1091800081FE08B1169B1C68D8F80030DB68089394
:109190001846EEF737FF089B0B9993F83430029787
:1091A000DB0748BFDFED6D7A039448BF80EE270AE6
:1091B0008DE802086A4F10EE100A06F079FDCDE93D
:1091C0000401D8F80030DB68D3F8600106F070FDC8
:1091D0002B46CDE906015246304662490A9CA0471B
:1091E000139BA3F10C00B8423FF497AD53F8042C45
:1091F000511E002A43F8041C3FF78FAD494606F084
:10920000C5F88AE5584606F053FDCDE90001204631
:1092100006F04EFDCDE90201284606F049FD26ACD8
:10922000CDE90401504A4021484609F06BFC4F4B00
:1092300044F8483D484609F05CFD49460246204650
:1092400006F050F94A4B0A9AD8F80000139301210E
:10925000E8F7C4FCD8F8003001219869EEF71EFA4F
:10926000149BA3F10C00B8423FF42DAE53F8042C2C
:10927000511E002A43F8041C3FF725AE0DA906F045
:1092800085F820E60EA83B4906F010F830BB3A4AB4
:10929000336811689C68324F16A8E8F769F93046C0
:1092A0003649169AA047169BA3F10C00B8423FF42A
:1092B00034AD53F8042C511E002A43F8041C3FF728
:1092C0002CAD13A906F062F827E55C465D46BBE5C8
:1092D00040460C3F12E511210B9139E733682849CC
:1092E0009B680E9A1E4F3046984716E512230B9343
:1092F0002EE7284602E553F8042C511E002A43F8B5
:10930000041C3FF7F8AC0FA906F040F8F3E453F85B
:10931000042C511E002A43F8041C3FF704AD16A983
:1093200006F034F8FFE453F8042C511E002A43F8E9
:10933000041C3FF7ECAC13A906F028F8E7E453F857
:10934000042C511E002A43F8041C3FF7B9AE13A9A0
:1093500006F01CF8B4E600BF00EB02083333CB4143
:109360009405002008EB02084CDB0208A005002051
:109370002C03002040EB0208C802002064EC020825
:1093800048EB02082DE9F04F2DED028B85B07C4EA5
:109390003368DB680D4693F89C417A4900AF9246EA
:1093A00028460022062305F033FF421CE84600F061
:1093B000C2802B6853F80C3C984200F2C6800246EB
:1093C0004FF0FF3307F10800294606F035FAD7F8C9
:1093D00008B05BF80C3C012B40F2A6805BF8043C23
:1093E000002B05DB07F1080006F036F8D7F808B0C7
:1093F0009BF800000AF052FFC0B257288CBFA0F1C2
:109400005809A0F13E095FFA89F94C4579DD5BF80E
:109410000C3C002B00F099804FF0FF3307F108015E
:10942000012207F10C0006F007FAF868DFF860B1D6
:1094300000210AF005FBFB68A3F10C005845B0EED3
:10944000408A40F09080A3000A3303F4FF63ADEB41
:10945000030DEA4600216A46002301339C4242F88C
:10946000041BFADC0AEB890383ED008A28460123FA
:109470004549002205F0CCFE431C63D02B6853F80D
:109480000C3C421C9A425DD24FF0FF33294607F153
:109490000C0006F0D1F9F86800210AF0D1FAFB6857
:1094A000A3F10C005845B0EE408A51D13368D8681A
:1094B000F1F76EF83368D868836853F8293093ED74
:1094C000090A224628EE000A5146EFF777FA336878
:1094D00001219869EEF778F83368D868EEF764FCF4
:1094E000BB68A3F10C00584517D053F8042C511E4B
:1094F000002A43F8041C10DC07F10C0105F046FFBC
:109500000BE0DAF8003021499B6850469847BB6869
:109510001F4AA3F10C009042E7D11437C546BD465F
:10952000BDEC028BBDE8F08FDAF8003019499B687A
:1095300050469847EBE7DAF8003017499B685046E9
:109540009847EAE7B7EE008AB0E7144806F045FA14
:1095500053F8042C511E002A43F8041CA6DC391DC4
:1095600005F014FFA2E753F8042C511E002A43F81B
:10957000041C3FF768AF391D05F008FF63E700BF23
:10958000C802002094EB0208D0EB0208C0EB0208EE
:1095900094050020D4EB02089CEB020848B80208AE
:1095A000F0B58DB051F8043B0493054605A806F0CC
:1095B000FAF805A902A806F0F6F8029C54F80C3C4B
:1095C000C3B154F8043C002BC0F2388102A805F066
:1095D00043FF029C267854F8047C304608F01CFFB8
:1095E000B8B9002F04DB02A805F036FF029C2678EC
:1095F000242E0CD09F4DA4F10C00A8423AD1059B1B
:10960000A3F10C00A84240F09C810DB0F0BD54F8CD
:10961000047C002F03DB02A805F01EFF029C2378C8
:10962000242B32D003A802A9EAF740FC03A89249F0
:1096300005F03CFE002863D1904B8E4D1B68DC6921
:1096400002A906A806F0AFF8204606A9049AF9F781
:10965000A5F9069BA3F10C00A84240F0E380039B10
:10966000A3F10C00A84240F07881029CA4F10C0008
:10967000A842C4D054F8043C5A1E002B44F8042CD1
:10968000BDDC06A905F082FEB9E754F80C3C012BBD
:10969000C8D954F8043C002B03DB02A805F0DCFE1B
:1096A000029C6378482B44D01DD8232B77D0472BBE
:1096B0006DD173496F4D01AA06A806F001F906A8FD
:1096C0000499FFF7AFFA069BA3F10C00A842CCD097
:1096D00053F8042C511E002A43F8041CC5DC03A9CE
:1096E00005F054FEC1E74A2B73D0582B4FD1634B82
:1096F000186890F8A830990700F1AF805D4DB5E784
:1097000003A8604905F0D2FD002873D15B4B594D89
:109710001B68DC6902A906A806F045F8204606A9E0
:10972000049AF9F721FA069BA3F10C00A84296D0FF
:1097300078E0524E306890F8A8309A0700F1948093
:1097400090F8A8304B4D5B074CBF4F494F496A46D4
:1097500003A806AC06F0B4F8012303A92046049A36
:10976000F2F798FB039BA3F10C00A84240F00D8197
:10977000306802212246E8F731FA2046F2F782FAF1
:109780000498434903689B689847029C6EE70498D5
:1097900040490368374D9B689847029C66E73E49FD
:1097A000344D01AA06A806F08BF806A80499FFF725
:1097B00007F8069BA3F10C00A842E1D053F8042C53
:1097C000511E002A43F8041CDADC03A905F0DEFD73
:1097D000D6E702A906A805F0E6FF284606A9049ADE
:1097E000244DFFF7CFFD069BA3F10C00A8423FF4E8
:1097F0003CAF6DE703A8294905F058FD30BB1F4B6E
:109800001C4D1B68DC6902A906A805F0CCFF2046A8
:1098100006A9049AF9F784FA069BA3F10C00A84262
:109820003FF41DAF53F8042C511E002A43F8041CCA
:109830003FF715AF01A905F0A9FD10E726783046DE
:1098400008F0EAFD00283FF4D3AEE8E603A8144987
:1098500005F02CFD40BB074D01E707210122E8F789
:10986000BDF904980F4994E707210122E8F7B6F9FA
:10987000306865E79405002068EC0208C802002003
:1098800000EB02082CEC020804EC02080CEC0208C5
:1098900000EC020810EC0208C0DE020838EC0208F6
:1098A000ACDB0208ECEB020803A83E4905F0FEFC25
:1098B0000028D0D003A83C4905F0F8FC0028CAD005
:1098C00003A83A4905F0F2FC0028C4D003A838499F
:1098D00005F0ECFC0028BED003A8364905F0E6FCF4
:1098E0000028B8D006AC0022022303A9204605F0C8
:1098F000A3FF20463049314D05F0D8FC069BA3F16B
:109900000C02AA42064634D1002E3FF4A8AE039EB4
:1099100002A9204605F047FF21463046049AFEF78B
:1099200011FF0446069801A90C3805F031FD002C02
:109930007FF495AE049822490368039A9B68984780
:109940008DE653F8042C511E002A43F8041C3FF7FF
:109950005CAE06A905F01AFD57E653F8042C511E1B
:10996000002A43F8041C3FF780AE06A905F00EFD5F
:109970007BE653F8041C481E002943F8040CC3DCA2
:10998000104601A905F002FDBEE753F8042C511E54
:10999000002A43F8041C3FF7EBAE01A905F0F6FCE2
:1099A000E6E600BF88DB020894DB02089CDB0208C5
:1099B000A4DB020874EC020844EC020894050020C1
:1099C00048EC020838B504460020A06188681546B6
:1099D00038B1CA68A061E2618B6804F1100002220C
:1099E00098471423044984F82950002284F8283029
:1099F00021626262204638BDCDCC4C3D10B582B0AC
:109A000083698DF800108DF801206BB1C46901AB3A
:109A1000694602221030A0479DF804009DF80530E9
:109A200043EA002002B010BD05F0DAFF10B504EEE5
:109A3000901A90F82830DFED507A9FED505A9FED44
:109A4000506A06EE903AB8EE647A044687EE277ABA
:109A5000F8EEE67AF0EE065AD0ED086A67EE857AFF
:109A60000AE05B08042B84F8283071D904EE903AA0
:109A7000F8EEE47A67EE857A67EEA67A67EE277AE3
:109A8000C7EEA57AF4EEC67AF1EE10FAE9DCB7EE8D
:109A9000005AF4EEC57AF1EE10FA21D55B00DBB284
:109AA000282B84F828305DD8DFED345AB0EE066AF2
:109AB00004E0D3B2282B84F8283053D804EE903A2F
:109AC000F8EEE47A5A0067EEA57A66EEA77A67EEBA
:109AD000277AC7EE867AF4EEC57AF1EE10FAE8D46A
:109AE000FCEEE77A053B17EE902AD2B2A270232B48
:109AF00018D8DFE803F032171717172717171717AB
:109B000017171717171217171717171717171717EA
:109B10001717171717171717173C6378022262F3E6
:109B20000103637022882046C2F30621D2B2FFF7F8
:109B300065FF62882046C2F30621BDE81040D2B21C
:109B4000FFF75CBF6378012262F301036370E9E70A
:109B50000522FF2384F82820A37063786FF30103A4
:109B60006370DFE72822012384F82820A37063783C
:109B700043F003036370D5E700007A44000080439C
:109B800000007F4310B5FF2903780DDD082262F342
:109B9000C60303704FF480740288C2F30621D2B268
:109BA000FFF72CFF204610BD7F2905DD072262F359
:109BB000C60303708024EFE73F2905DD062262F328
:109BC000C60303704024E7E71F2905DD052262F381
:109BD000C60303702024DFE70F2905DD042262F3AA
:109BE000C60303701024D7E7072905DD032262F3BB
:109BF000C60303700824CFE7032905DD022262F3C0
:109C0000C60303700424C7E7012905DD012262F3BE
:109C1000C60303700224BFE76FF3C6030370012479
:109C2000BAE700BF027861F3000202700288C2F353
:109C30000621D2B2FFF7E2BE10B5417802780446A1
:109C400001F07F01FFF7DAFEE178A27801F07701F9
:109C50002046FFF7D3FE6179227901F07101204699
:109C6000FFF7CCFEE179A27901F071012046FFF700
:109C7000C5FE617A227A01F077012046FFF7BEFE29
:109C8000E17AA27A01F07F012046FFF7B7FE617BFF
:109C9000227B01F07F012046FFF7B0FEE17BA27B33
:109CA000204601F07001BDE81040FFF7A7BE00BFDD
:109CB0002DE9F84F3C4E336804460A460D46586974
:109CC00046F284314FF46873E6F762FC1421E7F73B
:109CD000F9F8E7F77DF8BCEEC00A336810EE102AF9
:109CE00084F8282046F284312A46586948F2FD3328
:109CF000E6F74EFC9FED2D0AE7F7EEF8E7F768F878
:109D00000520022201214FEA001862F383084FEA7E
:109D100001194FF0000661F3020961F301084FF0E9
:109D200040070521002361F302074FEA021C304679
:109D300031464FF00C0B4FF0200A4FF0600562F3F4
:109D4000010B63F3000A63F3070663F3010563F392
:109D5000010063F3000C63F300014FF00103A272F2
:109D600084F801B084F800A04FF0100B4FF0700A97
:109D7000A37031224FF03203207384F8039084F8EB
:109D80000B8084F805C067722371E271A67184F8B4
:109D900008B06573A17384F80FA084ED080A20460B
:109DA000BDE8F84FFFF748BFC8020020CDCC4C3DBE
:109DB000042A10B50C46014600F082800FD9062A0D
:109DC00073D032D3072A25D0FF2A44D1FFF734FFBE
:109DD000236841499B6820469847012010BD022A0C
:109DE0002ED00CD8012A36D1008820F47F6020F0D4
:109DF0000F00C3F30B0303430B80104610BD828892
:109E000022F47F62C3F30B0322F00F021A43828015
:109E1000012010BD828922F47F62C3F30B0322F07C
:109E20000F021A438281012010BD028922F47F6251
:109E3000C3F30B0322F00F021A430281012010BD6D
:109E4000428822F47F62C3F30B0322F00F021A430D
:109E50004280012010BD236820499B682046984716
:109E600023681F499B682046984723681D499B68C3
:109E70002046984723681C499B68204698472368DA
:109E80001A499B6820469847236819499B682046D1
:109E90009847236817499B682046984723681649C6
:109EA0009B6820469847002010BD428922F47F62BB
:109EB000C3F30B0322F00F021A434281012010BDAD
:109EC000C28822F47F62C3F30B0322F00F021A430D
:109ED000C280012010BD00BF58ED02086CED0208E1
:109EE00080ED020894ED0208A8ED0208BCED02081E
:109EF000D0ED0208E4ED0208F8ED02082DE9F04784
:109F00000B6890F829209B680C46054686B0B0493E
:109F100020469847697801F0700141F080010022E5
:109F20002846FFF76BFD22682B889768A9490646EB
:109F3000C6F30B02C3F30B032046B8472368C6F3EE
:109F4000C01EC6F38000C6F3400106F00102C6F34E
:109F5000C307CDF800E0029003910492C6F30128F4
:109F60000197D3F808C09C49C6F381224346204696
:109F7000E0472A7820686B789849C2F3800EC2F3D4
:109F8000C30C4FEAD2198DE80052C2F3400602F02A
:109F90000102049203968668C3F38102204603F00F
:109FA0000303B047E97801F0700141F0800100221D
:109FB0002846FFF723FD22686B88D2F808C088493D
:109FC0000646C6F30B02C3F30B032046E0472368A3
:109FD0008449D3F808C05FFA86F9C6F302224B46DB
:109FE0002046E0472368EA789E687F49AB7802F014
:109FF00007022046B047697901F0700141F0800105
:10A0000000222846FFF7FAFC2268AB88D2F808C085
:10A0100076490646C6F30B02C3F30B032046E0471E
:10A0200023687349D3F808C0C6F30022F3B2204670
:10A03000E04723686A799E686E492B7902F0010235
:10A040002046B047E97901F0700141F0800100221B
:10A050002846FFF7D3FC2268EB88D2F808C066498F
:10A060000646C6F30B02C3F30B032046E047236802
:10A070006249D3F808C0C6F30022F3B22046E04795
:10A080002368EA799E685E49AB7902F001022046B6
:10A09000B047697A01F0700141F080010022284642
:10A0A000FFF7ACFC22682B89D2F808C05549064658
:10A0B000C6F30B02C3F30B032046E0472368524963
:10A0C000D3F808C0C6F30222F3B22046E047236863
:10A0D0006A7A9E684D492B7A02F007022046B04703
:10A0E000E97A01F0700141F0800100222846FFF773
:10A0F00085FC22686B89D2F808C045490646C6F33C
:10A100000B02C3F30B032046E04723684149F2B238
:10A110000092D3F808C0C6F38122C6F3012320467B
:10A12000E047E87A2368AA7A00929E683A4900F0EC
:10A130000303C0F381022046B047697B01F0700140
:10A1400041F0800100222846FFF758FC2268AB89C5
:10A15000D2F808C031490646C6F30B02C3F30B031D
:10A160002046E0472368C6F3811EC6F30110C6F3FC
:10A17000810106F00302CDF800E001900291039204
:10A18000D3F808C02649C6F38122C6F3012320462E
:10A19000E0472A7B687B236822494FEA921CC2F37E
:10A1A000011E8DE80050C2F3810602F00302039203
:10A1B00002969E68C0F3810200F003032046B04778
:10A1C000E97B01F0700141F0800100222CE000BF2A
:10A1D00018EE020838EE02084CEE02089CEE020867
:10A1E000ECEE020804EF020820EF02083CEF020840
:10A1F00050EF02086CEF020888EF0208A0EF020897
:10A20000B8EF0208D0EF0208E8EF020804F00208F5
:10A2100020F0020838F002085CF0020880F0020822
:10A2200098F00208E8F002082846FFF7E7FB2368E9
:10A230003F499B680646F2B220469847C6F3401A4B
:10A24000C6F3001CC6F3C00E23688DE80054C6F3A5
:10A250008000C6F3400106F00102039004910592CC
:10A26000D3F808C033492046C6F3C012C6F38013A2
:10A27000E047B8F1000F0CD0B8F1010F52D09FEDBC
:10A280002E7ADFED2E7AB8F1020F18BFF0EE477A82
:10A2900001E0DFED2B7A07EE109AD5ED086A26680B
:10A2A000B8EEC76AB0EE067A26EE077A67EEA67AAF
:10A2B000C7EE277A17EE900A05F0FAFCB6680B464F
:10A2C000024620492046B04723689B686FB3013F90
:10A2D0000222BA4020461C499847B5F804C0B5F898
:10A2E00006E02F896E89B5F80C8020682A886B8873
:10A2F0001649CCF30B0CCEF30B0E8DE80050C8F3CF
:10A300000B05C7F30B07C6F30B06029703960495DC
:10A310008568C2F30B022046C3F30B03A84706B0BF
:10A32000BDE8F087DFED0A7AB5E70122D2E700BF8A
:10A3300038F1020848F10208000020460000A0455C
:10A340000000A04498F10208A8F10208BCF102083C
:10A350000000204538B5C17B01F07001002241F0BA
:10A3600080010446FFF74AFB054610F00100636ACE
:10A3700045D0D90752D543F0010363620120AA07F3
:10A3800039D599073FD543F00203636201206A077C
:10A390002DD5590758D543F00403636201202A07DD
:10A3A00021D5180745D543F0080363620120E9066B
:10A3B00015D5DA0604D543F010036362012038BDD9
:10A3C000274B28491B6894F82920586803689B6824
:10A3D0009847636A43F010036362012038BD23F09D
:10A3E0001003636238BD23F008036362DFE723F0E4
:10A3F00004036362D3E723F002036362C7E723F039
:10A4000001036362BBE7164B17491B6894F82920C8
:10A41000586803689B689847636AB4E7104B134910
:10A420001B6894F82920586803689B689847636AFA
:10A43000A1E70B4B0E491B6894F829205868036864
:10A440009B689847636AAEE7054B0A491B6894F816
:10A450002920586803689B689847636A9BE700BF98
:10A46000C8020020A8F2020828F2020800F202083E
:10A4700080F2020854F20208806A830754BFC0F3D6
:10A4800080000220704700BF70B5002585608D6890
:10A49000044616462DB1CA688560C2608B680222E8
:10A4A000984794F8372084F83960002302F0EF02CF
:10A4B00063F3C302322184F83720236321612046ED
:10A4C00070BD00BF000000002DE9F041476A84B074
:10A4D00006460069884605F0C9FB044640460D461D
:10A4E00005F0C4FB02460B462046294605F034FC25
:10A4F0000022414B05F030FC3BA3D3E90023044686
:10A500000D4605F053FD00223C4B05F071FA05F0B5
:10A5100035FEC0B20F2827F0400710D97762336AA2
:10A5200096F8372023F01F031F2894BF184343F0E9
:10A530001F00D306306214D404B0BDE8F08147F0A8
:10A5400040072BA3D3E9002377622046294605F074
:10A550002DFD0022294B05F04BFA05F00FFEC0B28D
:10A56000DDE7736AB2688DF80630190C1B0A8DF8A6
:10A5700004108DF80530002A31D003ABF46801A92E
:10A5800003223046A0479DF80D009DF80C409DF831
:10A590000E10336AB2688DF80A30000240EA0440B7
:10A5A00008430011190C1B0AB0628DF808108DF8D1
:10A5B0000930A2B103AB02A9F46830460322A047D8
:10A5C0009DF80D309DF80C109DF80E201B0243EAFB
:10A5D000014313431B11B36204B0BDE8F08105F0E1
:10A5E000FFF900BFAFF3008000000000C0EB124194
:10A5F0000000000040240441000040400000E03F13
:10A600002DE9F8430646006A00F01F0005F02EFB16
:10A6100080463069894605F029FB736A5B0604466B
:10A620000D4622D419A7D7E90067404649460022C3
:10A63000134B05F0DFF90022124B05F08DFB0246AB
:10A640000B463046394605F087FB22462B4605F07F
:10A65000ADFC00220C4B05F07FFB00220A4B05F0FD
:10A660007BFB05F08BFDBDE8F88303A7D7E9006706
:10A67000DBE700BFAFF3008000000060B81EC53FFD
:10A680000000F03F0000A03F00408F40000000406D
:10A690000AD7D33FAFF3008030B5036A01F3060158
:10A6A00023F4BF3383B0044601F07F0123F48073A9
:10A6B0000AB143F4803394F8372043EA0123D206E9
:10A6C000236201D403B030BDA2688DF80230190CAA
:10A6D0001B0A8DF800108DF801309AB1694601AB64
:10A6E000E56820460322A8479DF805309DF8041030
:10A6F0009DF806201B0243EA014313431B11A3628A
:10A7000003B030BD05F06CF930B5FF2983B00446C5
:10A710000EDD4FF48073C362002062692C4B94F805
:10A72000371013400343CA0663610FD403B030BD32
:10A730007F2903DD8023C3620120EEE73F2924DC6B
:10A740001F2926DD2023C3620320E6E7A2688DF8D7
:10A750000230190C1B0A8DF800108DF80130002A08
:10A7600033D0694601ABE56820460322A8479DF82F
:10A7700005309DF804109DF806201B0243EA0143B2
:10A7800013431B11A36203B030BD4023C3620220F8
:10A79000C3E70F2905DC072907DD0823C36205206D
:10A7A000BBE71023C3620420B7E7032903DD0423BA
:10A7B000C3620620B1E7012903DD0223C36207203B
:10A7C000ABE70123C3620820A7E705F009F900BF42
:10A7D000F0FF0F00C06A704730B5436983B004468C
:10A7E00041B194F8372043F40073D206436108D492
:10A7F00003B030BD94F8372023F40073D2064361D0
:10A80000F6D5A2688DF80230190C1B0A8DF80010DD
:10A810008DF801309AB1694601ABE5682046032204
:10A82000A8479DF805309DF804109DF806201B02EE
:10A8300043EA014313431B11A36203B030BD05F08B
:10A84000CFF800BF30B5436983B0044641B194F8F6
:10A85000372043F48073D206436108D403B030BD7F
:10A8600094F8372023F48073D2064361F6D5A268AA
:10A870008DF80230190C1B0A8DF800108DF801308C
:10A880009AB1694601ABE56820460322A8479DF8C6
:10A8900005309DF804109DF806201B0243EA014391
:10A8A00013431B11A36203B030BD05F099F800BF3C
:10A8B000F0B583B0012904469DF920C09DF82460BD
:10A8C00061DD0F29A8BF0F2141F30405EDB294F813
:10A8D0003500352A65F3040084F8350004DC232AAA
:10A8E0002CDD4FF4803701E04FF4C0376FF00200E9
:10A8F000BCF10C0FA8BF4FF00C0C8445B8BF8446C8
:10A90000A569234884F834200CF10302D2B2284010
:10A9100083F3040340EAC21003F0070340F48040CD
:10A9200040EA0310014339430EB941F4805194F8D1
:10A930003730A161DB0607D403B0F0BD172AD4BFBE
:10A9400000270127FF03D1E7A369A2688DF8023031
:10A95000190C1B0A8DF800108DF80130B2B1694650
:10A9600001ABE56820460322A8479DF805309DF815
:10A9700004109DF806201B0243EA014313431B11F8
:10A98000A36203B0F0BD02210D46A0E705F028F850
:10A990000060FEFF2DE9F04182B090F8367090F82B
:10A9A00037609DF9205004469DF9240084F8342036
:10A9B00063F3030765F3071760F30206012984F8C0
:10A9C000367084F837606BDD0F29A8BF0F2141F383
:10A9D0000407FFB294F83560352A67F3040684F85B
:10A9E000356008DC232A35DD002B4FF4803806DC87
:10A9F0004FF0000C0EE04FF4C038002BF8DD082BB0
:10AA0000B4BF9C464FF0080C0CF1FF3C5FFA8CFC85
:10AA10004FEA0C1C0C2DA8BF0C25A669234B94F8FB
:10AA200037706FF002029542A8BF2A4680F30200F9
:10AA30000332334043EAC023D2B243EAC2120A438C
:10AA400042EA080242EA0C02FB06A26109D402B003
:10AA5000BDE8F081172AD4BF002201224FEAC23894
:10AA6000CBE7A3688DF80220110C120A8DF80010B4
:10AA70008DF80120BBB1694601ABE5682046032291
:10AA8000A8479DF805309DF804109DF806201B028C
:10AA900043EA014313431B11A36202B0BDE8F081F6
:10AAA00002210F4696E704F09BFF00BF0020FEFF47
:10AAB00030B5836983B0044641B194F8372043F43C
:10AAC0000053D206836108D403B030BD94F8372018
:10AAD00023F40053D2068361F6D5A2688DF80230C4
:10AAE000190C1B0A8DF800108DF801309AB16946D7
:10AAF00001ABE56820460322A8479DF805309DF884
:10AB000004109DF806201B0243EA014313431B1166
:10AB1000A36203B030BD04F063FF00BFF0B583B0A3
:10AB200090F837509DF824609DF82070012E28BFC2
:10AB30000126F603032F28BF032746F42026032B04
:10AB400028BF0323B1F5F07F28BF4FF4F071B2F5B1
:10AB5000F07F28BF4FF4F07246EA4736490946EACB
:10AB6000431615F0080F4FEA521246EA022280F807
:10AB7000381008BF00211143EB060446C16101D41F
:10AB800003B0F0BD83688DF802100A22090A8DF81F
:10AB900001108DF8002093B1694601ABC56803220E
:10ABA000A8479DF805309DF804109DF806201B026B
:10ABB00043EA014313431B11A36203B0F0BD04F049
:10ABC0000FFF00BF30B5C36923F00F0383B0044605
:10ABD000C36119B190F838201343C36194F837303A
:10ABE00061F3C30384F83730DB0601D403B030BD12
:10ABF000E369A2688DF80230190C1B0A8DF8001069
:10AC00008DF801309AB1694601ABE5682046032210
:10AC1000A8479DF805309DF804109DF806201B02FA
:10AC200043EA014313431B11A36203B030BD04F098
:10AC3000D7FE00BF30B5836923F00F0383B004460D
:10AC4000836129B190F8352042F3040213438361F4
:10AC500094F83730DB0601D403B030BDA369A26895
:10AC60008DF80230190C1B0A8DF800108DF8013098
:10AC70009AB1694601ABE56820460322A8479DF8D2
:10AC800005309DF804109DF806201B0243EA01439D
:10AC900013431B11A36203B030BD04F0A1FE00BF3B
:10ACA00070B56B4B1B68044688B00A46586946F27B
:10ACB000843148F2FD33E5F76BFC3221E6F702F907
:10ACC000E6F786F8634AA3686262BCEEC00A002514
:10ACD0004FF400204FF420214FF4402284ED040A69
:10ACE000A061E161226265618DF808508DF809501C
:10ACF0008DF80A50002B00F0A98007ABE66802A986
:10AD000003222046B0479DF81D009DF81C609DF869
:10AD10001E10A369A2688DF80E30000240EA0640BA
:10AD200008430011190C1B0AA0628DF80C108DF855
:10AD30000D30002A00F08A80E66803A9032207ABE1
:10AD40002046B0479DF81D009DF81C609DF81E1020
:10AD5000E369A2688DF81230000240EA0640084319
:10AD60000011190C1B0AA0628DF810108DF811301B
:10AD7000002A6BD0E66804A9032207AB2046B0473F
:10AD80009DF81D009DF81C609DF81E10236AA268A6
:10AD90008DF81630000240EA064008430011190CF5
:10ADA0001B0AA0628DF814108DF81530002A4DD0C2
:10ADB000E66805A9032207AB2046B0479DF81D00B1
:10ADC0009DF81C609DF81E10636AA2688DF81A3009
:10ADD000000240EA064008430011190C1B0AA06259
:10ADE0008DF818108DF8193082B307ABE66806A904
:10ADF00020460322B0479DF81D109DF81C009DF8C9
:10AE00001E3094F83720090241EA00411943012617
:10AE1000091142F010020C23A16284F83720204669
:10AE200036228DE8480007210D23FFF741FD20461B
:10AE30002946FFF7FFFE20462021FFF765FC20464C
:10AE400032460A21FFF728FC08B070BD04F0C8FDA7
:10AE5000C802002010000E0030B5426A012985B0FA
:10AE6000044622F0300342D0032908BF43F02003F8
:10AE700043629A421DD0A2688DF80630190C1B0A55
:10AE80008DF804108DF80530002A34D001A9032272
:10AE900003ABE5682046A8479DF80D209DF80C00FF
:10AEA0009DF80E10636A120242EA00420A43121130
:10AEB000A262A2688DF80A30190C1B0A8DF80810DE
:10AEC0008DF80930BAB102A903ABE5682046032228
:10AED000A8479DF80D309DF80C109DF80E201B0220
:10AEE00043EA014313431B11A36205B030BD43F095
:10AEF00010034362BDE704F073FD00BF10B590F886
:10AF00003730DB06044620D49FED196A636ADFED13
:10AF1000195ADFED196A94ED047ADFED187A13F00F
:10AF2000400F08BFF0EE656A66EE866AB8EE477AB3
:10AF300086EE870A20EE270A20EE270A05F08AFC13
:10AF4000BCEEC00A10EE100A10BD0321FFF784FF0B
:10AF5000A36ADFED077AC3F3842306EE103AB8EE56
:10AF6000466AB7EE007A36EE076A26EE276ACDE724
:10AF70000000003D52B89E3EC3F5283E00007A44D2
:10AF8000F8B504460F460021FFF766FF94F83750E6
:10AF9000266BC5F30015002D4FD126F00106266360
:10AFA000002D3ED126F0020323630020002D2ED178
:10AFB00023F00403236305BB23F0080323633DB997
:10AFC00023F01003236375B923F020032363F8BD36
:10AFD000A26A9606F4D5D80647D543F0100323633A
:10AFE0000120002DF0D0A26A5106EDD59A062FD58A
:10AFF00043F0200323630120F8BDA26AD106DBD50C
:10B000001A0766D543F0080323630120D7E7A26A35
:10B010001607CDD558074FD543F00403236301200D
:10B02000C9E72046FFF728FA8207BBD5B30736D514
:10B0300046F0020323630120B8E72046FFF71CFA1D
:10B04000C007AAD5F1071DD546F001062663A7E77C
:10B050003B6826499B6894F8392038469847236B0B
:10B0600043F0200323630120F8BD3B6820499B681F
:10B0700094F839203846984794F83750236BC5F335
:10B080000015AAE73B681B499B6894F839203846AD
:10B09000984794F83750266BC5F30015D4E73B6802
:10B0A00015499B6894F839203846984794F83750EA
:10B0B000266BC5F30015BBE73B6810499B6894F805
:10B0C00039203846984794F83750236BC5F300155C
:10B0D000A2E73B680A499B6894F8392038469847AC
:10B0E00094F83750236BC5F300158BE7ACF30208D7
:10B0F0007CF30208D0F20208FCF2020824F30208F2
:10B1000050F302082DE9F0430C4685B00546002AAD
:10B1100040F000816B4E3368DB689B681B6893F8D6
:10B120003910C1F34001002900F08C81226890F8A9
:10B1300037109768CA0600F19E814FF0FF39284604
:10B14000D3F82C80FFF7DAFE434600904A462046AB
:10B150005D49B84732682368D2689B6892685B494A
:10B16000126892F8392012F0010F0CBF01224FF043
:10B17000FF32204698472846FFF742FA2368544991
:10B180009E68EB6A02462046B0472B6A2068C3F3EC
:10B1900006218668CAB2480648BF42F0C0024D493F
:10B1A00052B243F300432046B04795F8373013F0CE
:10B1B000080F236814BF484948499B6820469847B0
:10B1C000EB69206895F838204549C3F3411EC3F365
:10B1D000C036C3F34137CDF800E001970296C3F3C0
:10B1E00003235B01866852012046B04795F837304B
:10B1F000D9065CD423683B499B682046984795F85C
:10B200003730DF0649D4236837499B682046984782
:10B2100095F83730D90631D4236834499B682046E5
:10B220009847AB691A0723D0236831499B682046A9
:10B2300098472368AA699B682E49C2F3803220464A
:10B240009847236895F835209E682B4995F9343046
:10B2500042F304022046B047AB695B0440F1FA8038
:10B26000236826499B682046984705B0BDE8F083CF
:10B27000236823499B6820469847DAE72846FFF76A
:10B28000FBF8C0B20028C7D0236801280CBF1D49B5
:10B290001D499B6820469847C3E7AB6A5E0640F1AC
:10B2A000BF80236819499B6820469847B0E7AB6A7E
:10B2B0009A0640F1BE80236815499B68204698474E
:10B2C0009DE700BFC8020020DCF50208F4F5020883
:10B2D000FCF5020808F6020814F602081CF602083B
:10B2E00024F6020848F6020854F6020858F6020846
:10B2F00088F6020864F602086CF60208F8E0020814
:10B300008CF602085CF6020860F602084CF60208A9
:10B3100040F602080B6890F839209B685F49204688
:10B32000984728462146FFF72BFE95F83730AA6A42
:10B33000DB0613D5D70709D5236859499B682046F2
:10B34000984795F83730AA6ADE0607D5100605D566
:10B35000236854499B6820469847AA6A2368524943
:10B360009B68920A2046984795F83730D90600F135
:10B370008D804FF0FF3223684C499B6820469847E8
:10B380002846FFF73DF9236849499B680246204655
:10B390009847236828469E68FFF7B0FD4549024656
:10B3A0002046B0472368EA6A43499B68204698478D
:10B3B000236842499B68204698476A692368404948
:10B3C0009E6820461346B047AA6923683D499E6897
:10B3D00020461346B047EA6923683B499E682046E9
:10B3E0001346B0472A6A236838499E6820461346A8
:10B3F000B0476A6A236836499E6820461346B047BC
:10B400002168EF692E6A686A6A69AB6902900097E1
:10B4100001968D682F492046A84705B0BDE8F08306
:10B42000D8067FF5F0AE23682B499B6820469847E5
:10B43000EEE61B077FF5DEAE236828499B682046B1
:10B440009847DCE6FFF708FD236825499B682046FE
:10B4500098477FE695F8370095F8363022682149FD
:10B4600040F3020000909568204643F3030243F343
:10B470000313A847F4E60121FFF7EEFC3268AB6A3C
:10B48000D26892684FEA9329136858E6284601214A
:10B49000FFF7E2FCAA6A920A6DE700BFDCF302083C
:10B4A00000F4020824F4020844F4020864F40208D8
:10B4B0007CF4020894F40208ACF40208C0F4020818
:10B4C000D0F40208F8F4020820F5020844F5020856
:10B4D00070F502089CF5020850F6020844F60208CE
:10B4E000F0F5020878F60208024B1B685968FFF76E
:10B4F00047BD00BFC802002070B5032A86B01646BB
:10B500000D46044600F0F88040F2A980052A00F0BC
:10B51000E980C0F0D380FF2A40F0AF8043698268A1
:10B520008DF80230190C1B0A8DF800108DF80130CF
:10B53000002A00F0EB8005ABC66869460322B047DD
:10B540009DF815009DF814609DF81610A369A26877
:10B550008DF80630000240EA064008430011190C3D
:10B560001B0AA0628DF804108DF80530002A00F047
:10B57000CD80E66801A9032205AB2046B0479DF8BF
:10B5800015009DF814609DF81610E369A2688DF807
:10B590000A30000240EA064008430011190C1B0A59
:10B5A000A0628DF808108DF80930002A00F0AE80F6
:10B5B000E66802A9032205AB2046B0479DF81500B6
:10B5C0009DF814609DF81610236AA2688DF80E305D
:10B5D000000240EA064008430011190C1B0AA06251
:10B5E0008DF80C108DF80D30002A00F08F80E66881
:10B5F00003A9032205AB2046B0479DF815009DF82E
:10B6000014609DF81610636AA2688DF8123000026B
:10B6100040EA064008430011190C1B0AA0628DF88D
:10B6200010108DF81130002A70D005ABE66804A91F
:10B6300020460322B0479DF815209DF814609DF820
:10B6400016002B6832499B68120242EA0642024306
:10B650001211A26228469847012006B070BD012A47
:10B6600036D0022A09D1096883611A4628468B68B8
:10B6700028499847012006B070BD2B6826499B6871
:10B68000284698472B6825499B68284698472B6889
:10B6900023499B68284698472B6822499B6828467F
:10B6A00098472B6820499B68284698472B681F4974
:10B6B0009B6828469847002006B070BD0968036261
:10B6C0001A4628468B681A499847012006B070BD73
:10B6D000096843611A4628468B68164998473046E0
:10B6E00006B070BD096843621A4628468B68124945
:10B6F0009847012006B070BD0968C3611A46284604
:10B700008B680E499847012006B070BD04F068F9B7
:10B7100058ED0208B8F602085CF7020878F702084C
:10B7200094F70208ACF70208D0F70208F4F7020811
:10B7300004F7020890F6020830F70208E0F6020863
:10B74000836810B4041D8BB1097820461A7C8A42A4
:10B750002ABF1846DB689B68002BF7D1844205D0CE
:10B76000037C8B4202D85DF8044B704720465DF89D
:10B77000044B70472DE9F04F87B006AD4F2305F815
:10B78000023D0C46814629462046FFF7D9FF04F1C9
:10B79000040A824500F0A0824F23204629468DF8F6
:10B7A0001630FFF7CDFF824500F0BE80A368002B66
:10B7B00000F0B78051461A7C4E2A8ABF1946DB68D2
:10B7C0009B68002BF7D18A4500F0AB800B7C4F2B98
:10B7D00000F2A7800E7D06AF512307F8013D2046F9
:10B7E0003946FFF7ADFF824500F0AB81A368002B1F
:10B7F00000F0978051461A7C502A8ABF1946DB68B0
:10B800009B68002BF7D18A4500F08B800B7C512B75
:10B8100000F287800A7D71B252B24846FEF73CFFC3
:10B820004FF0010806AE482306F8033D2046314696
:10B83000FFF786FF824523D006A9492301F80A3D78
:10B840002046FFF77DFF82451AD006A94A2301F85A
:10B85000093D2046FFF774FF824511D04B23204657
:10B8600029468DF81630FFF76BFF824508D04C2330
:10B87000204639468DF81730FFF762FF82455DD1CB
:10B880005323204639468DF81730FFF759FF82457C
:10B8900029D0A368002B44D051461A7C522A8ABF73
:10B8A0001946DB689B68002BF7D18A4539D00B7CA1
:10B8B000532B36D8D1F814B0BBF1000F00F0A6809E
:10B8C000BBF1010F00F04681BBF1020F00F0DE81F9
:10B8D000BBF1030F0BD0BBF1040F00F01482BBF1DE
:10B8E000050F00F03682404607B0BDE8F08F5A23BE
:10B8F000394620468DF81730FFF722FF8245F2D0F7
:10B90000A36873B151461A7C592A8ABF1946DB686D
:10B910009B68002BF7D18A4503D00B7C5A2B40F251
:10B92000EA818B4804F059F8D9F82030C3F3062394
:10B93000DEB25A0648BF46F0C0064CE7A0680028B1
:10B94000EFD0514603461A7C472A8ABF1946DB6866
:10B950009B68002BF7D18A45E3D00B7C482BE0D8BD
:10B960004969D64603461A7C482A8ABF9E46DB6848
:10B970009B68002BF7D1F245D3D09EF81030492BAD
:10B98000CFD8DEF81420D446034693F810E0BEF179
:10B99000490F8ABF9C46DB689B68002BF5D1E245C6
:10B9A000BFD09CF810304A2BBBD89CF814C0D046AE
:10B9B000034693F810E0BEF14A0F8ABF9846DB6851
:10B9C0009B68002BF5D1C245ABD098F810304B2BBB
:10B9D000A7D898F81480534690F810E0BEF14B0FAA
:10B9E0008ABF0346C06880680028F5D19A4598D080
:10B9F000187C4C2895D8CDF800801B7D01934846D3
:10BA00006346FFF78BF84FF0010839E706A9552385
:10BA100001F8083D2046FFF793FE82453FF45BAFF7
:10BA200006A9562301F8073D2046FFF789FE824507
:10BA30003FF451AF06A9572301F8063D2046FFF712
:10BA40007FFE82453FF447AF5823294620468DF8B4
:10BA50001630FFF775FE82453FF43DAF592320466F
:10BA600039468DF81730FFF76BFE82453FF433AF50
:10BA7000A06800283FF455AF514603461A7C542A6B
:10BA80008ABF1946DB689B68002BF7D18A453FF4D3
:10BA900048AF0B7C552B3FF644AF097D5446034617
:10BAA0001A7C552A8ABF1C46DB689B68002BF7D19D
:10BAB000A2453FF436AF237C562B3FF632AF227DB2
:10BAC000554603461C7C562C8ABF1D46DB689B6886
:10BAD000002BF7D1AA453FF424AF2B7C572B3FF620
:10BAE00020AF2B7D56460446257C572D8ABF26461F
:10BAF000E468A468002CF7D1B2453FF412AF347C5F
:10BB0000582C3FF60EAF367D5546047C582C8ABF24
:10BB10000546C06880680028F7D1AA453FF401AF08
:10BB2000287C59283FF6FDAE70B20090287D019028
:10BB300049B2484652B25BB2FEF7BAFE4FF0010876
:10BB4000D1E6B9F8222042F30002D2B263E600BF88
:10BB500010F8020806A9552301F8053D2046FFF715
:10BB6000EFFD82453FF4B7AE06A9562301F8043D28
:10BB70002046FFF7E5FD82453FF4ADAE5723314641
:10BB800020468DF81530FFF7DBFD82453FF4ABAE64
:10BB90005823294620468DF81630FFF7D1FD8245FF
:10BBA0003FF4A1AE5923394620468DF81730FFF7F0
:10BBB000C7FD82453FF497AEA06800283FF4B1AEC0
:10BBC000514603461A7C542A8ABF1946DB689B6893
:10BBD000002BF7D18A453FF4A4AE0B7C552B3FF6E2
:10BBE000A0AE097D544603461A7C552A8ABF1C46DE
:10BBF000DB689B68002BF7D1A2453FF492AE237C13
:10BC0000562B3FF68EAE227D554603461C7C562CA5
:10BC10008ABF1D46DB689B68002BF7D1AA453FF41D
:10BC200080AE2B7C572B3FF67CAE2B7D56460446D0
:10BC3000257C572D8ABF2646E468A468002CF7D1DE
:10BC4000B2453FF46EAE347C582C3FF66AAE367D7A
:10BC50005546047C582C8ABF0546C0688068002879
:10BC6000F7D1AA453FF45DAE287C59283FF659AE7E
:10BC700070B2009095F91400019049B2484652B252
:10BC80005BB2FEF787FE4FF001082CE65A233946D7
:10BC900020468DF81730FFF753FD82453FF423AE61
:10BCA000A368002B3FF43DAE51461A7C592A8ABF47
:10BCB0001946DB689B68002BF7D18A453FF431AE0B
:10BCC0000B7C5A2B3FF62DAE484691F91410FEF727
:10BCD000EFFE4FF0010806E606AF512307F8013DDD
:10BCE00020463946FFF72CFD824508BF4FF000087B
:10BCF0003FF498AD50E5484691F91410FEF7A2FDC7
:10BD00004FF00108EFE55A23394620468DF81730E9
:10BD1000FFF716FD82453FF4E6ADA368002B3FF424
:10BD200000AE51461A7C592A8ABF1946DB689B68C7
:10BD3000002BF7D18A453FF4F4AD0B7C5A2B3FF62C
:10BD4000F0AD484691F91410FEF746FD4FF001089A
:10BD5000C9E55A23394620468DF81730FFF7F0FC25
:10BD600082453FF4C0ADA368002B3FF4DAAD5146E5
:10BD70001A7C592A8ABF1946DB689B68002BF7D1C9
:10BD80008A453FF4CEAD0B7C5A2B3FF6CAAD4969CC
:10BD90004B1E594248465941FEF714FF4FF0010827
:10BDA000A1E500BF064A4BF6EF60CDF6AD60014657
:10BDB0006B4633F00703E2E802019A42FBD3704777
:10BDC0002807002030B52D482D4A0021121A87B0CF
:10BDD00006F0CEFBFFF7E6FF2A4A2B4B2B4922F059
:10BDE0001F020A6019681868C1F307210139C0F3FE
:10BDF0000720814238BF9960234B1968C1F307219E
:10BE000001B1DA60204B1A68C2F307220AB1092295
:10BE10001A611D4B1A68C2F307222AB105225A6023
:10BE2000BFF34F8FBFF36F8F01F05CF8184D194CC3
:10BE300000F072F8184800212A1A06F099FB1748FA
:10BE40000021221A06F094FB154A521B294692B291
:10BE50006846E6F783FC134A03AD121B92B22146F3
:10BE60002846E6F77BFC104A104B00A911601D60C4
:10BE700006F0A2FAE4F772FA01F070FE90020020D8
:10BE800024070020FF73012090ED00E074030020E0
:10BE90000080012000C001200080012000C001209E
:10BEA00000C0012000000220180300201C03002015
:10BEB000022801DC0120704702F092B908B5012088
:10BEC00001F04CFE08B5FFF7F9FF00BF09490A6809
:10BED0001318EFF30880834203D2074800688342B7
:10BEE00005D3064B0C221A604FF0FF3070470B60F1
:10BEF00010467047CC01002074030020200700206A
:10BF0000EFF3058303B100BE06F0E0BAEFF305835B
:10BF100003B100BE06F0E2BA08B500F0ABFFBDE821
:10BF2000084001F04FB800BF00B58BB0082800F200
:10BF30009780DFE800F015253545556575850500C6
:10BF40004B4B4C48002209921A6B42F480721A63E0
:10BF50001B6B03F480730993099B0BB05DF804FB22
:10BF6000434B4548002201921A6B42F001021A63CA
:10BF70001B6B03F001030193019B0BB05DF804FB05
:10BF80003B4B3E48002202921A6B42F002021A63B7
:10BF90001B6B03F002030293029B0BB05DF804FBE2
:10BFA000334B3748002203921A6B42F004021A63A3
:10BFB0001B6B03F004030393039B0BB05DF804FBBE
:10BFC0002B4B3048002204921A6B42F008021A638D
:10BFD0001B6B03F008030493049B0BB05DF804FB98
:10BFE000234B2948002205921A6B42F010021A6373
:10BFF0001B6B03F010030593059B0BB05DF804FB6E
:10C000001B4B2248002206921A6B42F020021A6350
:10C010001B6B03F020030693069B0BB05DF804FB3B
:10C02000134B1B48002207921A6B42F040021A631E
:10C030001B6B03F040030793079B0BB05DF804FBF9
:10C040000B4B1448002208921A6B42F080021A63CC
:10C050001B6B03F080030893089B0BB05DF804FB97
:10C060000D4801F069FD00200BB05DF804FB00BF36
:10C07000003802400020024000000240000402405C
:10C0800000080240000C0240001002400014024070
:10C0900000180240001C02404CF8020830B50C4663
:10C0A00087B00546C0F30310FFF73EFF05F00F050C
:10C0B00004F00F0201210A4B01FA05F553F8223072
:10C0C00001950322C4F3021501A9C4F3C31402931A
:10C0D00003950594049200F0ADFF07B030BD00BF9A
:10C0E00018F8020838B50346C0F303100C4603F0F5
:10C0F0000F05FFF719FF022CC2684FEA45034FF006
:10C10000030198BF9C4001FA03F322EA0303C360D2
:10C11000C36888BF00241C43C46038BD01EB001015
:10C1200000B2704730B5274A03681360B5EEC00A05
:10C13000F1EE10FA89B004463DD4F7EE007AB4EE81
:10C14000670AF1EE10FAC8BFB0EE670A94ED027A02
:10C15000227CF8EE477A002327EE800A6020BCEEAE
:10C16000C00A013A84ED030A8DED020A019003939F
:10C170000493059306930793032A10D8DFE802F08F
:10C180001102151304250F4801A92A4601F06EFA81
:10C19000A0B9637C0B4829464BB101F0D1FA09B034
:10C1A00030BD0025EFE70C25EDE70825EBE701F0B2
:10C1B0006BF909B030BD9FED040AC7E7034801F0F1
:10C1C000BBFCE6E7780300200000000070F80208DE
:10C1D00070B52DED028B504D826803682B6086B0E0
:10C1E00004460E46002A5ED006EE902AF8EE667AE5
:10C1F000D0ED036AB8EE667AB7EE000AC7EE277A8A
:10C20000F4EEC07AF1EE10FAC8BFB0EE408A4CDD11
:10C21000196A41F211120A402AB9196A40F24442DD
:10C220000A40002A44D001A8694601F059F8236861
:10C230003A4A93424DD040D9394A93420BD061D902
:10C24000384A934207D002F58062934203D0A2F5A8
:10C250000062934223D101F033F8059A0090731ED7
:10C26000EB602D4B002A3DD12F4AA2FB0010800C21
:10C2700001385860002328482B61AB6001F0A8F911
:10C2800010B12A4801F058FCB0EE480A2046FFF7EA
:10C2900049FF2B68A6601A6842F001021A6006B0D6
:10C2A000BDEC028B70BDDFED227AB0EE678AAFE79E
:10C2B0001A6822F001021A60B5E7A2F5A052934273
:10C2C00007D017D91B4A934203D002F5406293422C
:10C2D000E5D100F0E5FF049A0090731EEB600E4B71
:10C2E000002AC1D0104A4000A2FB0010800C013887
:10C2F0005860BFE7B3F1804FEBD0A2F58062934264
:10C30000CDD1E6E7A2F564429342E2D002F5604265
:10C310009342C4D19FE700BF78030020001C004077
:10C32000000401400044014083DE1B4370F8020812
:10C3300000000000000C004030B50D4604468DB0F2
:10C340006F49284601F054FC6D492060284601F0F1
:10C3500069FC23686B4AC0F3C3219342C0F3C03029
:10C36000217460746DD0B3F1804F3ED0664A934221
:10C3700075D102F50D3200210291116C41F00201DC
:10C380001164126C02F002020292029A5F4A934216
:10C3900040F0A58002F5784200210691516C41F4ED
:10C3A00080315164526C02F480320692069A584AE7
:10C3B00093420BD1574B00220B921A6C42F48072BD
:10C3C0001A641B6C03F480730B930B9B28464C4937
:10C3D00001F0CAFB0023A580A360E360204644F679
:10C3E0002061FFF7F5FE0DB030BD4A4A00210191F2
:10C3F000116C41F001011164126C02F00102019212
:10C40000019A454A9342C1D102F59A320021059121
:10C41000516C41F002015164526C02F0020205922B
:10C42000059A3E4A9342C2D13A4B00220A921A6CB4
:10C4300042F080021A641B6C03F080030A930A9B8B
:10C44000C4E702F59C3200210091516C41F00101DA
:10C450005164526C02F001020092009AD1E7304A16
:10C4600093421CD102F50C3200210391116C41F072
:10C4700004011164126C02F004020392039A294A27
:10C4800093421CD1234B002208925A6C42F4802222
:10C490005A645B6C03F480230893089B96E7224A56
:10C4A0009342AED102F50B3200210491116C41F0A0
:10C4B00008011164126C02F008020492049A1B4AEB
:10C4C0009342AED1134B002209921A6C42F0400203
:10C4D0001A641B6C03F040030993099B76E7144A26
:10C4E0009342CCD10B4B002207925A6C42F400329B
:10C4F0005A645B6C03F400330793079B66E700BF45
:10C5000020FA020800000140000400400040014001
:10C51000002000400038024000040140001C0040A0
:10C520000008004000480140000C00400018004096
:10C530000044014008B50D4B5B681A050FD40B4B46
:10C540005B685B0505D50A4B0A4A1B6850680321E6
:10C550009847064BDA6842F47462DA6008BD054A0F
:10C56000034B50681B6804219847E8E700600240CD
:10C57000D8030020B803002008B50D4B1B689A02B1
:10C580000FD40B4B1B68DB0205D50A4B0A4A1B680C
:10C59000106803219847064B9A6842F474129A6017
:10C5A00008BD054A034B10681B6804219847E8E75B
:10C5B00000640240D8030020B8030020F8B5B0F9A9
:10C5C0001EE0124B07688668C56804694169826984
:10C5D0001F60BEF1FF3F5E609D60DC6019619A6183
:10C5E00010D0B0F91C2001320CBF04220C225A6179
:10C5F000064801F043FA00B9F8BD0548BDE8F84027
:10C6000001F09ABA08225A61F2E700BFAC05002097
:10C6100088F8020870B51E4C1E4E54F82130306068
:10C6200082B00D4643B10268510624D403689A06CD
:10C6300013D40368DB0601D402B070BD002301935C
:10C6400003680193144B4268019254F825001B685B
:10C65000019A0221984702B070BD0F4B54F8250093
:10C660001B680021984730686FF02003036003685F
:10C67000DB06E1D5E2E7084A18460121136898472E
:10C6800030686FF04003036003689A06D1D5E4E791
:10C69000B8030020AC050020D80300200148002189
:10C6A000FFF7B8BF0010014001480121FFF7B2BFFA
:10C6B0000044004001480221FFF7ACBF00480040A1
:10C6C00001480321FFF7A6BF004C004001480421A8
:10C6D000FFF7A0BF0050004001480521FFF79ABFB7
:10C6E000001401402DE9F04389B004460E46084687
:10C6F0006F49BDF940701546984601F079FA6D49C9
:10C700008146284601F074FA0146484601F04EFA87
:10C71000694B2060984200F0BC8049D9674B984231
:10C720005DD003F58063984200F0A480A3F54443F4
:10C7300098426CD030465E4901F016FA5D492846B1
:10C7400001F012FA711C03D030460121FFF7CAFC38
:10C750006A1C03D028460121FFF7C4FCB8F1FF3F53
:10C7600003D040460121FFF799FC7B1C1DD03846C1
:10C77000534901F0F9F938460121FFF7B3FC4FF4B2
:10C780000073A36100234FF41652A260E36023619B
:10C790006361A683E5832046FFF710FF494A2368BB
:10C7A000934243D009B0BDE8F0830023A361E9E7D9
:10C7B000A3F50063984244D003F580639842B9D151
:10C7C000414B002204921A6C42F480221A641B6CC2
:10C7D00003F4802304930223049A6360AAE73A4B8C
:10C7E00000220092596C41F010015964596C01F01B
:10C7F0001001009100990192196B41F480011963B5
:10C800001B6B626003F480030193019B92E72E4B44
:10C81000002206921A6C42F480121A641B6C03F414
:10C82000801306930423069A636083E7274B284806
:10C830002146A02201241C6005F076FE09B0BDE867
:10C84000F083214B00220292196C41F400311964EB
:10C85000196C01F400310291029903921A6B42F4AF
:10C8600000121A631B6B03F4001303930123039A52
:10C8700063605FE7144B002207925A6C42F020027B
:10C880005A645B6C03F020030793079B05236360E6
:10C8900050E70D4B002205921A6C42F400221A64F4
:10C8A0001B6C03F4002305930323059A636041E79F
:10C8B000D4FD020890F90208004C0040001001402D
:10C8C0002CFD02080044004000380240B403002060
:10C8D000EC0500208160FFF771BE00BF09290CBF85
:10C8E0004FF480510021013AC160032A12D8DFE8D9
:10C8F00002F00D02020D4FF480624261022B0CBF68
:10C900004FF4005300230361FFF758BE4FF4C06299
:10C910004261F3E700224261F0E700BF0368164876
:10C920008342F0B41FD000F54C40834219D1134C20
:10C93000134EA768134D00F5AA3047F47417403022
:10C94000A76042608660C16005601A6822F010022C
:10C950001A60026842F0010202605A6942F0400225
:10C960005A61F0BC7047084C0848E768084E054D0E
:10C9700047F47467E760E4E7004400400064024065
:10C98000041001401805030800600240886002405E
:10C990000444004010B4044B44680448196040F853
:10C9A00024205DF8044B7047D8030020B803002012
:10C9B00003684E48F0B44E4C8342236078D03DD992
:10C9C0004C48834265D000F5806083426BD0A0F56F
:10C9D0004440834262D00020054606460446002AB1
:10C9E0003AD001297DD072D3022903D1DA6842F00E
:10C9F0001002DA6080B1404B404A996873B203F18B
:10CA0000100706F01A065B094FF0010C0CFA06F647
:10CA100041F8270042F82360374B384A996863B2DF
:10CA200003F1100004F017045B09012606FA04F470
:10CA300041F8205042F82340F0BC7047A0F5006058
:10CA400083423AD000F580608342C4D1002006467C
:10CA50002B4D2724002AC4D101293DD032D30229ED
:10CA600003D1DA6822F01002DA60DB6813F0B00F4D
:10CA7000E2D1620920320121204B04F0170401FAAF
:10CA800004F443F82240BFF34F8FBFF36F8FF0BC25
:10CA900070471C4D1C483A262524A0E70020064676
:10CAA0001A4D35249BE700200646194D472496E78A
:10CAB00000200646174D342491E7174D17481026DD
:10CAC00026248CE7DA6822F02002DA60CDE7DA6803
:10CAD00042F02002DA608DE7DA6822F08002DA6044
:10CAE000C3E7DA6842F08002DA6083E7004C004076
:10CAF000AC0500200010014000ED00E000E100E086
:10CB0000B5C601089DC6010879C50108CDC6010852
:10CB1000D9C60108C1C60108A9C6010835C5010862
:10CB2000026813689B06FCD5024B50681A60C0F37C
:10CB300008007047AC050020026813681B06FCD58E
:10CB4000024BC1F3080151601A607047AC05002028
:10CB50002DE9F84F80460846894606F0CAF8D8F80D
:10CB60000040554B9C42074659D003F54C439C422C
:10CB700044D108F12003514D514EDFF858A109F17D
:10CB8000784B80462BE0F26842F04062F2607268B7
:10CB900012F0507F03D0F26842F05072F260D34539
:10CBA0002ED847464A464FF0000846496F60A960B4
:10CBB000EA606A6942F004026A61434A2A602268B4
:10CBC00022F0400222602A6842F001022A60626973
:10CBD000B8F1000F42F08002B94462616ADD2A6850
:10CBE000D707D0D572681001FCD52A6822F001025F
:10CBF0002A60626922F080026261C4E7BDE8F88FB2
:10CC0000B8F1800F34BF474680273A461846494658
:10CC100005F08AFCC7EB080803460246C5E708F1A1
:10CC200020032A4D2A4EDFF8A0A004F1040832E0C8
:10CC3000F26842F44012F260726812F4502F03D08E
:10CC4000F26842F45022F260802F34BFBE464FF0AB
:10CC5000800ECEEB0707724618464946F14405F0B0
:10CC600063FC6F60C5F80880C5F80C906A6942F0F3
:10CC700004026A61C5F800A0226822F04002226026
:10CC80002A6842F001022A606269002F42F08002A5
:10CC900003466261B2DD2A68D107C9D57268920283
:10CCA000FCD52A6822F001022A60626922F0800223
:10CCB0006261BDE7BDE8F88F00440040B8640240FF
:10CCC000006402400410014040440208A060024099
:10CCD00000600240FEFF0F00014B5868704700BF24
:10CCE00040640240084B186810B410B15DF8044B62
:10CCF000704706494FF0804401220C605DF8044BF8
:10CD00001A6000F035B800BF18040020DC030020D2
:10CD100008B5044B1B680BB9FFF7E4FF4FF08043E5
:10CD2000586A08BD1804002070B50F4C2368DA68F3
:10CD3000910744BF6FF002021A61DA68520709D501
:10CD40006FF00402094E1A615D6A3368EB1AB3F59D
:10CD50007A7F00D270BD00F04FF92368356005F589
:10CD60007A759D6370BD00BF8C0600201C040020F6
:10CD700030B583B0234B244C2449254A0025019526
:10CD8000186C40F001001864186C256100F0010077
:10CD900001900198186AA56040F001001862186AB5
:10CDA000656120F0010018620968A2FB0131C90C1D
:10CDB00001394FF080424FF0FF332046616022601E
:10CDC000E36000F0E9FB134A134B92681349C2F881
:10CDD000B0104FF080521A602946204600F02EFB1A
:10CDE0002046042100F02AFB23680D495A6A0A6094
:10CDF00002F57A729A63DA68284642F00402DA6031
:10CE000003B030BD003802408C060020D001002065
:10CE100083DE1B4300ED00E000E100E029CD0108C6
:10CE20001C040020104A114BD2F8881041F4700104
:10CE300010B4C2F8881019680D4C002041F00101AF
:10CE400019609860196821F0847121F480311960AB
:10CE50005C601C684FF0005124F480241C60D86092
:10CE60005DF8044B9160704700ED00E0003802402F
:10CE700010300024164B9A6802F00C02042A24D0C9
:10CE8000082A0AD0134A124B13489968134BC1F36E
:10CE90000311415CCA401A607047586859685B6862
:10CEA00042024CBF0E4A0B4A01F03F01C3F3881304
:10CEB000B2FBF1F202FB03F2054B5B68C3F30143E3
:10CEC00001335B00B2FBF3F2DDE7054ADBE700BFAD
:10CED000003802400024F400A0FE0208D001002027
:10CEE00040787D0182B00023304A0093019313689B
:10CEF00043F48033136041F2883102E0009B8B429F
:10CF000009D0136803F400330193009B01330093AD
:10CF1000019B002BF2D0254B1B6813F4003318BF84
:10CF200001230193019B012B01D002B070471F4BDD
:10CF30001F4A186C1F4940F080501864106840F474
:10CF4000804010609A689A609A6842F400429A6041
:10CF50009A6842F4A0529A6059601A6842F080724E
:10CF60001A6019460B68114A9801FBD5124BC2F89A
:10CF70008430136843F08063136011460B680B4ADA
:10CF80001B01FBD50D4B40F205711960936823F02E
:10CF900003039360936843F002039360936803F084
:10CFA0000C03082BFAD102B0704700BF00380240D2
:10CFB0000070004019544007C0430020003C02406C
:10CFC000704700BF08B50B4B1A6842F400721A6034
:10CFD0001A6842F480621A601A6842F480721A6019
:10CFE000032000F015F80F20FFF7C2FEFFF7E8FF5F
:10CFF000002008BD003C0240034B04491A68097830
:10D000000A441A60704700BFC8060020D4010020FF
:10D01000074AD1684FF6FF030B4043F0BF6300F0AF
:10D02000070043F4003343EA0023D360704700BF96
:10D0300000ED00E02DE9F00F84B00F68DFF858C272
:10D040008E4E0197002303E00133102B00F0AF80D8
:10D050000122019D9A4002EA05049442F4D14A68F3
:10D0600022F01009B9F1020F00F0A5805D004FF029
:10D070000308D0F800B008FA05F86FEA080802F0D3
:10D08000030A08EA0B0B0AFA05FA09F1FF394BEA21
:10D090000A0AB9F1010FC0F800A040F2B680D0F83A
:10D0A0000C908F6808EA090807FA05F548EA0505B3
:10D0B000C560D500C8D54FF00009CDF80C90DCF85C
:10D0C00044506F4F45F48045CCF84450DCF8448020
:10D0D00023F0030505F1804508F4804805F59C35EB
:10D0E000CDF80C8003F00308DDF80CA0D5F808B0EB
:10D0F0004FEA88084FF00F0A0AFA08FAB8422BEAFA
:10D100000A0A00F09A8007F58067B84200F097801D
:10D110005C4FB84200F098805B4FB84200F09980B5
:10D120005A4FB84200F09A80594FB84200F09B80A5
:10D13000584FB84200F09C80DFF8609148450CBF22
:10D140004FF007094FF0080909FA08F848EA0A08F9
:10D15000C5F80880D6F80080E543D7034CBF44EA01
:10D16000080805EA0808C6F80080D6F80480970386
:10D170004CBF44EA080805EA0808C6F80480D6F857
:10D180000880D7024CBF44EA080805EA0808C6F838
:10D190000880D6F80C80920203F1010354BF05EA1F
:10D1A000080444EA0804102BF4607FF451AF04B083
:10D1B000BDE8F00F70474FEAD30800EB880803F092
:10D1C0000709D8F820704FEA89094FF00F0A0AFAC8
:10D1D00009FA27EA0A0A0F6907FA09F94AEA09056A
:10D1E000C8F820505D004FF00308D0F800A008FAFE
:10D1F00005F86FEA080802F0030908EA0A0A09FAC2
:10D2000005F94AEA0909C0F80090D0F80890CF68FB
:10D2100008EA090907FA05FA49EA0A09C0F8089074
:10D22000D0F804A0C2F300192AEA040A09FA03F9A3
:10D230004AEA0909C0F8049031E7C84686E74FF08A
:10D24000010909FA08F881E74FF0020909FA08F81C
:10D250007CE74FF0030909FA08F877E74FF0040973
:10D2600009FA08F872E74FF0050909FA08F86DE7BE
:10D270004FF0060909FA08F868E700BF003C0140D2
:10D280000000024000080240000C02400010024072
:10D29000001402400018024000380240001C024006
:10D2A000044B054A9B680549C3F382230868D35C95
:10D2B000D840704700380240B0FE0208D00100207C
:10D2C000044B054A9B680549C3F342330868D35CA5
:10D2D000D840704700380240B0FE0208D00100205C
:10D2E0000E4B0F22026010B49C680D4A04F0030438
:10D2F00044609C6804F0F00484609C6804F4E0548A
:10D30000C4609B685DF8044B03F46043DB08036171
:10D31000136803F00F030B60704700BF0038024032
:10D32000003C0240036A23F00103F0B48F680E68EA
:10D330000362026A124D4368846922F0020224F0FB
:10D340007304A84242EA070244EA06040AD005F53B
:10D350008065A84206D04968436084614163F0BC9F
:10D3600002627047CF688E694D6922F0080223F48B
:10D3700040733A43354322F004022B43EBE700BFEE
:10D3800000000140036A23F48073F0B48F680E68D4
:10D390000362026A134D4368C46922F4007224F0E8
:10D3A0007304A84242EA072244EA06040AD005F5BB
:10D3B0008065A84206D049684360C461C163F0BC7F
:10D3C00002627047CF684E698D6922F4006223F4CF
:10D3D000405342EA072243EA061322F4806243EAFA
:10D3E0000513E8E700000140036A23F48053F0B41A
:10D3F0008F680E680362046A0E4D4368C26924F4A4
:10D40000005422F4E642A84244EA073442EA0622E3
:10D410000AD005F58065A84206D049684360C2611C
:10D4200001640462F0BC70474D6923F4804343EA11
:10D430008513F2E700000140704700BF0368104AFF
:10D44000186A10B4012404FA01F120EA01001862FC
:10D45000186A934241EA000119620BD002F580621A
:10D46000934207D01A685DF8044B42F00102002095
:10D470001A6070475A6C42F400425A64F2E700BFE7
:10D4800000000140704700BF0368104A186A10B4DA
:10D49000012404FA01F120EA01001862186A93429B
:10D4A00041EA000119620BD002F58062934207D075
:10D4B0001A685DF8044B42F0010200201A607047C0
:10D4C0005A6C42F400425A64F2E700BF0000014087
:10D4D0002F4A0368904230B447D0B0F1804F30D02B
:10D4E000A2F57C4290422CD002F58062904228D076
:10D4F00002F58062904224D002F57842904220D01A
:10D5000002F57052904220D002F5806290421CD009
:10D5100002F58062904218D0A2F59832904214D061
:10D5200002F58062904210D002F5806290420CD0E9
:10D530008C680A6803600123C462826230BC436164
:10D5400070474A6823F070031343CA688D680C68FB
:10D5500023F440731A430F4B02609842C562846201
:10D5600010D00123436130BC70474C68CA6823F077
:10D5700070031C4324F44074224302608B68C3622E
:10D580000B6883620B6903630123436130BC7047FE
:10D59000000001400004014010B50446B0B190F80D
:10D5A000393003F0FF0263B12146022351F8040B26
:10D5B00084F83930FFF78CFF012384F839300020DC
:10D5C00010BD80F83820FFF737FFEDE7012010BDD0
:10D5D00010B50446B0B190F8393003F0FF0263B1E2
:10D5E0002146022351F8040B84F83930FFF770FF0D
:10D5F000012384F83930002010BD80F83820FFF76F
:10D6000041FFEDE7012010BD036A23F01003F0B4E1
:10D610008F680E680362026A134D4368846922F0C2
:10D62000200224F4E644A84242EA071244EA06240F
:10D630000AD005F58065A84206D049684360846138
:10D640008163F0BC02627047CF684E698D6922F039
:10D65000800223F4406342EA071243EA860322F081
:10D66000400243EA8503E8E70000014038B590F83E
:10D670003830012B04460D4628D00121022380F8C2
:10D68000381080F839300C2A19D8DFE802F0071872
:10D690001818341818184718181821002946006857
:10D6A000FFF740FE23682A69996941F008019961F2
:10D6B000996921F00401996199690A439A610123EA
:10D6C000002084F8393084F8380038BD022038BD95
:10D6D00029460068FFF788FE23682969DA6942F461
:10D6E0000062DA61DA6922F48062DA61DA6942EAB8
:10D6F0000122DA61E3E729460068FFF785FF236826
:10D7000029699A6942F400629A619A6922F48062F6
:10D710009A619A6942EA01229A61D0E72946006833
:10D72000FFF730FE23682A69D96941F00801D96101
:10D73000D96921F00401D961D9690A43DA61BEE7E8
:10D74000036804201A6A00FA01F122EA01021A624F
:10D750001A6A114319625A6C42F400425A641A68F8
:10D7600042F001021A600020704700BF2DE9F04727
:10D770000568C1682B69C269D0F810E087684669FE
:10D7800023F440531943044680692961EB684EEA4B
:10D79000070123F41643314323F00C0311430B43D9
:10D7A000EB606B6923F440730343B2F5004F6B6188
:10D7B000AF4B60D09D4200F0008103F580639D4235
:10D7C00000F0FB80FFF76CFD6368AA4E00EB800061
:10D7D0009B0000EB8000B0FBF3F8FFF761FDA6FBB8
:10D7E0000838636800EB80009B0000EB8000B0FB12
:10D7F000F3F9FFF755FD636800EB800000EB800054
:10D800009B00B0FBF3F3A6FB03235B09642707FB34
:10D8100013994FEA0919FFF743FD09F13209A6FBF5
:10D820000939636800EB80009B0000EB8000B0FBCF
:10D83000F3FAFFF735FD636800EB800000EB800032
:10D840009B00B0FBF3F3A6FB03235B0907FB13A7C5
:10D850003F0132374FEA5919A6FB07364FEA5818ED
:10D8600009F0F009C6F343164FEA08184E4446443F
:10D87000AE60BDE8F0879D425DD003F580639D42B8
:10D8800059D0FFF70DFD63687A4E00EB80005B0016
:10D8900000EB8000B0FBF3F8FFF702FDA6FB0838B1
:10D8A000636800EB80005B0000EB8000B0FBF3F9E5
:10D8B000FFF7F6FC636800EB800000EB80005B0084
:10D8C000B0FBF3F3A6FB03235B09642707FB139963
:10D8D0004FEAC909FFF7E4FC09F13209A6FB09394F
:10D8E000636800EB80004FEA58184FEA191900EB03
:10D8F00080005B004FEA081809F4F879B0FBF3FAEE
:10D90000FFF7CEFC636800EB800000EB80005B005B
:10D91000B0FBF3F3A6FB03235B0907FB13A3DB00B8
:10D920003233A6FB0323C3F34213984408EB0903E5
:10D93000AB60BDE8F087FFF7C3FC63684D4E00EBBA
:10D9400080005B0000EB8000B0FBF3F8FFF7B8FC51
:10D95000636800EB80005B0000EB8000B0FBF3F934
:10D96000FFF7AEFC636800EB800000EB80005B001B
:10D97000B0FBF3F3A6FB03235B09642707FB1399B2
:10D980004FEAC909FFF79CFC09F13209A6FB0939E6
:10D990006368A6FB082800EB80005B004FEA58187C
:10D9A0004FEA191900EB80004FEA081809F4F879DA
:10D9B000B0FBF3FAFFF784FCA4E7FFF781FC636890
:10D9C0002C4E00EB80009B0000EB8000B0FBF3F8D6
:10D9D000FFF776FCA6FB0838636800EB80009B002D
:10D9E00000EB8000B0FBF3F9FFF76AFC636800EB23
:10D9F000800000EB80009B00B0FBF3F3A6FB032349
:10DA00005B09642707FB13994FEA0919FFF758FCD4
:10DA100009F13209A6FB0939636800EB80009B001D
:10DA200000EB8000B0FBF3FAFFF74AFC636800EB01
:10DA3000800000EB80009B00B0FBF3F3A6FB032308
:10DA40005B0907FB13A31B0132334FEA5919A6FBED
:10DA50000323C3F343134FEA581809F0F0094FEAC0
:10DA60000818994409EB0803AB60BDE8F08700BFD4
:10DA7000001001401F85EB51704700BF10B50446F0
:10DA800050B390F8393003F0FF0203B32368242227
:10DA900084F83920DA6822F40052DA602046FFF771
:10DAA00065FE23681A6922F490421A615A6922F0CD
:10DAB0002A025A61D8680021202240F40050D86020
:10DAC000E163084684F8392084F83A2010BD80F8D4
:10DAD0003820FFF7D1FFD9E7012010BD704700BF04
:10DAE00038B5044670B1FFF7F9FF04F1080007C824
:10DAF000656823682A43024341F0800119600020D1
:10DB00005A6038BD012038BD034600201A68DB6822
:10DB100013607047704700BF08B503685A689105E5
:10DB200002D59A68D20700D408BD6FF001029A604E
:10DB3000FFF7F0FF08BD00BF0FB400B5064B83B080
:10DB400004AA1B6852F8041BD868019206F01AFD5B
:10DB5000012000F003F800BF3802002008B500B92A
:10DB6000FEE700F09DFFFBE7431C10B5044619D00B
:10DB7000B1F90030581C04D10FE031F90C3F5A1CA8
:10DB80000BD09C42F9D120468968FEF787FA2046DF
:10DB90000021BDE81040FEF7A5BA0348BDE81040DB
:10DBA000FFF7CABF10BD00BFB8FE0208884208B523
:10DBB0000AD0431C07D0013106D00448FFF7BCFF50
:10DBC0004FF0FF3008BD084608BD00BFCCFE02087C
:10DBD000B1F900305A1C04D107E031F90C3F5A1C4E
:10DBE00003D08342F9D1486870471846704700BF98
:10DBF00008B5431C0DD0B1F900305A1C04D109E01E
:10DC000031F90C3F5A1C05D09842F9D14868411CA3
:10DC100000D008BD0248FFF78FFF4FF0FF30F8E754
:10DC2000E0FE020808B5431C0DD0B1F900305A1CC3
:10DC300004D109E031F90C3F5A1C05D09842F9D1C2
:10DC40008868411C00D008BD0248FFF775FF4FF0FF
:10DC5000FF30F8E700FF020838B50546FFF758F82F
:10DC60000446FFF755F8001BA842FAD338BD00BFA1
:10DC70004FF47A7303FB00F0FFF7EEBFDFF838D004
:10DC8000002100F004B80D4B5B58435004310C48A0
:10DC90000C4B42189A42FFF4F6AF0B4A00F003B85F
:10DCA000002342F8043B094B9A42FFF4F9AFFFF717
:10DCB000B9F8FEF787F87047008001204009030893
:10DCC00088010020900200209002002024070020FC
:10DCD000FFF7FEBF08B510B103689B6998470020A5
:10DCE00008BD00BF40687047416070470023436033
:10DCF000704700BF014B0360704700BF40BE020881
:10DD000010B5034B03600446E4F758FE204610BDEF
:10DD100040BE020838B50446406800F027FF80B1D5
:10DD200063680133636000F031FF04F108050146C8
:10DD3000FF22284605F01FF80123284684F80C31FD
:10DD400038BD38BD08B54FF4887000F0CFFF024AE7
:10DD500002600022426008BD28FF020810B5044698
:10DD600000F01CFC024B034AA2601C60204610BD60
:10DD700020040020A086010010B58160044600F058
:10DD800077FB014B1C6010BD2004002000F0B6BBE7
:10DD900000F094BB00F0AABB1830FEF7C1BE00BF74
:10DDA000C1EBC10100EB8100B83000F091BF00BFB2
:10DDB00010B518300C46FEF7BFFE204610BD00BF60
:10DDC00010B5054B03F108023C33044680E80C0013
:10DDD00000F008FB204610BD48FF0208A0F1040037
:10DDE000FFF7EEBF10B5074B03F108023C330446C2
:10DDF00080E80C0000F0F6FA2046E4F7DFFD20464C
:10DE000010BD00BF48FF0208A0F10400EAE700BF10
:10DE10002DE9F04782B089460B99BDF928A0054647
:10DE20001F46904600F002FB104B2B6034336B60B2
:10DE300005F1B80405F5A276204600211C3400F057
:10DE400043FFB442F8D105F11804494642463B4627
:10DE50002046CDF800A0FEF745FC204604492A469E
:10DE6000FEF798FD284602B0BDE8F08750FF020893
:10DE7000A1DD01081830FEF72DBD00BF1830FEF7F8
:10DE80002BBF00BF1830FEF749BD00BF1830FEF7AA
:10DE90005FBE00BF014B0360704700BF98FF0208E0
:10DEA00010B5034B03600446E4F788FD204610BD1F
:10DEB00098FF020870B5054604460D4845F8040B66
:10DEC00082B04FF0FF362846009600F03BFC00235E
:10DED0000821084A226328461A46E362A16200F03C
:10DEE000CBFC2846216B00F0F3FC204602B070BD4D
:10DEF00098FF020840420F0070B5094D2B6883421D
:10DF000004460BD0061D3046A16AE26A002300F0E9
:10DF1000B3FC3046216B00F0DBFC2C6070BD00BF11
:10DF20002404002010B4044C816200232360C262E8
:10DF30005DF8044BFFF7E0BF24040020024B0163AF
:10DF400000221A60FFF7D8BF2404002038B50C4621
:10DF50000546FFF7D1FF281D2146BDE8384000F0F7
:10DF6000B9BC00BF036870B51B69002101220446DB
:10DF70009847431C05460ED0236820461B690021A4
:10DF8000022298472368064629461B69204600223C
:10DF90009847304670BD70BD084B094A026010B406
:10DFA00003F58071002453F8042B824208BF43F824
:10DFB000044C8B42F7D15DF8044B704728040020D5
:10DFC000C8FF02080A4B0B4A10B503F580710446DE
:10DFD0000260002053F8042B944208BF43F8040C5D
:10DFE0008B42F7D12046E4F7E9FC204610BD00BF84
:10DFF00028040020C8FF020810B50C4C82B04FF076
:10E00000FF332046009302210322FEF76BFB2046DC
:10E01000082100220123FEF761FC20464FF416512F
:10E0200002B0BDE81040FEF755BC00BFEC05002073
:10E03000F0B50F4685B03549064604F035FE28B9DF
:10E04000334B1B68002B3ED005B0F0BD3046314944
:10E0500004F02AFE30B92E4B1B68002B3ED0012065
:10E0600005B0F0BD30462C4904F01EFE002830D02B
:10E070002A4B002402E00134402C3CD053F8045FCA
:10E08000002DF8D133783A2B38D0314602A800F071
:10E09000C5FD02A800F002FE20BB02A800F0F4FDBE
:10E0A000054640B3036802A89E6800F0EBFD3A46BF
:10E0B00001462846B0470346EBB1194AE01C42F836
:10E0C000243005B0F0BD0190FFF796FF019805B030
:10E0D000F0BD0F4B1B6853B10220B5E7FFF78CFF73
:10E0E0000120B1E702A800F0E3FD0346E4E7FFF7F3
:10E0F00083FF0220A8E74FF0FF30A5E7304609492B
:10E1000002AA04F055FD029BD6E700BFA8FF020853
:10E11000B4030020B8FF0208B0FF02082404002066
:10E1200028040020F0FF0208022808B50BDDC21EFB
:10E13000074B53F82200002143F8221028B103684E
:10E140005B68984708BD002008BD4FF0FF3008BD50
:10E1500028040020022870B50C4616460FDC0E4B32
:10E160001B680BB9FFF748FFA51936B114F8011B5E
:10E170000A48FEF7E1FCAC42F8D1304670BD0338E6
:10E18000074B53F8200018B103681B68984770BD0F
:10E190004FF0FF3070BD00BFB4030020EC0500203D
:10E1A00028040020022810B50C460ADD03380A4B6B
:10E1B00053F8200060B103689B68984703461846EF
:10E1C00010BD0648FEF7ACFC01232070184610BDB8
:10E1D0004FF0FF33F3E700BF28040020EC050020D8
:10E1E000022808B508DD0338064B53F8200028B193
:10E1F0000368DB68984708BD012008BD4FF0FF3079
:10E2000008BD00BF28040020022808B508DD033837
:10E21000064B53F8200028B103681B69984708BDD6
:10E22000002008BD4FF0FF3008BD00BF28040020CB
:10E23000022808B504D84FF400534B60002008BDF5
:10E2400003F06EFA092303604FF0FF3008BD00BFF2
:10E2500030B583B00146684600F0E0FC684600F047
:10E2600013FD044648B103686846DD6800F00AFD06
:10E2700001462046A84703B030BD4FF0FF30FAE713
:10E2800070B5034684B00C466846194600F0C6FCDB
:10E29000214602A800F0C2FC684600F0F5FC40B13F
:10E2A000684600F0F1FC044602A800F0EDFC844250
:10E2B00003D04FF0FF3004B070BD684600F0E4FCBE
:10E2C0000446684623681D6900F0DCFC064602A887
:10E2D00000F0D8FC314602462046A84704B070BD85
:10E2E00030B503782F2B83B012D00146684600F07A
:10E2F00095FC684600F0C8FC044638B103686846DF
:10E300005D6900F0BFFC01462046A84703B030BD60
:10E310004378002BE9D1FFF715FD03B030BD00BFF6
:10E3200008B503685B68984708BD00BF08B5036877
:10E330001B68984708BD00BF70B5034682B00D4604
:10E340006846194600F06AFC684600F09DFC0446E9
:10E3500050B1036868469E6900F094FC2A46014665
:10E360002046B04702B070BD4FF0FF30FAE700BF63
:10E3700000207047F8B58E18B1420F4605460FD001
:10E380000C4601E0A64209D02B6814F8011B5B6A19
:10E39000284698470130F5D1E01BF8BDF01BF8BDC9
:10E3A0000020F8BDF8B58E18B1420F4605460FD0D3
:10E3B0000C4603E004F8010BA64207D02B68284660
:10E3C0009B6A9847431CF5D1E01BF8BDF01BF8BDD4
:10E3D0000020F8BD002070470020704700207047E3
:10E3E0000020704710B5074B03F108023C33044688
:10E3F00080E80C00406903F0EBF9204600F0CAFB0E
:10E40000204610BD00000308A0F10400FFF7EABF9A
:10E4100010B50446FFF7E6FF2046E4F7CFFA2046A2
:10E4200010BD00BFA0F10400FFF7F2BF10B584B02B
:10E43000044600F0DFFB0B4B0B4903F108023C33B1
:10E4400084E80C0001A8224604F08EFB01A80749CD
:10E4500003F060FC0021606104F0C4FA204604B0BF
:10E4600010BD00BF00000308F0FF020848000308C9
:10E4700070B5114D04682C60064648F2010301E0B6
:10E48000013B02D0A2699207FAD40B4C69600023C9
:10E490004FF4804220466B61AB60EB612B62EB6016
:10E4A000AB612A6100F028FA736823B123681A6807
:10E4B00042F480621A6070BDCC06002001680A4AEE
:10E4C0006FF480634B610B68116043F480730B60E1
:10E4D00041F2010301E0013B04D04A69D207FAD5B9
:10E4E0000020704701207047CC06002003681A689E
:10E4F00042F400721A600020704700BF0268084BA7
:10E50000C9B211611B6841F2010004E05A69520767
:10E5100004D4013803D05A691106F7D50120704799
:10E52000CC060020184B196848F2010301E0013BBA
:10E5300002D08A699207FAD40368144A934219D028
:10E54000134A93420CD0134A934208D1124B1A6AD1
:10E5500042F400021A621A6A22F400021A62704738
:10E560000D4B1A6A42F480021A621A6A22F480027F
:10E570001A627047084B1A6A42F400121A621A6A49
:10E5800022F400121A627047CC06002000540040AA
:10E5900000580040005C004000380240F0B50446DE
:10E5A00085B008460E4645491546FFF721FB44490C
:10E5B00007462846FFF71CFB01463846FFF7F6FAE8
:10E5C000404A2060904238D003463F4A934211D0DF
:10E5D0003E4A934203D13E4B1A68002A50D020464F
:10E5E000FFF7A0FF20463B49FFF742FF002363608F
:10E5F00005B0F0BD384B1A68002AF0D137480292B6
:10E6000001211960036C2D4943F480030364036CFA
:10E6100003F4800302933046029BFFF7A5FA2846D5
:10E620002749FFF7A1FA30460321FDF75BFD284695
:10E630000321FDF757FD2368CAE7294B1A68002A12
:10E64000CDD12648019201211960036C1B4943F486
:10E6500000130364036C03F4001301933046019B21
:10E66000FFF782FA28461649FFF77EFA3046032163
:10E67000FDF738FD28460321FDF734FD2368A4E7A4
:10E680001648039201211960036C0C4943F40003FE
:10E690000364036C03F4000303933046039BFFF70A
:10E6A00063FA28460649FFF75FFA30460321FDF773
:10E6B00019FD28460321FDF715FD90E730F9020802
:10E6C000CCFC02080054004000580040005C0040B0
:10E6D0002C050020A08601003005002000380240F3
:10E6E00028050020F8B50368144C1D68D0F810C048
:10E6F0004269D0F818E02360011DC2C925F040002E
:10E700001860072500232046C4F804C0C4F81CE0A4
:10E7100067612661E562E160A261A360A362236292
:10E72000636200F065F910B10548FFF705FA236848
:10E730001A6842F040021A60F8BD00BF340500209C
:10E740004C0003082DE9F04F87B00446894608467F
:10E750004249BDF9405090461F46FFF749FA4049EB
:10E76000034640460193FFF743FA3E4906463846C2
:10E77000FFF73EFA3C4983462846FFF739FA019BEA
:10E78000314682461846FFF711FA5146064658466A
:10E79000FFF70CFA01463046FFF708FA334B2060CA
:10E7A00098424DD0324B984232D0324B98420CD1E5
:10E7B00003F5FE33002205921A6C42F400421A64FB
:10E7C0001B6C03F400430593059B48462349FFF760
:10E7D000CBF940462249FFF7C7F938462149FFF7F0
:10E7E000C3F9002338226360A360E3606B1CA4F8C4
:10E7F0001C80A4F81E9027846584A26116D14FF472
:10E80000007363612046FFF76DFF07B0BDE8F08F2E
:10E8100003F50033002204921A6C42F480421A6419
:10E820001B6C03F480430493049BCEE728460E49F7
:10E83000FFF79AF92046FFF755FF07B0BDE8F08FC4
:10E8400003F58433002203925A6C42F480525A64D6
:10E850005B6C03F480530393039BB6E78CFD0208C3
:10E86000A0F80208E8F8020864FE0208003001403F
:10E8700000380040003C004010290CBF4FF40061FC
:10E880000021012A41601FD0022A19D0AAB1022119
:10E8900001228160C2604269B2F5007F05D0002B81
:10E8A0000CBF4FF4802200224261002B0CBF4FF4BA
:10E8B000827300230361FFF715BF8260C260EAE73D
:10E8C00000218260C160E6E70021C2608160E2E76A
:10E8D000FFF708BF03689A689007FCD589B2D96032
:10E8E0009A68D207FCD5024AD8681360704700BF07
:10E8F00034050020704700BFF8B5044600286CD0EE
:10E9000090F83D3003F0FF02002B51D02368344DC6
:10E91000242284F83D201A6822F001021A60FEF7D2
:10E92000BFFC304962682368A1FB0061890CAA42E0
:10E93000596027D85200B0FBF2F0C0F30B0201314E
:10E94000032A19628CBF84464FF0040C206AE769E1
:10E95000E6682169A2696569C3F81CC03843314380
:10E960002A4318609960DA601868002240F00100BC
:10E97000202118602264104684F83D10226384F838
:10E980003E20F8BD4FF49677174EA56807FB01F1BE
:10E99000A6FB017189090131196275B902EB4202C6
:10E9A000B0FBF2F0C0F30B02A2B94FF0010CCDE7BF
:10E9B00080F83C20FFF79EFFA8E702EB820202EB03
:10E9C0008202B0FBF2F0C0F30B02002AEDD040F45B
:10E9D000404CBBE740F4004CB8E70120F8BD00BF55
:10E9E000A086010083DE1B43D34D6210704700BF39
:10E9F0002DE9F047804600284FD090F8513003F0C1
:10EA0000FF02002B44D0D8F80820D8F80470D8F8BA
:10EA10000C60D8F81050D8F81440D8F81C10D8F86A
:10EA20001830D8F80000D8F828C017433E433543C3
:10EA30002C4321434FF0020AD8F8204088F851A017
:10EA400041EA04021D0C0168D8F8244003F400795F
:10EA500042EA0C0205F0040545EA040342EA090211
:10EA6000BCF5005F21F0400101600260436004BF1B
:10EA7000D8F82C300361C169002321F40061012220
:10EA8000C161C8F85430184688F85120BDE8F087B5
:10EA900080F85020FFF7AAFFB5E70120BDE8F08716
:10EAA00008B572B69620FFF7E3F8FBE78368094ADA
:10EAB000026053B1084B1A68824201D106E01A463F
:10EAC00053688342FBD143685360704742681A60C1
:10EAD000704700BF700003088C05002083680C4A53
:10EAE00010B50446026053B10A4B1A68904201D136
:10EAF0000AE01A4653689C42FBD163685360204683
:10EB0000E3F75CFF204610BD42681A60F7E700BFDC
:10EB1000700003088C050020054B027381600360C0
:10EB200021B1044B1A684260186070474160704719
:10EB3000700003088C050020F8B50B4B1C680746D5
:10EB40000E467CB1A5683946324628463DB104F0F0
:10EB5000FBF820B9284604F0CCF8B04202D0646833
:10EB6000002CEFD12046F8BD8C050020064B1B6819
:10EB700043B138B1002201E0904203D05B6801321A
:10EB8000002BF9D1184670478C050020806870472B
:10EB9000007B704710B5074B044603F1080234337D
:10EBA000226040F8043FFFF781FF2046FFF7F4F9A9
:10EBB000204610BD78000308A0F10400FFF7EABF6B
:10EBC000094B10B5044603F108023433226040F8C3
:10EBD000043FFFF76BFF2046FFF7DEF92046E3F71F
:10EBE000EDFE204610BD00BF78000308A0F1040030
:10EBF000FFF7E6BF10B5074B0446002240F8043B80
:10EC0000FFF78AFF044B03F10802343384E80C0059
:10EC1000204610BDC8FF02087800030870B5002325
:10EC2000036043600A782F2A044601D0204670BD55
:10EC30004A78002AFAD04E1C06604D782F2D1DD040
:10EC40007DB18D1C194600E0B2B125602A782F2ACB
:10EC50002B4601F1010105F10105F5D10D46013306
:10EC6000236029463046FFF767FF30462946FFF705
:10EC700063FF6060204670BD0D46F2E71D463346D7
:10EC8000EDE700BF0068704710B504464068FFF725
:10EC90007FFF01280CBF6068002010BD08B54068E8
:10ECA000FFF776FFD0F1010038BF002008BD00BF9C
:10ECB00010B504464068FFF76BFF18B9606810B1E3
:10ECC000043810BD002010BD002280E80600704707
:10ECD00008B5036801460BB1984708BD406810B1FC
:10ECE0008B690831984708BD00F000B810B50028BE
:10ECF00014BF044601242046FDF702F930B9044B45
:10ED00001B680BB9FDF7DAF89847F4E710BD00BFB0
:10ED10009005002008B50368DB0707D443780BB1E2
:10ED2000FDF7CCF801234370184608BD002008BD4C
:10ED300001230360704703460846194602F0E0BC11
:10ED4000E3F73CBE08B5F0EEE07A2DED028BB0EEB5
:10ED5000C08A38EE278AB5EE408AF1EE10FA0CD060
:10ED6000C0EE087A80EE880A20EE000AA7EEA70A15
:10ED700001F0DAFD28EE000A01E0B0EE480ABDEC31
:10ED8000028B08BDC3689A68C26002B150604268D5
:10ED90005A600A68904208BF0B6005D042689168CB
:10EDA00088420CBF9360D36098604360704783686B
:10EDB000DA68826002B1506042685A600A68904224
:10EDC00008BF0B6005D04268D16888420CBFD36091
:10EDD0009360D8604360704703782BB943685B68E1
:10EDE000834208BFDB680CD083681BB1DA6842B18C
:10EDF0001346FBE743689A68904202D118465B6865
:10EE0000F9E718467047C3681BB19A6862B11346A8
:10EE1000FBE74368DA68904202D118465B68F9E77D
:10EE2000C2689A4208BF034618467047C3681BB1C0
:10EE30009A6862B11346FBE74368DA68904202D1F0
:10EE400018465B68F9E7C2689A4208BF034618464D
:10EE50007047FFF7C1BF2DE9F0411F4603F10408D9
:10EE600000230C464A608B60CB600B7048B1BA42FD
:10EE7000916001D1796008E0BB689A4217D1B9600E
:10EE800015E0D160FB689A4211D1FC600FE0656823
:10EE90002A787AB96E68B3689D4221D1F3686BB164
:10EEA0001A785AB9012129701970327034467B687A
:10EEB0009C42ECD101221A70BDE8F081EB689C42C3
:10EEC00004D128464146FFF75DFF2C4663680122C6
:10EED0001A700023337030464146FFF768FF14E094
:10EEE00013B11A78002ADDD0AB689C4204D12846C1
:10EEF0004146FFF75CFF2C46636801221A7000232D
:10EF0000337030464146FFF73DFF2646CEE72DE9F8
:10EF1000F0410F4681680346C06809B901462AE0FE
:10EF2000002828D00646B2680AB11646FBE79E4282
:10EF30003246F56821D086424E60B16007D07668CF
:10EF400005B16E6051688D60D060D9684A6079689B
:10EF5000994201D17A6005E05968886898420CBFEF
:10EF60008A60CA6059685160187811781070344608
:10EF700019701E4629E00D461E46746805B16C6086
:10EF80007A689A4201D17D6005E05A689168994299
:10EF90000CBF9560D560BA689A4209D1DA680AB99F
:10EFA0005A6804E02A46916809B10A46FBE7BA604C
:10EFB000FA689A4209D19A680AB95B6804E02B465C
:10EFC000DA680AB11346FBE7FB603378002B73D095
:10EFD00007F104087B689D426CD0002D64D1A068C5
:10EFE00085422ED1E06803783BB901220270414688
:10EFF00020462370FFF7C6FEE068836813B11A78D5
:10F00000012A05D1C268002A2FD01278012A2CD0FB
:10F01000C26812B11278012A07D101221A700023A6
:10F0200003704146FFF7C3FEE06823780370C368AE
:10F030000122227003B11A7020464146FFF7A2FE5A
:10F0400038E003783BB90122027041462046237024
:10F05000FFF7ADFEA068C36813B11A78012A0AD180
:10F06000826812B11278012A05D100230370636807
:10F0700025461C46AEE7826812B11278012A07D1F4
:10F0800001221A70002303704146FFF77BFEA0683F
:10F090002378037083680122227003B11A7020461E
:10F0A0004146FFF784FE05E02B78012B97D0012322
:10F0B0002B7001E0002DFAD13046BDE8F08108B593
:10F0C000036853F80C3C994202D9104600F085FCC5
:10F0D000084608BD006810B550F80C0C044C241A02
:10F0E0002144914202D2184600F074FC10BD00BFCA
:10F0F000FCFFFF3F0368994207D353F80C0C1844F8
:10F10000814294BF00200120704701207047012AEE
:10F1100010B502D10A78027010BDBDE8104003F0AE
:10F1200003BA012A10B502D10A78027010BDBDE8F9
:10F13000104003F002BA012910B50B4601D102704C
:10F1400010BD1146BDE810401A4603F011BA08B5CB
:10F15000521AFFF7DCFF08BD08B5521AFFF7D7FFB8
:10F1600008BD036853F8042C002AB8BF002210B56C
:10F17000B8BF43F8042C0A6852F8044C002CBCBFFA
:10F18000002442F8044C02600B6010BD2DE9F041F0
:10F1900007688846144657F80C6C1D4633B9B242CE
:10F1A00094BF10464FF0FF30BDE8F081B34213D852
:10F1B0001744731B9C420FD817F8013B98F80020A6
:10F1C0009A420DD1384608F101016A1E03F09DF9FB
:10F1D00030B92046BDE8F0814FF0FF30BDE8F08146
:10F1E0000134E6E7036810B553F80C4C6CB1601EAF
:10F1F000824238BF1046421C06D01C5C8C4200F193
:10F20000FF3204D01046F6E710BD4FF0FF3010BDBE
:10F210002DE9F0410F4614461D4623B1066856F805
:10F220000C8C444503D34FF0FF30BDE8F0813846E5
:10F23000315D2A4603F05AF908B90134F1E7204656
:10F24000BDE8F081F8B505681E4655F80C3C0F4640
:10F2500083B17EB15C1EA24238BF14463846295D98
:10F26000324603F043F918B9631E1CB11C46F5E79A
:10F270002046F8BD4FF0FF30F8BD2DE9F04105689C
:10F2800055F80C6C0F4614469846B44207D23846DF
:10F29000295D424603F02AF928B10134F5E74FF021
:10F2A000FF30BDE8F0812046BDE8F081F8B5076881
:10F2B00008460E4603F01DFD57F80C4C0546314636
:10F2C0003846A54234BF2A46224603F01EF900B94B
:10F2D000601BF8BD044B984204D00023836001609A
:10F2E00008440373704700BF94050020134B9842F5
:10F2F00010B5044602D9124800F06CFB884203D9CD
:10F300004B009C4238BF1C4604F11D03B3F5805FDF
:10F3100004F10D000CD98C420AD904F58054C3F3D2
:10F320000B03064AE41A944228BF144604F10D0068
:10F33000FFF7DCFC00224460826010BDFCFFFF3F51
:10F34000F2000308F8B50F46054608B9094C0EE06F
:10F350000021FFF7CBFF00F10C04064629462046AA
:10F360003A46FFF7E8FE30462946FFF7B3FF20464E
:10F37000F8BD00BFA005002010B5044608461146A0
:10F380001A46FFF7DFFF2060204610BDE3F716BBEB
:10F39000054A904210B506D08268541E002A846047
:10F3A00001DCFFF7F3FF10BD9405002013B5044600
:10F3B000006801A90C38FFF7EBFF204602B010BD32
:10F3C0002DE9F3470768994657F80C3C0C46C1EB0A
:10F3D0000308C2EB090A57F8081C9A448A450546F7
:10F3E0001646C2EB080818D857F8043C002B14DC6A
:10F3F000B8F1000F09D04E4507D009EB04003119D0
:10F40000384439444246FFF78CFE286851460C3890
:10F41000FFF760FF02B0BDE8F087504601AAFFF792
:10F4200065FF00F10C0724B1384629682246FFF732
:10F430006EFEB8F1000F08D02B6809EB04003119FB
:10F44000384419444246FFF762FE286801A90C3887
:10F45000FFF79EFF2F60D8E703680A4A934210B572
:10F4600004460DD053F8043C002B04DD00210A466D
:10F470000B46FFF7A5FF23684FF0FF3243F8042C3B
:10F4800010BD00BFA0050020F8B51C4605460E467D
:10F49000174611461A46094BFFF71CFE284631460F
:10F4A0003A462346FFF78CFF34B128689DF81820B0
:10F4B00030442146FFF73FFE2846F8BD1E010308F1
:10F4C000F8B5069C1E46234605460F46FFF778FF13
:10F4D0002CB12868314638442246FFF718FE2846EA
:10F4E000F8BD00002DE9F3410768194B57F80C8C63
:10F4F00004460E4641461546FFF7ECFD20463146D0
:10F50000FFF7F8FDC8B957F8043C002B15DCF31BD6
:10F51000AB4205D3384631462A46FFF7F8FD05E0F1
:10F5200023B1384631462A46FFF7FBFD20682946BD
:10F530000C38FFF7CFFE204606E00095204600215C
:10F5400042463346FFF7BCFF02B0BDE8F08100BF82
:10F55000660103082DE9F34106461C461746214A79
:10F560000D46FFF7ACFD2246304600211D4BFFF74C
:10F57000B1FD30463946FFF7BDFD024638BBD6F82F
:10F58000008058F8043C002B21DC294623463046F5
:10F59000FFF716FF3268C8EB070313441544191927
:10F5A000A94202D82846194602E0AB4202D32846B7
:10F5B000224608E0EF1A284619463A46FFF7A7FD0B
:10F5C000E8192919E21BFFF7A2FD304606E0009476
:10F5D0003046294600223B46FFF772FF02B0BDE8E5
:10F5E000F08100BF3B010308034B984202D08368BF
:10F5F000013383600C3070479405002070B50446D9
:10F6000000680B46104461681A46FFF76FFE2268D7
:10F61000064600F10C0522B1284604F10C01FFF763
:10F6200076FD30462168FFF755FE284670BD37B598
:10F630000446006850F8082C91420B4603D150F85C
:10F64000042C002A11DD50F80C2D01A993422CBF87
:10F65000C2EB0302C2EB0202FFF7D0FF05462068AF
:10F6600001A90C38FFF794FE256003B030BDF8B552
:10F670000B6853F80C6C04460F46F6B1036853F858
:10F680000C5C53F8082C3544954211D853F8043CCF
:10F69000002B0DDC2368396853F80C0C32461844F3
:10F6A000FFF735FD206829460C38FFF713FE04E00C
:10F6B00020462946FFF7BBFFECE72046F8BD0000D7
:10F6C0002DE9F04104460E46904672B3184B0021D6
:10F6D000FFF700FD276857F80C5C57F8083C4544D5
:10F6E0009D4203D857F8043C002B08DD20463146E4
:10F6F000FFF700FD88B120462946FFF798FF2368F1
:10F7000053F80C0C314618444246FFF700FD2068C0
:10F7100029460C38FFF7DEFD07E020462946FFF7B3
:10F7200086FF2368F61B1E44E9E72046BDE8F0810A
:10F730007B010308F8B5044617460D4619B32A465F
:10F74000124B0021FFF7C6FC236853F80C6C53F8EA
:10F75000082C2E44964211D853F8043C002B0DDCA3
:10F76000236853F80C0C294618443A46FFF7E3FC8B
:10F77000206831460C38FFF7ADFD04E020463146E5
:10F78000FFF755FFECE72046F8BD00BF7B010308FB
:10F7900008B58368002B02DBFFF726FF08BD0022B7
:10F7A000FFF72CFF08BD13B50446086801AA694697
:10F7B0000C38FFF7EDFF2060204602B010BD37B5D2
:10F7C0000446086823680C380C3B98420AD0694606
:10F7D00001AAFFF7DDFF0546206869460C38FFF7F0
:10F7E000D7FD2560204603B030BD000088422DE9DA
:10F7F000F04105460C4601D10D4E15E018B914B183
:10F800000C4800F0E4F8671B00213846FFF76EFD56
:10F8100000F10C068046294630462246FFF797FC49
:10F8200040463946FFF756FD3046BDE8F08100BF3F
:10F83000A0050020A5010308F7B50D68064614468B
:10F84000084611460A4A1F46FFF739FC55F80C2CAA
:10F85000121BBA4294BFA118E1192844294401AAF5
:10F860004FF00003FFF7C2FF3060304603B0F0BD39
:10F87000CF01030888422DE9F04105460C4601D12D
:10F880000D4E15E018B914B10C4800F0A0F8671B34
:10F8900000213846FFF72AFD00F10C068046294674
:10F8A00030462246FFF758FC40463946FFF712FD26
:10F8B0003046BDE8F08100BFA0050020A501030887
:10F8C00070B5054616460C4621B1084603F011FAFC
:10F8D000211801E04FF0FF31204632464FF000037F
:10F8E000FFF7C8FF2860284670BD10B504460846DB
:10F8F00011441A464FF00003FFF7BCFF206020467A
:10F9000010BD00002DE9FF47044692462D4A0C9D8C
:10F910000E469846FFF7D3FBD4F8009059F80C3CFC
:10F920009F1B574528BF5746204639462A46254B38
:10F93000FFF7D0FB20464146FFF7DCFB18B959F82A
:10F94000043C002B08DD2046009531463A464346EC
:10F95000FFF7B6FD044630E009EB060308EB0502AD
:10F960009A428CBF00230123ABB9BA194A4490458F
:10F9700011D241462A4602AB03A8FFF7B6FF009515
:10F98000204631463A46039BFFF79AFD044603A8FA
:10F99000FFF70CFD11E0C9EB080813B9A844C7EB49
:10F9A0000808204631463A462B46FFF709FD2168F4
:10F9B0002A4688194144FFF7AAFB204604B0BDE857
:10F9C000F08700BF5001030808B5FCF777FA08B5C7
:10F9D000FCF774FA08B5FCF771FA08B5FCF76EFA93
:10F9E00008B5FCF76BFA000081F0004102E000BFAF
:10F9F00083F0004330B54FEA41044FEA430594EAEF
:10FA0000050F08BF90EA020F1FBF54EA000C55EA29
:10FA1000020C7FEA645C7FEA655C00F0E2804FEAFA
:10FA20005454D4EB5555B8BF6D420CDD2C4480EADC
:10FA3000020281EA030382EA000083EA010180EA0C
:10FA4000020281EA0303362D88BF30BD11F0004F5A
:10FA50004FEA01314FF4801C4CEA113102D0404290
:10FA600061EB410113F0004F4FEA03334CEA1333CB
:10FA700002D0524263EB430394EA050F00F0A780E3
:10FA8000A4F10104D5F1200E0DDB02FA0EFC22FADE
:10FA900005F2801841F1000103FA0EF2801843FAD2
:10FAA00005F359410EE0A5F120050EF1200E012AC3
:10FAB00003FA0EFC28BF4CF0020C43FA05F3C01801
:10FAC00051EBE37101F0004507D54FF0000EDCF17A
:10FAD000000C7EEB00006EEB0101B1F5801F1BD323
:10FAE000B1F5001F0CD349085FEA30004FEA3C0C27
:10FAF00004F101044FEA445212F5800F80F09A801D
:10FB0000BCF1004F08BF5FEA500C50F1000041EB20
:10FB1000045141EA050130BD5FEA4C0C404141EB24
:10FB2000010111F4801FA4F10104E9D191F0000F4B
:10FB300004BF01460020B1FA81F308BF2033A3F1CE
:10FB40000B03B3F120020CDA0C3208DD02F1140CC5
:10FB5000C2F10C0201FA0CF021FA02F10CE002F100
:10FB60001402D8BFC2F1200C01FA02F120FA0CFCF9
:10FB7000DCBF41EA0C019040E41AA2BF01EB045142
:10FB8000294330BD6FEA04041F3C1CDA0C340EDC40
:10FB900004F11404C4F1200220FA04F001FA02F383
:10FBA00040EA030021FA04F345EA030130BDC4F141
:10FBB0000C04C4F1200220FA02F001FA04F340EA36
:10FBC0000300294630BD21FA04F0294630BD94F0E7
:10FBD000000F83F4801306BF81F480110134013DCE
:10FBE0004EE77FEA645C18BF7FEA655C29D094EA3F
:10FBF000050F08BF90EA020F05D054EA000C04BFBD
:10FC00001946104630BD91EA030F1EBF00210020A7
:10FC100030BD5FEA545C05D14000494128BF41F046
:10FC2000004130BD14F580043CBF01F5801130BDAA
:10FC300001F0004545F0FE4141F470014FF0000035
:10FC400030BD7FEA645C1ABF194610467FEA655CE6
:10FC50001CBF0B46024650EA013406BF52EA033588
:10FC600091EA030F41F4002130BD00BF90F0000F76
:10FC700004BF0021704730B54FF4806404F13204B2
:10FC80004FF000054FF0000150E700BF90F0000F6B
:10FC900004BF0021704730B54FF4806404F1320492
:10FCA00010F0004548BF40424FF000013EE700BF62
:10FCB00042004FEAE2014FEA31014FEA02701FBFF2
:10FCC00012F07F4393F07F4F81F06051704792F0C4
:10FCD000000F14BF93F07F4F704730B54FF460743E
:10FCE00001F0004521F0004120E700BF50EA010289
:10FCF00008BF704730B54FF000050AE050EA010236
:10FD000008BF704730B511F0004502D5404261EBA5
:10FD100041014FF4806404F132045FEA915C3FF4E6
:10FD2000DCAE4FF003025FEADC0C18BF03325FEA7F
:10FD3000DC0C18BF033202EBDC02C2F1200300FA34
:10FD400003FC20FA02F001FA03FE40EA0E0021FA59
:10FD500002F11444C1E600BF70B54FF0FF0C4CF443
:10FD6000E06C1CEA11541DBF1CEA135594EA0C0FF9
:10FD700095EA0C0F00F0DEF82C4481EA030621EA34
:10FD80004C5123EA4C5350EA013518BF52EA03356F
:10FD900041F4801143F4801338D0A0FB02CE4FF021
:10FDA0000005E1FB02E506F00042E0FB03E54FF051
:10FDB0000006E1FB03569CF0000F18BF4EF0010E49
:10FDC000A4F1FF04B6F5007F64F5407404D25FEA45
:10FDD0004E0E6D4146EB060642EAC62141EA5551F8
:10FDE0004FEAC52040EA5E504FEACE2EB4F1FD0C3A
:10FDF00088BFBCF5E06F1ED8BEF1004F08BF5FEAB8
:10FE0000500E50F1000041EB045170BD06F0004669
:10FE100046EA010140EA020081EA0301B4EB5C0416
:10FE2000C2BFD4EB0C0541EA045170BD41F480110E
:10FE30004FF0000E013C00F3AB8014F1360FDEBF33
:10FE4000002001F0004170BDC4F10004203C35DA0F
:10FE50000C341BDC04F11404C4F1200500FA05F392
:10FE600020FA04F001FA05F240EA020001F0004233
:10FE700021F0004110EBD37021FA04F642EB0601A9
:10FE80005EEA430E08BF20EAD37070BDC4F10C04D3
:10FE9000C4F1200500FA04F320FA05F001FA04F297
:10FEA00040EA020001F0004110EBD37041F1000183
:10FEB0005EEA430E08BF20EAD37070BDC4F120058E
:10FEC00000FA05F24EEA020E20FA04F301FA05F2F6
:10FED00043EA020321FA04F001F0004121FA04F29E
:10FEE00020EA020000EBD3705EEA430E08BF20EA6E
:10FEF000D37070BD94F0000F0FD101F000464000A8
:10FF000041EB010111F4801F08BF013CF7D041EA29
:10FF1000060195F0000F18BF704703F0004652002D
:10FF200043EB030313F4801F08BF013DF7D043EAFE
:10FF30000603704794EA0C0F0CEA135518BF95EAB4
:10FF40000C0F0CD050EA410618BF52EA4306D1D13B
:10FF500081EA030101F000414FF0000070BD50EA5A
:10FF6000410606BF1046194652EA430619D094EAE4
:10FF70000C0F02D150EA013613D195EA0C0F05D1CE
:10FF800052EA03361CBF104619460AD181EA030122
:10FF900001F0004141F0FE4141F470014FF00000DA
:10FFA00070BD41F0FE4141F4780170BD70B54FF075
:10FFB000FF0C4CF4E06C1CEA11541DBF1CEA1355F5
:10FFC00094EA0C0F95EA0C0F00F0A7F8A4EB0504D7
:10FFD00081EA030E52EA03354FEA013100F08880CE
:10FFE0004FEA03334FF0805545EA131343EA126397
:10FFF0004FEA022245EA111545EA10654FEA00264C
:020000040802F0
:100000000EF000419D4208BF964244F1FD0404F504
:10001000407402D25B084FEA3202B61A65EB030560
:100020005B084FEA32024FF480104FF4002CB6EB1D
:10003000020E75EB030E22BFB61A754640EA0C009D
:100040005B084FEA3202B6EB020E75EB030E22BFDD
:10005000B61A754640EA5C005B084FEA3202B6EB1E
:10006000020E75EB030E22BFB61A754640EA9C00DD
:100070005B084FEA3202B6EB020E75EB030E22BFAD
:10008000B61A754640EADC0055EA060E18D04FEA6B
:10009000051545EA16754FEA06164FEAC30343EA0B
:1000A00052734FEAC2025FEA1C1CC0D111F4801FD8
:1000B0000BD141EA00014FF000004FF0004CB6E7D1
:1000C00011F4801F04BF01430020B4F1FD0C88BF70
:1000D000BCF5E06F3FF6AFAEB5EB030C04BFB6EB7B
:1000E000020C5FEA500C50F1000041EB045170BD6E
:1000F0000EF0004E4EEA113114EB5C04C2BFD4EB9B
:100100000C0541EA045170BD41F480114FF0000E1E
:10011000013C90E645EA060E8DE60CEA135594EA9A
:100120000C0F08BF95EA0C0F3FF43BAF94EA0C0F9D
:100130000AD150EA01347FF434AF95EA0C0F7FF412
:1001400025AF104619462CE795EA0C0F06D152EA66
:1001500003353FF4FDAE1046194622E750EA41064A
:1001600018BF52EA43067FF4C5AE50EA41047FF45B
:100170000DAF52EA43057FF4EBAE12E74A0011D20D
:1001800012F5001211D20DD56FF47873B3EB6252F1
:100190000ED44FEAC12343F0004343EA505323FAFD
:1001A00002F070474FF00000704750EA013002D172
:1001B0004FF0FF3070474FF0000070474FEA4102A8
:1001C000B2F1E04324BFB3F5001CDCF1FE5C0DD9B5
:1001D00001F0004C4FEAC0024CEA5070B2F1004FFF
:1001E00040EB830008BF20F00100704711F0804F02
:1001F00021D113F13872BCBF01F00040704741F4C7
:1002000080114FEA5252C2F11802C2F1200C10FACA
:100210000CF320FA02F018BF40F001004FEAC123AE
:100220004FEAD32303FA0CFC40EA0C0023FA02F352
:100230004FEA4303CCE77FEA625307D150EA013328
:100240001EBF4FF0FE4040F44000704701F00040F8
:1002500040F0FE4040F40000704700BF38B5002277
:10026000002304460D4600F093F828B9204629469D
:10027000BDE8384000F00AB8204605F1004100F022
:1002800005F8404261EB410138BD00BF70B5002266
:100290000D4B04460D46FFF75FFDFFF76FFF064667
:1002A000FFF7E4FC0022094BFFF756FD02460B4620
:1002B00020462946FFF79CFBFFF760FF002242EA39
:1002C00000042046314670BD0000F03D0000F041C2
:1002D0004FF0FF3C06E000BF4FF0010C02E000BF12
:1002E0004FF0010C4DF804CD4FEA410C7FEA6C5CF5
:1002F0004FEA430C18BF7FEA6C5C1BD001B050EA98
:10030000410C0CBF52EA430C91EA030F02BF90EA82
:10031000020F0020704710F1000F91EA030F58BF41
:10032000994208BF90422CBFD8176FEAE37040F0A3
:10033000010070474FEA410C7FEA6C5C02D150EA41
:10034000013C07D14FEA430C7FEA6C5CD6D152EAFC
:10035000033CD3D05DF8040B704700BF84461046C1
:1003600062468C461946634600E000BF01B5FFF7C0
:10037000B7FF002848BF10F1000F01BD4DF808ED90
:10038000FFF7F4FF0CBF012000205DF808FB00BF61
:100390004DF808EDFFF7EAFF34BF012000205DF8BB
:1003A00008FB00BF4DF808EDFFF7E0FF94BF012008
:1003B00000205DF808FB00BF4DF808EDFFF7CEFF09
:1003C00094BF012000205DF808FB00BF4DF808ED48
:1003D000FFF7C4FF34BF012000205DF808FB00BF19
:1003E00038B553EC102BC3F30A50A0F2FF31132998
:1003F0001C4611DC002931DB1E48084118422AD076
:100400004FF400240C411C4424EA0004002123463C
:100410000A4643EC102B38BD33290ADDB1F5806F55
:10042000F9D151EC100B0B46FFF7E4FA41EC100B3D
:1004300038BDA0F213414FF0FF35CD401542EAD050
:10044000C0F58660023001218140891828BF5C1CFC
:1004500021EA0501DBE7002AD2D1DCE7013103F014
:10046000004401D00021D2E744F07F5444F440140A
:100470000021CCE7FFFF0F0038B510EE105A25F031
:100480000044B4F1A14FF0EE407A0BDBB4F1FF4F22
:1004900056DCDFED527A9FED520A002DC8BFB0EE58
:1004A000670A38BD4F4B9C4259DCB4F1445F4ADBCC
:1004B0004FF0FF3367EEA76A9FED4B1A9FED4B2A73
:1004C0009FED4B3ADFED4B1ADFED4B2A9FED4B4A88
:1004D000DFED4B3A9FED4B5ADFED4B4A9FED4B6AF8
:1004E000DFED4B5A26EEA67A5A1CA7EE012AE7EE5C
:1004F000212AA2EE073AE2EE873AA3EE074AE3EE9C
:10050000874AA4EE075AE4EE875AA5EE076A25EE5D
:10051000877A66EE266A3AD03E493F4A9B001944E4
:1005200036EE877A91ED005A97EE275A1344002D44
:1005300093ED000A75EE677A30EE670A24DB38BD6A
:1005400030EE000A38BDDFED356A70EE266AB7EE90
:10055000007AF4EEC76AF1EE10FAA9DD38BD00F0BA
:10056000EFF82F4B9C4219DCA3F5D0039C422ADC08
:10057000F0EE007ABFEE007AA0EE277A002370EE4C
:10058000277AC7EE277A95E7B1EE400A38BD36EEF6
:10059000877AB0EE670AA7EE670A38BD214B9C4206
:1005A0000BDCF7EE087AB7EE007AA0EE277A02238A
:1005B00070EE677AC7EE877A7CE7FFEE007AC7EEC7
:1005C000807A032376E7B7EE007A70EE477A30EE52
:1005D000077A0123C7EE877A6CE700BFDB0FC93FBC
:1005E000DB0FC9BFFFFFDF3ED769853C59DA4B3DC2
:1005F000356B883D21A215BD6BF16EBD6E2EBA3DE7
:1006000095879DBD2549123E388EE3BDABAAAA3E13
:10061000CDCC4CBE0002030810020308CAF2497197
:10062000FFFF973FFFFF1B4010EE103A23F0004002
:10063000C20D7F3A162A10B41DDC002A1C4627DBA7
:100640001E481041184219D0DFED1D7A70EE277A4E
:10065000F5EEC07AF1EE10FA10DD002B04DD4FF458
:10066000000343FA02F2144424EA000000EE100AE8
:100670005DF8044B7047B0F1FF4F04D200EE103A22
:100680005DF8044B704730EE000A5DF8044B70478C
:10069000DFED0B7A70EE277AF5EEC07AF1EE10FA04
:1006A000ECDD002B06DB0028B7EE000A08BF00EEE9
:1006B000103AE5E79FED030AE2E700BFFFFF7F0086
:1006C000CAF249710000008000B510EE103A1A4AD3
:1006D00023F00043934283B019DDB3F1FF4F04DBF5
:1006E00030EE400A03B05DF804FB684600F02AFAD9
:1006F00000F0030001289DED000ADDED010A12D093
:1007000002280BD0A0B1012000F01CFFEAE7DFEDCA
:100710000B0A00F0AFFB03B05DF804FB00F0AAFB8E
:10072000B1EE400ADEE700F00DFFB1EE400AD9E776
:1007300000F0A0FBD6E700BFD80F493F0000000043
:1007400010EE102A22F0004300EE103A704700BF6E
:1007500010EE103A23F00040C10D7F39162910B475
:1007600018DC00291C4622DB1E480841184214D020
:10077000DFED1D7A70EE277AF5EEC07AF1EE10FA11
:100780000BDD002B21DB24EA000000EE100A5DF8EF
:10079000044B7047B0F1FF4F04D200EE103A5DF801
:1007A000044B704730EE000A5DF8044B7047DFEDF4
:1007B0000E7A70EE277AF5EEC07AF1EE10FAECDDE3
:1007C000002B08DB9FED090AE9E74FF4000343FA29
:1007D00001F10C44D7E70028BFEE000A08BF00EE85
:1007E000103ADCE7FFFF7F00CAF249710000000009
:1007F00010EE101A30B4C1F3C7540029A4F17F03DE
:10080000ACBF01254FF0FF351E2B0FDC002B1BDB8F
:10081000C1F31602162B42F400020DDDA4F196007E
:1008200002FA00F005FB00F030BC7047FDEEC07A24
:1008300030BC17EE900A70474FF480001841104406
:10084000C3F11703D840EDE701330CBF2846002061
:1008500030BC704710EE102AC2F3C7537F3B162BF3
:1008600010EE101A0FDC002B15DB0E481841104259
:100870000BD04FF4800242FA03F3194421EA00003E
:1008800000EE100A7047802B02D000EE102A70474D
:1008900030EE000A7047013302F00040F0D140F022
:1008A0007E50EDE7FFFF7F0000B510EE103A1B4AC7
:1008B00023F00043934283B01ADDB3F1FF4F04DB12
:1008C00030EE400A03B05DF804FB684600F03AF9E8
:1008D00000F0030001289DED000ADDED010A15D0AE
:1008E00002280DD0A8B100F0C5FAB1EE400AE9E740
:1008F000DFED0B0A002000F025FE03B05DF804FBDD
:10090000012000F01FFEB1EE400ADBE700F0B2FA72
:10091000D8E7012000F016FED4E700BFD80F493F0A
:100920000000000000F05CB810B52DED028B2A4CE1
:100930008AB0B0EE408A00F04BFA94F900300133EF
:10094000F0EE408A09D0B0EE480A00F045FE20B132
:10095000B5EEC08AF1EE10FA05D4B0EE680A0AB01E
:10096000BDEC028B10BD01231C4A009318EE100A47
:10097000002301920893FFF79BF92478CDE9040145
:10098000CDE902019CB900220023CDE90623684687
:1009900000F020FEA8B1089BC3B9DDE90601FFF70E
:1009A0000DFC00EE100A0AB0BDEC028B10BD002059
:1009B000002102460B46FFF7F9FA022CCDE90601A9
:1009C000E5D100F0ADFE21230360E4E700F0A8FECE
:1009D000089B0360E1E700BFD50100202002030867
:1009E00010EE902A22F00041B1F1FF4F38B5F0EE41
:1009F000407A18DC10EE104A24F00040B0F1FF4FAE
:100A000011DCB2F17E5F46D0951705F0020545EA8C
:100A1000D47568B9022D3BD09FED3F0A032D18BF56
:100A2000B0EE670A38BD07EE102A37EE270A38BD48
:100A300011B3B1F1FF4F32D0B0F1FF4F1CD0411ACA
:100A4000C9153C2921DC002A49DB07EE102A87EE74
:100A5000870AFFF775FEFFF70FFD012D38D0022D35
:100A60002DD0002D40D09FED2D7ADFED2D7A30EE88
:100A7000070A30EE670A38BDDFED2A7A9FED2A0AB1
:100A8000002CA8BFB0EE670A38BD9FED260AE4E748
:100A90009FED230A38BDBDE83840FFF7EDBCB0F14B
:100AA000FF4F22D0022DF3D0032D2BD0DFED1F7A84
:100AB0009FED1F0A012D18BFB0EE670A38BD9FEDEC
:100AC000177ADFED177A30EE070A37EEC00A38BD25
:100AD00010EE103A03F1004300EE103A38BD3C31FD
:100AE000B3DA9FED120AB8E738BD022D10D0032DFE
:100AF0000BD0DFED107A9FED100A012D18BFB0EE7C
:100B0000670A38BD9FED040A38BD9FED0C0A38BD59
:100B10009FED0B0A38BD00BFDB0F49C02EBDBB33B4
:100B2000DB0F4940DB0FC93FDB0FC9BF00000000EE
:100B300000000080DB0F493FDB0F49BFE4CB16C04C
:100B4000E4CB164070B510EE103A934A23F00044FF
:100B5000944286B010EE106A054666DD8F4A9442D4
:100B60001ADC002BDFED8E7A8E4A24F00F0440F35E
:100B7000DB80944270EE677A66D09FED8B7A77EED9
:100B8000C76A012077EEE67AC5ED006A37EEC77ACC
:100B900085ED017A06B070BD844A944266DDB4F1F9
:100BA000FF4F49DAE215863AA4EBC25407EE104A29
:100BB000FDEEC77ADFED7E6AF8EEE77A37EE677A08
:100BC000CDED037A27EE267AFDEEC77AF8EEE77AC6
:100BD00037EE677ACDED047A27EE267AB5EE407AC5
:100BE000F1EE10FA8DED057A40F0B180F5EE407A25
:100BF000F1EE10FA0CBF012302236E4902208DE8AA
:100C0000030003A8294600F0B7F9002E12DA95ED8B
:100C1000007AD5ED017AB1EE477AF1EE677A40427B
:100C200085ED007AC5ED017A04E0002285ED000A29
:100C30004260002006B070BD70EE407A0020C5ED25
:100C4000017AC5ED007AF5E7DFED5B6A9FED5B7A2F
:100C500077EEE67A012077EEC76A77EEE67AC5EDA1
:100C6000006A37EEC77A85ED017AE3E7FFF768FDA2
:100C7000DFED536ADFED4A5ADFED4B7AB6EE007ACC
:100C8000A0EE267ABDEEC77AF8EEC76A17EE100A14
:100C9000B1EE666A1F28A6EE250A66EEA77A1DDC6D
:100CA000484B411E24F0FF0253F821309A4215D0E0
:100CB00030EE677A85ED007A30EE470A002E70EE4E
:100CC000677AC5ED017AB5DAB1EE477AF1EE677A67
:100CD00085ED007AC5ED017A4042ABE730EE677AE8
:100CE000E41517EE102AC2F3C753E31A082BE1DD0F
:100CF0009FED317A9FED315AF0EE405AE6EE075AF9
:100D000070EE657AE6EE077AD6EE857A35EEE77A0A
:100D100017EE102AC2F3C753E41A192C2CDC85ED08
:100D2000007AB0EE650AC7E7944270EE277A10D0D9
:100D30009FED1D7A77EE876A4FF0FF3077EEE67A07
:100D4000C5ED006A37EE877A85ED017A72E70323F5
:100D500053E7DFED196A9FED197A77EEA67A4FF027
:100D6000FF3077EE876A77EEE67AC5ED006A37EEF8
:100D7000877A85ED017A5DE79FED137A9FED135A2F
:100D8000B0EE650AA6EE070A75EEC07AE6EE077ABF
:100D9000D6EE857A8CE700BFD80F493FE3CB1640EB
:100DA000800FC93FD00FC93F43443537800F4943B7
:100DB00000008043A80203080044353708A3852EAD
:100DC00084F9223F2802030800A3852E32318D24A6
:100DD00010EE103A23F00042B2F1FF4F70B430D25F
:100DE0006AB3002B3DDBB2F5000F4FEAE3512CD381
:100DF000A1F17F02C3F31603D10743F4000348BFF8
:100E00005B00002556105B002C4619214FF08072C4
:100E1000A018984202DC1B1A8418154401394FEAC5
:100E200043034FEA5202F3D113B105F001031D440D
:100E30006D1005F17C5505EBC65500EE105A70BCDF
:100E40007047A0EE000A70BC704713F400020DD189
:100E50005B00180202F10102FAD5C2F1010211444D
:100E6000C6E730EE400A80EE000AE8E701221144AE
:100E7000BEE700BF10EE103A23F00043B3F1485F25
:100E80002CDAFDEEC07A17EE903A002B60D060EEBF
:100E9000007ADFED314A9FED315ADFED315A9FED97
:100EA000316ADFED316A9FED317AA7EEA45AE5EEA3
:100EB000275AA5EEA76AE6EE276AA6EEA77A27EEDE
:100EC000277A20EEC00AF6EE006AA7EE870AB7EE90
:100ED000007A97EEA60A37EE400A704760EE007A75
:100EE000DFED1D4A9FED1D5ADFED1D5A9FED1D6A76
:100EF000DFED1D6A9FED1D7A1D4AA7EEA45A9342AD
:100F0000E5EE275AA5EEA76AE6EE276AA6EEA77ACF
:100F100027EE277AD5DD174A934214DC03F17F438D
:100F200006EE903AF7EE005A75EEE65A60EEC00A09
:100F3000B6EE006AE7EE870AD7EE866A76EEE00A3A
:100F400035EEE00A7047F6EE075AF5EE026AEDE775
:100F5000B7EE000A704700BF4ED747ADF6740F31A9
:100F60007CF293B4010DD037610BB6BAABAA2A3D1F
:100F70009999993E0000483F2DE9F04F2DED048BE3
:100F8000D7B0A54C649D039103F1FF3954F8258037
:100F90001D46D31E48BF131DDB1023EAE3730493E1
:100FA000049EDB4302EBC303824619EB0800029365
:100FB000C9EB060318D4659E184401301AA906EB44
:100FC00083040022002BAABFA658DFED947A07EE17
:100FD000106A03F10103A8BFF8EEC77A8342E1EC7F
:100FE000017A02F10402EDD1B8F1000F4FEA880B4B
:100FF0001DDB1AA843AE00EB85045E4442A8B9F19C
:10100000000FC0F2AE81DFED857A51462246002303
:10101000F1EC016A32ED017A0133AB42E6EE877AF8
:10102000F6D1E0EC017AB04204F10404E7D10DF10D
:10103000180C4446CDF81480DFED7A8A9FED788A4B
:10104000DDF80880E344A60056AB3344002C13EDD2
:10105000140A1BDDACF1040142AA3244314405AB51
:1010600060EE287AB0EE407AFDEEE77A72ED016A22
:10107000F8EEE77AA7EEC87A37EEA60ABDEEC77A91
:1010800017EE100A43F8040F8B42E9D14046CDF821
:1010900000C000F0BDFAB0EE409AB4EE000A29EEAE
:1010A000000AFFF755FBF2EE007AA0EE679AB8F15E
:1010B000000FDDF800C0FDEEC99AF8EEE97A39EECE
:1010C000679A40F3A180611EC8F108005CF82130E6
:1010D00043FA00F202FA00F01B1A4CF8213019EE24
:1010E000901AC8F10700114443FA00F009EE901A73
:1010F0000190019B002B2DDD19EE902A002C02F1AE
:10110000010209EE902A40F3408163460CEB06078A
:10111000002153F8042BC2F1FF0011B9C2F5807011
:1011200012B143F8040C0121BB42F2D1B8F1000F17
:101130000DDDB8F1010F00F00281B8F1020F06D108
:10114000621E5CF8223003F03F034CF82230019B12
:10115000022B69D0B5EE409AF1EE10FA78D10599DC
:10116000671EB9420ADC6644002356F8042D5E452A
:1011700043EA0203F9D1002B40F0B181059A531ED6
:101180005CF82320002A40F0A7810CEB83034FF08A
:10119000010E53F8042D0EF1010E002AF9D0A644D9
:1011A000661C76452EDC0498049F2044659C09EB60
:1011B00006031AA904EB800001EB8304659B7744C6
:1011C00042AA02EB860603EB870750F8041F07EEDE
:1011D000901AF8EEE77AB9F1000FE4EC017ADFED4E
:1011E0000F7A0BDB514622460023F1EC016A32ED07
:1011F000017A0133AB42E6EE877AF6D1B842E6ECEB
:10120000017AE2D174461EE740F0A180631E5CF8CB
:1012100023301B1201936CE7C00503080000000097
:10122000000080430000803BB7EE000A30EE499A90
:1012300000298FD04046CDF800C000F0E9F939EE22
:10124000409ADDF800C0B5EE409AF1EE10FA86D073
:10125000029BCDF800C0B0EE490A5842DDF8148078
:1012600000F0D6F95FED127ADDF800C0B4EEE70ABF
:10127000F1EE10FAC0F254811FED167A029A20EEB8
:10128000077A671CBDEEC77A0832B8EEC77A0292B9
:10129000A7EE670ABDEEC77ABDEEC00A10EE103A9F
:1012A0004CF8243017EE104A4CF827400298CDF83D
:1012B00000C0B7EE000A00F0ABF9002FDDF800C067
:1012C00036DB7D1CAA0042AE1FED2A7A0CEB02032E
:1012D000324473ED017AF8EEE77A634567EE807A7F
:1012E00020EE070A62ED017AF3D142A800EB8704F1
:1012F0000020B8F1000FC0F2E9809049DFED907A4C
:101300002246002301E0834208DCF1EC016AB2ECE2
:10131000017A01339845E6EE877AF4DA56A901EBB3
:10132000800301308542A4F1040443ED287AE0D122
:10133000649C032C7FD8DFE804F0B387872A621E01
:101340005CF8223003F07F034CF82230FFE6F6EE23
:10135000007AB4EEE79AF1EE10FA0CDA002201926C
:10136000F8E6DFED777AE0EC017AB04204F10404AC
:101370007FF445AE5BE619EE902A02210132002C83
:10138000019109EE902A3FF7C0AE0021CEE6002F72
:1013900040F3B980B90056AB7A1C2EAE0B4406EB75
:1013A000820253ED287A2FA8134653ED026A36EED7
:1013B000A77A76EEC76A76EEA76AF0EE477A63ED13
:1013C000016A834203ED017AEFD1012F40F39B8044
:1013D00056A8014451ED287A134630A953ED026A0C
:1013E00036EEA77A76EEC76A76EEA76AF0EE477A0F
:1013F00063ED016A8B4203ED017AEFD1DFED507AA4
:10140000134633ED017A994277EE877AF9D1019C40
:10141000002C7DD0DDED2E6A9DED2F7A039EF1EE3E
:10142000677AF1EE666AB1EE477AC6ED027AC6EDEA
:10143000006A86ED017A19EE901A01F0070057B0A4
:10144000BDEC048BBDE8F08F002F74DB2EAA7B1C53
:10145000DFED3B7A02EB830333ED017A934277EEC3
:10146000877AF9D1019AA2B3B1EE677ADDED2E6ADF
:10147000039B002F83ED007A76EEE77A08DD2FAB31
:1014800003EB8707B3EC017ABB4277EE877AF9D199
:10149000019C0CB1F1EE677A039DC5ED017ACAE7B4
:1014A000002F45DB7B1C2EAADFED257A02EB8303A0
:1014B00033ED017A934277EE877AF9D1019E0EB12E
:1014C000F1EE677A0399C1ED007AB4E7DFED1C7A9B
:1014D00024E7B0EE677AC9E74FF0010E5FE6029AA3
:1014E0005CF82730DDF81480083A0292002B7FF474
:1014F000DDAE0CEB870353F8041D013F083A0029C9
:10150000F9D00292D2E6019CDFED0D7A002C81D158
:10151000039D2E9A2F9BC5ED027A2A606B608AE7A5
:10152000BDEEC00A274610EE105A4CF82450BDE616
:10153000DFED037AC2E7DFED027A93E7CC0503081B
:101540000000000010EE103A23F00043B3F1485FB2
:1015500004DAFDEEC07A17EE903A23B360EE007A1B
:101560009FED155A9FED156ADFED156A9FED157A0F
:10157000DFED155AA7EE856A27EE805AE6EE276A58
:10158000A6EEA77AE7EE275A70B165EEC55AB6EE19
:10159000007AE0EE875A9FED0D7AD5EEA70AE5EEC8
:1015A000070A30EE600A70479FED097AA7EEA57A28
:1015B000A7EE050A704700BFD3C92E2F342FD7B22C
:1015C0001BEF3836010D50B98988083CABAA2A3E7A
:1015D000ABAA2ABE0020704710EE103A33F000404C
:1015E00001D102207047A0F50003B3F1FE4F01D2F4
:1015F00004207047054B421E9A4201D803207047D1
:10160000B0F1FF4358425841704700BFFEFF7F00D2
:1016100008B510EE103A33F000412DED028B10EEBC
:10162000102A11D0B1F1FF4F11D2B1F5000F13D331
:10163000C90D0144FE2930DC00291CDD22F0FF42E7
:1016400042EAC15200EE102ABDEC028B08BDBDEC8F
:10165000028B30EE000A08BDDFED1E7A1E4A20EE36
:10166000277A904217EE103A22DBC3F3C75117EEE8
:10167000102A1939DDE711F1160F1EDA4CF250323B
:1016800090420ADC9FED158A00EE903AB0EE480ACF
:1016900000F02AF820EE080AD6E79FED118A00EE46
:1016A000903AB0EE480A00F01FF820EE080ACBE7A7
:1016B0009FED0A0A27EE000AC6E7193122F0FF4221
:1016C00042EAC152DFED077A07EE102A27EE270A19
:1016D000BAE700BF0000004CB03CFFFF6042A20D23
:1016E000CAF249710000003310EE101A21F00042D6
:1016F00010EE901A01F00043134300EE103A7047C9
:1017000070B5064C06460D4613462CB131462A46A6
:101710000220AFF3008070BD204670BD00000000C5
:10172000014B1868704700BF3802002070B50546AD
:101730000C4609B9002070BD18B183690BB900F0DF
:101740003DFA204B9C4201D16C6808E01E4B9C4244
:1017500001D1AC6803E01D4B9C4208BFEC68B4F9B2
:101760000C30002BE6D02846214600F0E1F8236B30
:10177000064633B12846216A98470028B8BF4FF083
:10178000FF36A3891B0603D52846216900F0F8FE21
:10179000616B41B104F14403994202D0284600F044
:1017A000EFFE00236363A16C21B1284600F0E8FE40
:1017B0000023A36400F06CFA0023A38100F069FA0F
:1017C000304670BDF80503081806030838060308FC
:1017D000024B01461868FFF7A9BF00BF380200207E
:1017E00038B50D4B1D68044625B1AB6913B92846C1
:1017F00000F0E4F9094B9C4208BF6C6808D0084B24
:101800009C4208BFAC6803D0064B9C4208BFEC6802
:10181000A089C0F3401038BD38020020F805030845
:1018200018060308380603088A892DE9F0410546A1
:1018300010070C4657D44B68002B02DC0B6C002BB6
:1018400018DDE66AB6B102F48052002392B22F6826
:101850002B600AB1626D10E0216A28460123B0476F
:10186000411C024609D12B683BB11D2B01D0162B20
:1018700046D12F600020BDE8F081A3895B0705D524
:101880006368D21A636B0BB1236CD21AE66A216AC1
:1018900028460023B047461CA28905D12B681BB1FE
:1018A0001D2B01D0162B19D100236360D1042369AD
:1018B000236004D5421C01D12B6803B96065616BBC
:1018C0002F600029D6D004F14403994202D0284663
:1018D00000F056FE00206063BDE8F08142F0400257
:1018E000A281BDE8F0810E69002EC3D00B680E60A6
:1018F000C6EB030893070CBF4B6900238B6012E013
:10190000A38943F04003A3814FF0FF30BDE8F0818D
:10191000A76A216A284632464346B8470028EFDDC9
:101920000644C0EB0808B8F1000FF1DCA2E70000A4
:1019300038B50B6905460C46DBB118B183690BB9A4
:1019400000F03CF90C4B9C4201D16C6808E00B4B59
:101950009C4201D1AC6803E0094B9C4208BFEC6893
:10196000B4F90C302BB128462146BDE83840FFF7CA
:101970005BBF002038BD00BFF80503081806030848
:1019800038060308014620B9044B0549186800F0E1
:101990008DBC044B1868FFF7CBBF00BF5C06030883
:1019A000311902083802002038B50C46054618B136
:1019B00083690BB900F002F90E4B9C4201D16C68AF
:1019C00008E00D4B9C4201D1AC6803E00B4B9C42FC
:1019D00008BFEC686368013B002B636005DA2846AA
:1019E0002146BDE8384000F0C1BF23685A1C226080
:1019F000187838BDF80503081806030838060308E8
:101A0000024B01461868FFF7CFBF00BF3802002025
:101A100010B5144600F0DAFBB0F1FF3320605842F5
:101A2000584110BD0A460349034608681946FFF7A6
:101A3000EFBF00BF38020020012A2DE9F04707461A
:101A4000884691461C4602DC0020BDE8F08718B1AC
:101A500083690BB900F0B2F8244B9C4201D17C6839
:101A600008E0234B9C4201D1BC6803E0214B9C421F
:101A700008BFFC6809F1FF394546666846B9384633
:101A8000214600F0EDFE10B1454529D1DCE766683E
:101A9000D4F800A04E4528BF4E4650460A21324693
:101AA00000F024FD636868B10130CAEB00069B1B9F
:101AB00084E8090051462846324600F035FD0023EF
:101AC000AB550FE09B1B63602368334428462360BB
:101AD0005146324600F028FDB9EB06093544CCD119
:101AE00000232B704046BDE8F08700BFF8050308CF
:101AF000180603083806030830B51346044A05469D
:101B00000C46106829462246BDE83040FFF794BFD6
:101B100038020020F8B5074600F1480494B1A568E2
:101B20006668013E0CD4AB89012B07D9B5F90E309C
:101B3000013303D038462946FFF7FAFE6835F0E74F
:101B40002468EBE7F8BD0000002310B504460360ED
:101B50004360836081814366C28103614361836125
:101B600019465C30082200F003FD054B6362054B0B
:101B7000A362054BE362054B2462236310BD00BFE3
:101B8000052C02082B2C0208632C0208872C020863
:101B900070B54B1E68255D430E4605F1740100F0DB
:101BA00033FD044640B1002180E842000C30A060C3
:101BB00005F1680200F0DCFC204670BD836910B5B9
:101BC000044633BB8364C3640365124B124A1B682B
:101BD0008262984204BF0123836100F01FF86060B5
:101BE000204600F01BF8A060204600F017F8042102
:101BF000E06000226068FFF7A7FFA06809210122CA
:101C0000FFF7A2FFE06812210222FFF79DFF0123E8
:101C1000A36110BD5C060308151B0208F8B51B4B39
:101C20001E68B369074613B93046FFF7C7FF483649
:101C3000B4687368013B04D4B4F90C5075B16834CE
:101C4000F8E733682BB938460421FFF7A1FF30606D
:101C500008B13668ECE70C233B60F8BD4FF6FF7324
:101C6000E3810123A38165662560A5606560256128
:101C70006561A56104F15C002946082200F078FC4A
:101C80006563A563A564E5642046F8BD5C060308AA
:101C900070477047F7B50F46114601AA054604F094
:101CA00053FB064608B9002029E02846FFF7B6FF97
:101CB00004460028F7D028463946019A4FF4DB73D2
:101CC00000F0F6FC002806DA0025FFF7E1FFA58109
:101CD000FFF7DFFFE7E70B4B63620B4BA3620B4B96
:101CE000E3620B4B2363F305E081A681246205D5F3
:101CF000284621460022022300F0B6F9204603B010
:101D0000F0BD00BF052C02082B2C0208632C020832
:101D1000872C02080A460349034608681946FFF75C
:101D2000B9BF00BF3802002070B50E461446054604
:101D300018B183690BB9FFF741FF0A4B9C4208BFFA
:101D40006C6808D0084B9C4208BFAC6803D0074BB6
:101D50009C4208BFEC68284631462246BDE87040E8
:101D600000F0D0BCF805030818060308380603087D
:101D70000A460349034608681946FFF7D5BF00BF66
:101D80003802002070B50E461446054618B1836926
:101D90000BB9FFF713FF224B9C4201D16C6808E09E
:101DA000204B9C4201D1AC6803E01F4B9C4208BF12
:101DB000EC68A3891A0701D523699BB928462146F7
:101DC00003F0FEFB70B14FF0FF3070BDA368013B24
:101DD000002BA3600BDB236816F8012C1A70236814
:101DE0000133236016F8010B0028EFD117E0A26938
:101DF000934209DB236816F8012C1A7023681978BE
:101E00000A29EDD1284602E016F8011C2846224690
:101E100003F070FBB0F1FF3358425841D2E770BD78
:101E2000F805030818060308380603080A4603499C
:101E3000034608681946FFF7A5BF00BF3802002017
:101E40002DE9F84F92465A430646884699460A9C21
:101E500093463DD018B183690BB9FFF7AFFE1E4B17
:101E60009C4201D1746808E01C4B9C4201D1B468CB
:101E700003E01B4B9C4208BFF4686368002B01DA47
:101E8000002363605D4667682168BD42404613D900
:101E90003A4600F049FB23683B4423603046214624
:101EA000B844ED1B00F0DCFC0028ECD0C5EB0B0BBC
:101EB000BBFBFAF0BDE8F88F2A4600F035FB6368FB
:101EC0005B1B636023681D4425604846BDE8F88FAE
:101ED0001046BDE8F88F00BFF80503081806030890
:101EE0003806030873B50093054B06460D461446A5
:101EF000186831462A462346FFF7A2FF02B070BD9C
:101F0000380200202DE9F7430E4617461C460546C9
:101F100018B183690BB9FFF751FE454B9C4201D1C3
:101F20006C6808E0434B9C4201D1AC6803E0424B33
:101F30009C4208BFEC682846394601AA04F004FA1E
:101F4000804628B928462146FFF7F0FB40466CE062
:101F5000A38913B92023A3810CE01A0703D52846CF
:101F60002146FFF7E5FC236B23B17EB12846216AA9
:101F7000984700E056B128463146019A4FF4DB738A
:101F800000F096FBD5F80090074608E0236B13B1EC
:101F90002846216A98474FF009094FF0FF37A38977
:101FA0001B0603D52846216900F0EAFA616B00237D
:101FB000A3606360236023616361A3611E4639B13E
:101FC00004F14403994202D0284600F0D9FA66632E
:101FD000A16C0026A66319B1284600F0D1FAA664C8
:101FE000A389002623F40053E664A381666604F106
:101FF0005C003146082200F0BBFAB74208DAFFF76E
:1020000047FEA681C5F80090FFF743FE30460CE07E
:102010000A4B63620A4BA3620A4BE3620A4BA4F8C1
:102020000C80E78124622363204603B0BDE8F0837F
:10203000F80503081806030838060308052C0208EB
:102040002B2C0208632C0208872C020830B513469B
:10205000044A05460C46106829462246BDE8304031
:10206000FFF750BF3802002000F00EB830B513461D
:10207000044A05460C46106829462246BDE8304011
:1020800000F002B8380200202DE9F8430C469146D2
:102090001E46054618B183690BB9FFF78FFD3E4B0D
:1020A0009C4201D16C6808E03C4B9C4201D1AC6879
:1020B00003E03B4B9C4208BFEC68A38903F48473A4
:1020C000B3F5847F03D128462146FFF731FCD4F8CD
:1020D0002C801D23B8F1000F2BD0012E04D0022E2E
:1020E0002BD056B3162324E028462146FFF720FCC8
:1020F000A28902F4805292B20AB1606D05E0216AB1
:1021000028463346C047411C14D0A3895A0706D538
:102110006368C01A636B4BB1236CC01A06E01B07DF
:1021200004D5236813B122699B1A18448144002600
:1021300003E02B604FF0FF372BE023691BB92846E3
:10214000214600F075F928462146FFF7F1FB0746C6
:102150000028EFD12846216A4A463346C04701305D
:10216000E8D0616B41B104F14403994202D02846A2
:1021700000F006FA0023636323692360A38900212A
:1021800023F402636160A38104F15C00082200F083
:10219000EFF93846BDE8F883F80503081806030888
:1021A0003806030808B512680023FFF75DFF00300A
:1021B00018BF012008BD00000A460349034608680D
:1021C0001946FFF7EFBF00BF3802002000F008B843
:1021D000024B0146186800F003B800BF3802002027
:1021E00070B50C46054618B183690BB9FFF7E6FCDC
:1021F0001D4B9C4201D16C6808E01C4B9C4201D1F4
:10220000AC6803E01A4B9C4208BFEC68E36A23B950
:102210001D232B604FF0FF3070BDA389180703D535
:1022200028462146FFF784FBA28902F4805292B22D
:102230000AB1606D06E0216AE66A28460123B047CC
:10224000411C10D0A3895A0706D56368C01A636B76
:102250004BB1236CC01A70BD1B0704D5236813B1A2
:1022600022699B1A184470BDF80503081806030874
:10227000380603082DE9F041884600F1480400269D
:102280008CB1A5686768013F0BD4AB89012B06D9D7
:10229000B5F90E30013302D02846C04706436835F1
:1022A000F1E72468ECE73046BDE8F0812DE9F8431A
:1022B0008046894600F14804002694B1A568676805
:1022C000013F0CD4AB89012B07D9B5F90E3001338E
:1022D00003D040462946C84706436835F0E72468DE
:1022E000EBE73046BDE8F8832DE9F047089C8A46C5
:1022F000904602FB03F9054618B183690BB9FFF755
:102300005DFC224B9C4201D16C6808E0204B9C4252
:1023100001D1AC6803E01F4B9C4208BFEC68A38965
:102320001A0703D523690BB100261BE02846214676
:1023300003F046F90028F7D0002623E0A768013F04
:10234000A760002F1AF8061016DAA3699F420CDA6C
:102350002846224603F0CEF8B0F1FF3358425841E8
:1023600080B901364E45E9D10CE023681970236825
:1023700019780A2903D1EBE7236819702368013320
:102380002360EEE7B6FBF8F0BDE8F087F805030838
:10239000180603083806030873B50093054B064674
:1023A0000D461446186831462A462346FFF79CFF1F
:1023B00002B070BD3802002070B50E4B0E4DED1A04
:1023C000AD1000241E46AC4204D056F8242090479D
:1023D0000134F8E705F016F8084D094BED1AAD1079
:1023E00000241E46AC4204D056F824209047013405
:1023F000F8E770BD780200207802002088020020F3
:1024000078020020034B1B681844407800F003005A
:10241000704700BF3C020020044B1B681844407802
:1024200000F00300831E5842584170473C020020D0
:10243000F0B58B899E0791B005460C4626D4B1F9BC
:102440000E10002909DAA38913F0800F4FF000075E
:1024500014BF40264FF480660DE001AA03F0ACFFE4
:102460000028F0DB029F07F47047B7F500514F4298
:102470004F414FF480662846314600F0C5F860B9F8
:10248000A3899A051DD443F00203A38104F14703F5
:10249000236023610123636113E00B4BAB62A389CB
:1024A000206043F08003A381206166614FB128461C
:1024B000B4F90E1004F0AEFA18B1A38943F0010389
:1024C000A38111B0F0BD00BF151B0208024B0146ED
:1024D000186800F099B800BF38020020024B01468E
:1024E000186800F04DB800BF3802002010B5C9B21E
:1024F00002449042034606D01C788C4200F1010051
:10250000F7D1184610BD002010BD30B5002393420E
:1025100008D0C55C0133CC1814F8014CA542F6D0A4
:10252000281B30BD002030BD10B50023934203D0DE
:10253000CC5CC4540133F9E710BD814270B501D3BE
:1025400000230EE08C18A042FAD28518134613F12E
:10255000FF3305D3514266182944F65CCE54F6E7A2
:1025600070BD934203D0CC5CC4540133F9E770BD15
:1025700002440346934202D003F8011BFAE7704776
:1025800030B500293CD051F8042C0B1F1D49002AFE
:10259000B8BF9B180A680C4612B95A600B6030BD70
:1025A00093420DD219685818904203D15A581144D9
:1025B000426819605A60236030BD994203D80A46C8
:1025C00051680029F9D1146815199D420AD11B6878
:1025D0002344D0188842136012D108680344136062
:1025E0004B680CE002D90C23036030BD18681C183E
:1025F0008C4203D10C6849682044186059605360CC
:1026000030BD00BFA805002070B5CD1C25F0030526
:1026100008350C2D38BF0C25002D06463FDB8D42BA
:102620003DD3214B1C6818462146A1B10B685B1BAA
:102630000ED40B2B03D90B60CC18CD501FE08C426D
:1026400002D1626802601AE04B6863600C4616E0D3
:102650000C464968E9E7154C23681BB9304600F081
:10266000B1F920602946304600F0ACF9431C014620
:1026700015D0C41C24F0030484420AD1256004F15F
:102680000B00231D20F00700C31A0BD05A42E25062
:1026900070BD3046611A00F095F90130EED10C237F
:1026A0003360002070BD00BFA8050020A4050020F5
:1026B00038B5074C054600202060084611461A46EA
:1026C000FBF7B6FC431C02D1236803B12B6038BD75
:1026D000200700200FB40A4B13B51C6824B1A3696E
:1026E00013B92046FFF76AFA05AB2046A168049AA1
:1026F000019301F043FE02B0BDE8104004B0704702
:102700003802002070B50E461446054618B183699C
:102710000BB9FFF753FA164B9C4201D16C6808E0E5
:10272000144B9C4201D1AC6803E0134B9C4208BFA0
:10273000EC68A368013B002BA36011DAA269934205
:1027400007DB23681E70236819780A290BD12846F5
:1027500001E0284631462246BDE8704002F0CABE7C
:1027600023681E7023685A1C2260187870BD00BF51
:10277000F8050308180603083806030870B50E4666
:10278000054618B183690BB9FFF718FAAC68A3893D
:10279000190701D5236983B92846214602F010FFA5
:1027A00058B14FF0FF3070BD002B0EDB236816F8D8
:1027B000012C1A70236801332360A36816F8012BDB
:1027C000013BA360002AEFD117E0A269934209DB25
:1027D000236816F8012C1A70236819780A29EAD19F
:1027E000284602E016F8011C2846224602F082FE26
:1027F000B0F1FF3250425041D2E7002B16DAA26905
:10280000934208DB23680A221A70236819789142E0
:1028100010D1284601E028460A21224602F06AFE2D
:10282000B0F1FF335842584130B1BAE723680A2269
:102830001A702368013323600A2070BD024B0146E1
:102840001868FFF79BBF00BF38020020838903F0A0
:102850000903092B01D1FFF795B80020704700004C
:10286000F8B50C46054618B183690BB9FFF7A6F910
:10287000394B9C4201D16C6808E0384B9C4201D135
:10288000AC6803E0364B9C4208BFEC68A289002389
:10289000636093B29E065AD458071AD4D90605D459
:1028A000092342F040022B60A28150E01A070BD5A9
:1028B00028462146FFF73CF8002848D1A389A060AC
:1028C00023F00803A381A061A38943F00403A3813B
:1028D00010E0616B71B104F14403994202D02846C3
:1028E000FFF74EFE236C63600020606313B1E36B5F
:1028F0002360F8BD23691BB928462146FFF798FDE0
:10290000A789BEB2B3070FD00123A381154B164987
:10291000186806F00906FFF7ADFC092EA78103D160
:1029200028462146FEF780FF22692260666A216AF6
:1029300063692846B047002860600BDCA38917BF95
:10294000002243F0200343F040036260A3814FF074
:10295000FF30F8BD0020F8BDF8050308180603088D
:10296000380603085C0603084D28020838B50C46F3
:10297000054618B183690BB9FFF720F90E4B9C424D
:1029800001D16C6808E00D4B9C4201D1AC6803E0BA
:102990000B4B9C4208BFEC6828462146FFF760FFBE
:1029A00038B96368013B636023685A1C2260187859
:1029B00038BD4FF0FF3038BDF8050308180603088E
:1029C0003806030838B5064C002305460846236040
:1029D000F9F77CFA431C02D1236803B12B6038BDA0
:1029E0002007002000290CBF022200224FF4806340
:1029F00000F000B82DE9F0411E463D4B1D6804462D
:102A00000F46904625B1AB6913B92846FFF7D6F8B3
:102A1000384B9C4201D16C6808E0374B9C4201D195
:102A2000AC6803E0354B9C4208BFEC68B8F1020F7C
:102A300059D8002E57DB28462146FEF779FF0023A0
:102A40006360A361A3891B0603D528462169FFF7AC
:102A500097FDA389B8F1020F23F08303A38112D05D
:102A600037BB002E08BF4FF480663046F9F748FAAE
:102A70000746C8B94FF48060F9F742FA074688B9AB
:102A80004FF0FF3000E00020A38943F00203A38150
:102A90000023A36004F147032360236101236361E2
:102AA000BDE8F0814FF48066A38943F08003A381E1
:102AB000B8F1010F05D1A38943F00103A38173424B
:102AC000A3610F4BAB62A389276003F0080080B2BB
:102AD0002761666148B113F0030F18BF0026A66096
:102AE0000020BDE8F0814FF0FF30BDE8F08100BF6D
:102AF00038020020F8050308180603083806030802
:102B0000151B02080CB430B5164B0C1E9DB01D6889
:102B100004DA8B232B604FF0FF301EE04FF402737A
:102B2000ADF8143014BF04F1FF3323460493079328
:102B30004FF6FF7302900690ADF81630284621AB91
:102B400002A9209A019301F007F9431CBCBF8B2313
:102B50002B6014B1029B00221A701DB0BDE83040FA
:102B600002B07047380200200EB400B59CB04FF49C
:102B70000271ADF814106FF00041049107914FF607
:102B8000FF711DABADF81610084953F8042B0290E5
:102B900006900868019302A901F0DEF8029B00226A
:102BA0001A701CB05DF804EB03B0704738020020C7
:102BB0000EB430B59CB01FAC4FF4017254F8045BF6
:102BC000ADF814200290069000F093F80B4B0B9395
:102BD00000230F9314934FF6FF73ADF81630084B94
:102BE0000390079002A9186801942A46234601F031
:102BF000FBF91CB0BDE8304003B07047272C020839
:102C00003802002010B50C46B1F90E1004F05AFB42
:102C1000002803DB636D0344636510BDA38923F4BF
:102C20008053A38110BD002070472DE9F0411D465F
:102C30008B89DB0507460C46164605D5B1F90E1003
:102C40000022022303F0FAFEA389B4F90E1023F444
:102C50008053A381384632462B46BDE8F04102F04E
:102C60009DBC10B50C46B1F90E1003F0E7FE431CF5
:102C7000A38903D123F48053A38110BD43F480536F
:102C8000A381606510BDB1F90E1002F007BDC9B295
:102C9000024610F8013B1BB18B42F9D11046704738
:102CA0000029FBD01846704710F8012B11F8013BA2
:102CB000012A28BF9A42F7D0D01A7047024B01462A
:102CC000186800F003B800BF3802002070B506464F
:102CD00008460D4600F00DF8441C21463046FFF72B
:102CE00093FC064618B129462246FFF71DFC3046E4
:102CF00070BD034613F8012B002AFBD1181A0138C6
:102D0000704700000F4BF0B51E680023934216D0A9
:102D1000C55C7419647804F00304012CCC5C06EBE8
:102D2000040708BF20357F7807F00307012F08BF8D
:102D300020342D1B04D10133002CE7D100E0002505
:102D40002846F0BD3C02002070B592B10B46054606
:102D50001C7810F8016BB44201F1010101D1012A84
:102D600003D128781B78C01A70BD013A002CEDD130
:102D7000F7E7104670BD10B5034632B111F8014BAC
:102D800003F8014B013A002CF7D11A44934203D0C7
:102D9000002103F8011BF9E710BD30B5026811F8F6
:102DA000015B541C55B153782246A3F14104192C00
:102DB00098BF2033AB42F2D0002030BD0460012028
:102DC00030BD70B504460D4645EC104B164604F078
:102DD00019F951EC100B6EB1C5F30A53C3F16B0333
:102DE000002B07DD1C0504F17F5303F5401300227F
:102DF000FCF7B2FF70BD00002DE9F04F9FB000233B
:102E00008046894615921A934FF0000A4FF0000B46
:102E10001991199A13780D2B05D8092B14D2002B70
:102E200000F0B98113E02B2B07D02D2B02D0202BE3
:102E30000DD109E00126099601E000270997531CEE
:102E4000199353782BB9A6E101321992E1E70026D4
:102E50000996199C2378302B5DD16378582B01D0CB
:102E6000782B4CD11AAB099F00930197404619A9C2
:102E7000A04A1BAB03F0FCFA10F00706054600F071
:102E8000B785062E05D1013400261994099600F065
:102E9000AFBD1A9A3AB11CA8352104F0A2F94046F8
:102EA0001A9903F012FE1B9A062E21D8DFE806F0CD
:102EB000040D08171C0D04004FF0000BDA4617E054
:102EC000DDF870A0DDF874B012E01D9BDDF870A095
:102ED00002F2334223F4801343EA025B08E0DFF896
:102EE00018B24FF0000A03E06FF0004B4FF0FF3ACA
:102EF0002B0740F17D854BF0004B00F079BD199B0D
:102F00005A1C19925B78302BF9D0002B00F0708599
:102F10000123059301E0002605960025199F0797D8
:102F200004950395199E3478A4F13003DAB2092A86
:102F300014D8039F082FD8BF049F4FF00A02DCBFAC
:102F400002FB07370497039F06F1010607F101070B
:102F5000C8BF02FB053503971996E3E7404603F027
:102F600069FD0768404603F065FD0068FFF7C1FE94
:102F7000394602463046FFF7E7FE064628B10023F1
:102F800022461946039C0A935FE04046199C03F0D1
:102F900051FD0068FFF7ADFE039F23181993225CD3
:102FA000002F44D13B46302A05D1199A511C199162
:102FB00001335278F7E7A2F13101082941D8199E6F
:102FC0000796194600231C46303A03F1010028D029
:102FD0000144661C371B87420FDA771E082F06DC78
:102FE000049F4FF00A0C0CFB07F7049703E0102E28
:102FF000DCBF0A277D430136ECE7002BACBFE318AA
:10300000231C082B03F1010405DC049E0A2303FBA7
:103010000626049604E0102CDCBF0A2303FB0525DA
:103020000020199B5A1C19925A78034602E0039C0F
:1030300033463146A2F130000928C5D901270A9745
:1030400003E00024012021460A9022F02006452EAC
:1030500056D124B91BB9059E002E00F09C80DDF8E6
:10306000649009F10102199299F801202B2A04D0E9
:103070002D2A05D000200F9009E000270F9701E0CE
:1030800001220F9209F10202199299F80220A2F18D
:103090003007092F32D8302A04D1199A571C1997B2
:1030A0005278F8E7A2F13107082F29D8199E069621
:1030B000A2F13007199A501C199052780E90A2F183
:1030C0003006092E05D84FF00A0C0CFB0727303FBD
:1030D000F0E7069EC6EB000CBCF1080F44F61F6C2F
:1030E00002DC6745B8BFBC460F9F5FB1CCF1000C56
:1030F00008E000BF600603080000F07FCDF8649090
:103100004FF0000C002C4CD1002B40F07184059B3B
:10311000002B40F06D840A9E002E3CD14E2A1BD01D
:1031200002DC492A05D036E0692A02D06E2A13D083
:1031300031E019A8AA49FFF730FE60B3199BA949ED
:10314000013B19A81993FFF728FE10B9199B013309
:103150001993DFF8ACB21AE019A8A349FFF71DFED6
:10316000C8B1199B1B78282B0FD119A89F491CAAFD
:1031700003F0C0FB052808D11D9BDDF870A043F0CB
:10318000FF4B4BF4E00B00F033BCDFF878B24FF0AC
:10319000000A00F02DBC0027CDF86490099700F0DC
:1031A00027BC039E0498C1EB0C01002E08BF2646E5
:1031B00006910396FCF75AFD102CB4BFA1464FF0C0
:1031C0001009B9F1090F82468B4613DD884B03EBDA
:1031D000C90353E91223FCF7BFFD064628460F46F4
:1031E000FCF744FD02460B4630463946FCF702FC2C
:1031F00082468B460F2C37DC069E002E00F0F883AB
:1032000023DD162E07DC7A4901EBC601D1E9000166
:1032100052465B4614E0069FC4F125039F4223DC1F
:10322000734DC4F10F0405EBC4033C1BD3E900014B
:1032300052465B4605EBC405FCF78EFDD5E900233D
:10324000FCF78AFD82468B46D2E3DDF818C01CF1FC
:10325000160F09DB664FA7EBCC0750465946D7E956
:103260000023FCF7A3FEEDE7069EC9EB0409B14479
:10327000B9F1000F61DD19F00F030AD05C4A02EBCF
:10328000C303D3E9000152465B46FCF765FD824665
:103290008B4639F00F0900F0C880B9F59A7F13DD2D
:1032A0004FF00009CDF80C90CDF81C90CDF810909F
:1032B000079FDFF84CB12223C8F800304FF0000A16
:1032C000002F40F0818393E34FEA29195046594675
:1032D0000025B9F1010F0DDD19F0010F06D0454BA6
:1032E00003EBC503D3E90023FCF736FD01354FEAB4
:1032F0006909EEE73F4B8246A1F1547B03EBC5051C
:1033000052465B46D5E90001FCF726FD21F000435B
:103310008B461B0D38491B058B428246C0D8A1F550
:1033200080118B4206D90026DFF8DCB005964FF0FD
:10333000FF3A7CE00BF1547B77E076D0C9F10009CD
:1033400019F00F030AD02A4A02EBC303504659462C
:10335000D3E90023FCF72AFE82468B465FEA29194F
:1033600063D0B9F11F0F08DD4FF00009CDF80C90C4
:10337000CDF81C90CDF810901CE119F0100F14BF7F
:103380006A2600261D4D059650465946B9F1000F94
:103390000ADD19F0010F03D0D5E90023FCF7DCFCAE
:1033A0004FEA69090835F1E7059F82468B469FB3CE
:1033B000C1F30A53C3F16B03002B2DDD1F2B25DD59
:1033C000342B4FF0000A02DD4FF05C7B24E0203B01
:1033D0004FF0FF3101FA03F303EA0B0B1CE000BFCF
:1033E000CA06030827080308D2060308A006030834
:1033F00040080308080903080000A07C78060308B9
:103400000000F07F0000F8FFFFFFEF7F4FF0FF327A
:1034100002FA03F303EA000A504659460022002349
:10342000FCF7ACFF00289FD101E000270597049E20
:10343000009640460799039A234603F097FB0790AE
:1034400000283FF42DAF069F7B42002FA8BF00232A
:103450004FF000090E93CDF80C90079E404671681E
:1034600003F0FEFA049000283FF422AF32690232E2
:1034700006F10C0192000C30FFF756F840464BEC79
:1034800010AB1BA91CAACDE90AAB03F033FE1A90BE
:1034900000283FF40DAF4046012103F0F6FB0390F6
:1034A00000283FF405AF1B9BDDF818C0002B2CEA69
:1034B000EC77C0F28B800E9C3A461C44059E1C9D06
:1034C0009B1B59196FF47F739942C5F1360580F241
:1034D00087805B1A1F2BC3EB05054FF0010078DCDA
:1034E0009840002314900F930598661915440544DD
:1034F000A642B4BF32462246AA42A8BF2A46002AA4
:1035000002DDB61AAD1AA41A0E9900296FD1002E49
:1035100000F38780002F40F08E80002D00F395800F
:10352000002C00F39C8040461A99049A03F00CFD8D
:10353000814600283FF4BCAE0023C6680399C360EF
:10354000089603F0E4FC002880F29880002E40F0FA
:103550002882BAF1000F40F02482CBF31303002B32
:1035600040F01F822BF000431B0D1B05B3F1D66FFB
:1035700040F21782D9F81430002B7AD04946012244
:10358000404603F071FC0399814603F0C0FC00281B
:1035900040F307822BF00043059F1B0D1B05002FF6
:1035A00000F09C80B3F1D66F00F29880B3F15C7F9D
:1035B00000F2F981079E22234FF0000A4FF0000B22
:1035C000C8F80030002E40F0FF8111E2FA1A0E9C7C
:1035D00074E7A44E1490761A00FA06F60F9683E765
:1035E00000264FF0010C0F96CDF850C07CE7404606
:1035F00003990E9A03F0EAFB039000283FF458AEBB
:103600001A9A0399404603F049FB024600283FF40A
:103610004FAE40461A99029203F057FA029A1A9254
:1036200075E740461A99324603F01EFC1A900028AE
:103630007FF470AF3CE6404604993A4603F0C6FB7F
:10364000049000287FF469AF32E6404604992A4688
:1036500003F00AFC049000287FF462AF28E640469D
:103660000399224603F000FC039000287FF45BAF2F
:103670001EE6D9F81030012B80DC92E163D1089F5F
:10368000CBF313032FB378498B425A462FD1059EB3
:1036900051466EB1754B0BEA0303B3F1D46F07D8F3
:1036A0001B0DC3F16B034FF0FF3000FA03F301E091
:1036B0004FF0FF3399421AD16D4B9A4202D101313A
:1036C0003FF4F6AD694B134003F5801B4FF0000A41
:1036D00067E163B9BAF1000F09D15BE7A3F5801385
:1036E0006FEA135B6FEA0B5B4FF0FF3A59E10F9BF8
:1036F00013B113EA0B0F02E0149E16EA0A0F00F052
:103700005081089F059A5046594657B1FFF759FB1B
:1037100002460B46DDE90A01FCF76CF982468B464E
:103720003FE1FFF74EFB02460B46DDE90A01FCF7DD
:103730005FF90022002382468B46FCF71FFE00281B
:103740007FF438AF2DE14846039903F023FD55EC93
:10375000104B10EE100A294600224FF08043FCF770
:1037600021FE002832D0089E26B1424F0026344662
:103770003D463EE0BAF1000F03D1CBF313033BB952
:103780000BE0BAF1010F03D1BBF1000F3FF412AF10
:103790000026394F374D00242BE0204629460022D1
:1037A000344BFCF7F5FD40B9204629460022334B47
:1037B000FCF7D2FA04460D4601E0304D002405F135
:1037C000004716941797DDE9166712E02046294650
:1037D00000222A4BFCF7C0FA089E04460D4626B983
:1037E00001F100471090119701E0CDE91045DDE9A6
:1037F00010672BF0004C4FEA1C5C214B4FEA0C5C2D
:103800009C4544D19DED0A7BABF1547B4BEC10AB56
:10381000CDF808C08DED0C7B03F0F4FB304653EC83
:10382000102B3946FCF798FA02460B46504659468B
:10383000FCF7E0F821F000431B0D124ADDF808C048
:103840001B05934282461FD9094B0D98984203D11C
:103850000C9901313FF42CADDFF814B04FF0FF3A72
:103860008EE000BFE3FBFFFFFFFF0F000000F07FD3
:10387000FFFFEF7F0000F03F0000F0BF0000E03FDF
:103880000000E07FFFFF9F7C01F1547B42E0059A3E
:1038900052B3BCF1D46F27D8204629465FA3D3E9A1
:1038A0000023CDF808C0FCF77DFDDDF808C0B8B1F5
:1038B00029462046FCF762FC002808BF0120FCF7DF
:1038C000D5F9089EDDF808C004460D4626B901F179
:1038D00000471290139701E0CDE91245DDE9126728
:1038E00007F1D663CCEB03079DED0A0BCDF808C0BA
:1038F00003F088FB304653EC102B3946FCF72CFACA
:1039000002460B46DDE90A01FCF774F8DDF808C051
:1039100082468B46059F002F32D12BF000431B0DB2
:103920001B059C452CD12946204603F043FDFCF79E
:10393000ADF902460B4620462946FCF759F8089F88
:1039400004460D462FB9BAF1000F02D1CBF313068E
:1039500086B12046294633A3D3E90023FCF718FD9E
:10396000002831D12046294630A3D3E90023FCF7B3
:103970002DFD04E02FA3D3E90023FCF709FD18BBBC
:1039800040461A9903F0A1F84046049903F09DF8C7
:103990004046039903F099F84046494603F095F8EC
:1039A0005BE5059E86B100201B4F0C900D9750469D
:1039B0005946DDE90C23FCF7CFF982468B4619B94D
:1039C00010B92223C8F8003040461A9903F07DF858
:1039D0004046049903F079F84046039903F075F8DE
:1039E0004046079903F071F84046494603F06DF8E8
:1039F000159E0EB1199B3360099F1FB152460BF102
:103A0000004301E052465B4643EC102B1FB0BDE87B
:103A1000F08F00BFAFF30080000050390000C0FFFE
:103A2000FFFFDF419535A094FFFFDF3F35E5AF3560
:103A30000000E03F9535A094FFFFCF3FAFF300803B
:103A40000A460B4938B5034608681946FFF7D4F90A
:103A500055EC104B03F048FC18B9BDE8384003F0B2
:103A600099BC20462946FCF7A9FB00EE100A38BD98
:103A70003802002084463F482DE9F04FD0F80080FE
:103A80000E46344614F8015B08EB0500407800F060
:103A9000080000F0FF0708B12646F2E72D2D03D1FC
:103AA000B41C7578012703E02B2D04BF7578B41C76
:103AB00033F010000DD1302D08D1207800F0DF0058
:103AC000582851D165781023023402E0002B08BF3A
:103AD0000A23002F0CBF6FF0004A4FF0004ABAFBD8
:103AE000F3F9002603FB19AA304608EB050B9BF8F7
:103AF00001B01BF0040F01D0303D0BE01BF0030BB5
:103B00001BD0BBF1010F14BF4FF0570B4FF0370B19
:103B1000CBEB05059D4210DAB6F1FF3F0AD04845D0
:103B200006D801D1554503DC03FB0050012601E016
:103B30004FF0FF3614F8015BD7E7731C0CD1002F50
:103B40004FF022030CBF6FF000404FF00040CCF864
:103B500000302AB9BDE8F08F07B1404242B106B14A
:103B6000611E1160BDE8F08F002B08BF0823B0E78D
:103B7000BDE8F08F3C02002030B51346044A0546EC
:103B80000C46106829462246BDE83040FFF772BF58
:103B90003802002084463A482DE9F04FD0F80080E2
:103BA0000E46344614F8015B08EB0500407800F03F
:103BB000080000F0FF0708B12646F2E72D2D03D1DB
:103BC000B41C7578012703E02B2D04BF7578B41C55
:103BD00033F010000DD1302D08D1207800F0DF0037
:103BE000582847D165781023023402E0002B08BF23
:103BF0000A234FF0FF39B9FBF3F903FB09FA00265A
:103C00006FEA0A0A304608EB050B9BF801B01BF07F
:103C1000040F01D0303D0BE01BF0030B1AD0BBF1B9
:103C2000010F14BF4FF0570B4FF0370BCBEB0505CF
:103C30009D420FDA002E08DB484506D801D15545D4
:103C400003DC03FB0050012601E04FF0FF3614F8BF
:103C5000015BD8E7002E05DA2223CCF800304FF0C4
:103C6000FF3001E007B1404242B106B1611E116070
:103C7000BDE8F08F002B08BF0823BAE7BDE8F08F3E
:103C80003C02002030B51346044A05460C46106835
:103C900029462246BDE83040FFF77CBF38020020AD
:103CA0002DE9F0478D68AB4281460C4692461F468F
:103CB00043D38B8913F4906F3DD026680969C1EB1B
:103CC00006086669022206EB460696FBF2F608F144
:103CD00001023A44964238BF16465B050FD531467D
:103CE000FEF792FC054698B121694246FEF71CFC9E
:103CF000A38923F4906343F08003A38113E0324649
:103D000003F0BAFA054670B948462169FEF738FC57
:103D10000C23C9F80030A38943F04003A3814FF07E
:103D2000FF30BDE8F087256166614544C8EB0606B3
:103D30002560A6603D46AF4200D23D462A46206837
:103D40005146FEF7FAFBA3685B1BA36023681D4482
:103D500025600020BDE8F0872DE9F0439DB00746BF
:103D600003938B891C060D4616460CD50B6953B977
:103D70004021FEF749FC2860286110B90C233B6004
:103D8000C8E040236B610023099320238DF829307C
:103D900030238DF82A3033461C4613F8012B1AB90C
:103DA000B4EB06090FD002E0252AF5D1F8E7384632
:103DB000294632464B46FFF773FF013000F0A580DD
:103DC000099B4B4409932378002B00F09E8000232D
:103DD0004FF0FF3204930793059206938DF853300A
:103DE0001A9304F101094C464D4E217830460522C4
:103DF000FEF77CFB09F10109049B28B1861B012019
:103E0000B04003430493EEE7D90644BF20228DF867
:103E100053201A0744BF2B228DF8532022782A2AD8
:103E200002D0079B21460EE0039A111D12680391F0
:103E3000002A01DB079204E0524243F0020307929A
:103E4000049301340AE00C4601312278303A092A01
:103E500003D80A2000FB0323F5E7079323782E2BD2
:103E60001AD163782A2B0AD1039B1A1D1B6803926F
:103E7000002B04F10204B8BF4FF0FF330BE0611CCC
:103E800000230C4601312278303A092A03D80A204F
:103E900000FB0323F5E70593224E217830460322E9
:103EA000FEF724FB30B1861B049B4020B040034347
:103EB0000493013421781C488DF828100622661CD2
:103EC000FEF714FB88B1194B33B9039B073323F07A
:103ED00007030833039314E003AB0093384604A9A7
:103EE0002A46134B00F0F0FB07E003AB0093384683
:103EF00004A92A460E4B00F069FEB0F1FF3F804650
:103F000003D0099B4344099345E7AB895B0601D481
:103F1000099801E04FF0FF301DB0BDE8F08300BF0D
:103F2000B4060308BA060308BE060308C946020819
:103F3000A13C020838B54B1C144602D14FF0FF30AB
:103F400038BD938923F020039381536B5268CDB21F
:103F500083B1A36B9A4207DA23685A1E226003F8E2
:103F6000015C636801331FE0214600F0A3F90028DB
:103F7000F2D0E3E72169236851B18B4208D913F8E5
:103F8000010CA84204D1013B01322360626038BDBC
:103F9000E36304F1440363630323A36323462264BE
:103FA00003F8465F236001236360284638BD10B5DF
:103FB0000C46496B69B104F14403994201D0FEF704
:103FC000DFFA236C63600020606313B1E36B23604E
:103FD00010BD2369236000236360A38943F020039D
:103FE000A3814FF0FF3010BD2DE9F047ADF5247DE2
:103FF0000DF10C0901930023469347939C4BA29328
:104000009C4BCDF8209107460C469046A39398F818
:104010000050002D00F0248197490B682B448A46FC
:104020005A7802F0080202F0FF03EAB16368002B3D
:1040300010DD2368DAF8002019780A445278150751
:104040000ED5479A0132479262680133013A6260A5
:104050002360EBE7A39B3846214698470028E8D029
:1040600008F10106B046D2E7252D08F101064FD12F
:104070004593439398F801302A2B03D1102343939F
:1040800008F102063178A1F13003092B354606F11B
:10409000010606D8459B0A2202FB0313303B4593D9
:1040A000F0E7DFF8DC8103224046FEF71FFA40B15B
:1040B000C8EB0008439B012000FA08F00343439338
:1040C00035466E1C2D78672D0FD8652D78D25B2D67
:1040D00054D005D8002D00F0C580252D18D071E0F2
:1040E000632D57D0642D3FD06CE0702D32D007D8AF
:1040F0006E2D55D03AD8692D64D10023449339E010
:10410000752D31D0782D29D0732D5BD102233FE05E
:104110006368002B0DDD23681A78AA4240F0A08066
:10412000013362682360479B013A01336260479321
:1041300098E7A39B3846214698470028EBD046983D
:10414000002800F08F80A38913F0400F18BF4FF0B4
:10415000FF3089E0439B43F020034393439B43F4A8
:1041600000734393102302E00A2300E008236E2D1E
:10417000449301DC03230BE0042309E03146484665
:1041800003F0D6F8439B43F04003439306460123D4
:1041900049931BE0439B43F0400343930023F7E71D
:1041A000439AD0063FF55EAF12F0010F019A479B8C
:1041B00002F104010191126814BF1380136051E7EA
:1041C0000523E5E7032349930A2344936368002BFF
:1041D00003DD439B590611D518E0A39B38462146C1
:1041E00098470028F5D0AAE7479A013247926268BB
:1041F000013A002A626013DD013323602368DAF894
:10420000002019780A4452781207EDD4499B022BFA
:104210000DDC384643A9224601AB00F0DBFF19E074
:10422000A39B3846214698470028E7D087E7042B10
:1042300006DC384643A9224601AB01F02BF809E021
:104240000E4B002B3FF40EAF384643A9224601AB7C
:1042500000F0D0FD012803D002287FF403AF6EE701
:10426000469801E04FF0FF300DF5247DBDE8F08762
:10427000353F0208AF3F02083C020020F54D02081E
:10428000BA060308044B1B6803445B7803F003037E
:10429000012B08BF203070473C020020044B1B68F4
:1042A00003445B7803F00303022B08BF20387047F8
:1042B0003C0200202DE9F0410C46496B04F1440317
:1042C00099421CD14FF48061FEF79EF918B94FF066
:1042D000FF30BDE8F0814FF48063A36394F846306B
:1042E000606380F8FF3394F8453080F8FE3394F82B
:1042F000443080F8FD3300F2FD30206012E0A66B00
:1043000077003A4602F0B8FF05460028DFD000EB00
:104310000608404629463246FEF706F9C4F80080F2
:104320006563A7630020BDE8F0819368013B002B23
:1043300010B5936005DA9469A34208DBCBB20A2B6F
:1043400005D01368581C10601970C8B210BDBDE8C4
:10435000104001F0CFB8F8B505460E461446D71800
:10436000BC4208D0284614F8011B3246FFF7DDFF97
:10437000431CF5D100E00020F8BD00002DE9F0431A
:104380009DB00D4617460393064618B183690BB9D5
:10439000FDF714FC734B9D4201D1756808E0724B28
:1043A0009D4201D1B56803E0704B9D4208BFF5689E
:1043B000AB8918070AD52B6943B100230993202341
:1043C0008DF8293030238DF82A3038E030462946E0
:1043D00001F0F6F80028F0D04FF0FF30BFE0039A6C
:1043E000111D12680391002A70DB079201342378B3
:1043F0002E2B7DD05E4F217838460322FEF776F8CB
:1044000030B1C71B049B4020B840034304930134E0
:10441000217858488DF828100622671CFEF766F8A8
:10442000002800F08A80544B002B7DD1039B07337A
:1044300023F0070308330393099B434409933B4646
:104440001C4613F8012B1AB9B4EB07090ED002E091
:10445000252AF5D1F8E7304629463A464B46FFF77C
:104460007AFF013076D0099B4B4409932378002BC7
:1044700070D000234FF0FF32049307930592069308
:104480008DF853301A9304F101094C463B4F2178C3
:1044900038460522FEF72AF809F10109049B28B1E4
:1044A000C71B0120B84003430493EEE7D90644BF7D
:1044B00020228DF853201A0744BF2B228DF8532059
:1044C00022782A2A8BD0079B214605E0524243F0EE
:1044D00002030792049389E70C4601312278303AAF
:1044E000092A03D80A2000FB0323F5E707937EE798
:1044F00063782A2B0AD1039B1A1D1B680392002B99
:1045000004F10204B8BF4FF0FF330BE0611C00233D
:104510000C4601312278303A092A03D80A2000FBE0
:104520000323F5E7059365E703AB0093304604A941
:104530002A46134B00F0C8F807E003AB009330465F
:1045400004A92A460E4B00F041FBB0F1FF3F804624
:104550007FF472AFAB895B063FF53EAF09981DB0A3
:10456000BDE8F083F80503081806030838060308B9
:10457000BA060308BE060308C9460208B4060308C3
:104580005743020830B51346044A05460C461068E6
:1045900029462246BDE83040FFF7F0BE3802002031
:1045A0002DE9F04F55EC104B85B0002D8846924612
:1045B000DDF8389004DA05F100473D462D2200E091
:1045C00000221A700F9B23F0200BBBF1460F05D081
:1045D000BBF1450F04D108F1010801E0032100E01F
:1045E000022102AB009303AB019345EC104B424612
:1045F0004B4601F0F1F8BBF1470F064602D11AF025
:10460000010F25D0BBF1460F06EB080710D1337818
:10461000302B0AD12046294600220023FBF7AEFEAC
:1046200018B9C8F10103C9F80030D9F800301F44A7
:104630002046294600220023FBF7A0FE00B1039785
:10464000039BBB4204D25A1C039230221A70F7E734
:10465000039B9A1B109B30461A6005B0BDE8F08F93
:10466000034673B5002903F8022B03DA49421A46C0
:104670002D2401E01A462B24092944701ADD0DF17E
:1046800006040A2691FBF6F506FB15113031092DBB
:10469000234604F801192946F3DC05F1300103F83B
:1046A000011D0DF107018B420AD213F8011B02F81C
:1046B000011BF6E730241A46214402F8024B5970D8
:1046C000101A02B070BD00002DE9F04F8BB00C46FF
:1046D00016461F46DDF85090054602F0ABF9D0F8BB
:1046E00000A05046FEF705FB00230893D9F80030E0
:1046F00094F818800590073323F0070393ED000B1F
:1047000003F10802C9F8002084ED120B02F0ECFD61
:10471000012819D1D4E9120100220023FBF738FE49
:1047200010B12D2384F84330914B924AB8F1470FD2
:104730008CBF9146994603232361236823F0040329
:1047400023604FF0000B87E094ED120B02F0CCFDDC
:10475000226860B9884B894922F00402B8F1470FFA
:104760008CBF89469946032323612260E9E7636889
:10477000591C28F0200B01D1062304E0BBF1470FA0
:1047800002D10BB90123636007AB8DE8080108ABC8
:1047900042F480620293002303936168226094EDE7
:1047A000120B28460DF11B03FFF7FAFEBBF1470F72
:1047B0008146079909D1C81C02DB6368994230DD44
:1047C000A8F102085FFA88F802E0B8F1650F12D884
:1047D0000139424604F150000791FFF741FF089A62
:1047E0008318012A8346236102DC2268D2072DD573
:1047F000013323612AE0B8F1660F14D10029636800
:1048000007DD216113B92268D0071CD501330B44A1
:1048100018E013B92268D20701D5023312E0012350
:1048200010E04FF06708089A914205DB2368216188
:10483000D80708D54B1C05E00029D4BFC1F10203FD
:10484000012313442361A1654FF0000B9DF81B3039
:1048500013B12D2384F8433000972846214609AA36
:10486000334600F041F9013002D14FF0FF3037E11B
:1048700023685A0504D4284631464A46236909E18B
:10488000B8F1650F40F2CC80D4E912010022002378
:10489000FBF774FD00282AD028463146384A012308
:1048A000B8470130E1D0089B079A9A4207DB23689A
:1048B000D80704D423689B0700F1F980FEE028465E
:1048C00031465246059BB8470130CED04FF0000824
:1048D000089B013B9845EDDA2846314604F11A025F
:1048E0000123B8470130C0D008F10108F0E7079B69
:1048F000002B28DC28463146214A0123B8470130E5
:10490000B3D0079B23B9089B13B92368D907D1D526
:10491000284631465246059BB8470130A5D04FF096
:104920000008079B5B4298452846314608DA04F1A7
:104930001A020123B847013097D008F10108F0E7C7
:104940004A46089BA6E0A36D089A9A42B4BF9346D4
:104950009B46BBF1000F02DC4FF000081DE028462B
:1049600031464A465B46B8470130F5D17DE700BF86
:10497000C5060308C9060308CD060308D1060308C7
:104980001E0703082846314604F11A020123B847DE
:1049900001303FF46AAF08F10108A36D2BEAEB7216
:1049A0009A1A9045EEDB09EB0308079A089B9A4296
:1049B0000FDB2368DA070CD4089B079A9944C8EBED
:1049C00009099B1A9945A8BF9946B9F1000F08DC5F
:1049D0000FE0284631465246059BB8470130EBD1DF
:1049E00043E72846314642464B46B84701303FF43C
:1049F0003CAF4FF000080AE02846314604F11A02A5
:104A00000123B84701303FF430AF08F10108079B9C
:104A1000089A29EAE971D31A5B1A9845ECDB49E751
:104A2000089A012A01DCDB0739D5284631464A4677
:104A30000123B84701303FF418AF284631465246AB
:104A4000059BB84701303FF410AFD4E912010022B2
:104A50000023FBF793FC10B14FF0000811E0089B16
:104A60002846314609F10102013B1CE02846314647
:104A700004F11A020123B84701303FF4F6AE08F101
:104A80000108089B013B9845F0DB2846314604F1BC
:104A900050025B46B84701307FF40CAFE5E628468C
:104AA00031464A460123B8470130EED1DDE64FF0EA
:104AB0000008E268099BD31A984505DBE068099B6A
:104AC0009842B8BF18460BE02846314604F1190257
:104AD0000123B84701303FF4C8AE08F10108E8E708
:104AE0000BB0BDE8F08F00BF2DE9F84315461F4617
:104AF0008A680B69DDF820809A42A8BF13462B60B4
:104B000091F8432006460C460AB101332B60236816
:104B1000990602D52B6802332B60236813F006092F
:104B20001DD094F843302268003318BF0123920649
:104B30001FD5E1185A1C302081F84300224494F814
:104B4000451082F84310023313E03046394604F131
:104B500019020123C047013007D009F10109E268B9
:104B60002B68D31A9945F0DBDBE74FF0FF30BDE847
:104B7000F8833046394604F14302C0470130F4D08F
:104B800023682A68E16803F00603042B08BFC2EB20
:104B900001052369A2680CBF25EAE57500259A4244
:104BA000C4BFC3EB0203ED184FF00009A9450ADAB0
:104BB0003046394604F11A020123C0470130D4D0EF
:104BC00009F10109F2E70020BDE8F8832DE9FF476C
:104BD0000E7E0C9D6E2E80460C4691469A4601F143
:104BE000430000F0A58011D8632E22D009D8002EF2
:104BF00000F0AF80582E40F0BF8081F845607B4ABE
:104C00004FE0642E1ED0692E1CD0B5E0732E00F04C
:104C1000A48009D86F2E2BD0702E40F0AD800B6889
:104C200043F020030B6038E0752E21D0782E34D06D
:104C3000A2E02B681A1D1B682A6001F1420781F867
:104C400042309DE022682B6812F0800F03D01A1DBD
:104C50002A601D6805E05106F9D51A1D2A60B3F9CE
:104C60000050002D39DA2D236D4284F8433034E0B2
:104C700022682B6812F0800F03D01A1D2A601D686D
:104C800004E05206F9D51A1D2A601D88237E574A72
:104C90006F2B14BF0A2308231BE07823544A84F89F
:104CA00045302368296813F0800F01F104062E6057
:104CB00001D00D6802E05F06FBD50D88DE0744BF1A
:104CC00043F0200323601DB9236823F020032360F1
:104CD0001023002184F8431001E0444A0A23666847
:104CE000A660002E03DB216821F00401216005B9D4
:104CF0006EB104F14201B5FBF3F603FB16550F4606
:104D0000555D01F801593546002EF4D100E0074603
:104D1000082B0AD12368DD0707D5626823699A4208
:104D200003DC302307F8013C013FC01B20612CE06D
:104D300009682B68626911F0800F04D0191D296081
:104D40001B681A6005E04906F8D5191D29601B6823
:104D50001A8000232361074617E02B681A1D2A607A
:104D60001F683846FDF7C5FF63682061984288BF19
:104D700023612369636005E004F1420784F842601F
:104D800001232361002384F84330CDF800A040467E
:104D9000214603AA4B46FFF7A7FE013002D14FF090
:104DA000FF301FE0404649463A462369D04701306C
:104DB000F5D023689B0705D4E068039B9842B8BFF1
:104DC00018460FE00025E268039BD31A9D42F3DAF0
:104DD0004046494604F119020123D0470130DED094
:104DE0000135F0E704B0BDE8F08700BFD506030841
:104DF000E60603082DE9F04F164687B08A6802934D
:104E0000531EB3F5AE7F07460C4606D96FF4AE735A
:104E10001A4440F25D138B6000E000222368A04634
:104E200043F4F06348F81C3B4FF0000B4546DA466C
:104E3000CDF814B0CDF810B0D946CDF80CB0A168BB
:104E4000002900F0E98033681B78492B75D016D80B
:104E5000392B0DD8312B3ED22D2B45D002D82B2B00
:104E600042D0D9E02E2B00F09780302B23D0D3E016
:104E7000452B00F09A80462B7CD0412B0CE0652B13
:104E800000F093800AD8542B7AD002D84E2B33D01E
:104E9000C2E0592B7AD0612B49D0BDE06E2B2BD0CC
:104EA00004D8662B66D0692B47D0B5E0742B67D049
:104EB000792B6BD0B0E0206810F4807F0BD020F00D
:104EC0008000206009F10109002A00F08C80013186
:104ED000013AA16087E00AEB0B01002940F09C80B9
:104EE000216821F4C07105E02168080640F1948032
:104EF00021F08001216074E0BAF1000F0ED1B9F108
:104F0000000F0ED1216801F4E060B0F5E06F08D128
:104F100021F4F06121604FF0010A62E0BAF1020F62
:104F20005DD0BBF1010F20D0BBF1040F1CE0BAF142
:104F3000010F71D14FF0020A53E0BBF1000F0ED107
:104F4000B9F1000F6BD1216801F4E060B0F5E06FBA
:104F500069D121F4F06121604FF0010B41E0BBF118
:104F6000030F02D0BBF1050F56D10BF1010B5FFA15
:104F70008BFB36E0BBF1020F4ED14FF0030B30E05C
:104F8000BBF1060F48D14FF0070B2AE0BBF1070F2A
:104F900042D14FF0080B24E0216888053CD521F46C
:104FA00020712160CDF80C901BE0216801F4A06015
:104FB000B0F5806F04D048052ED5B9F1000F32D07E
:104FC000880504D403980595C0EB0900049021F4EA
:104FD000F06141F4C07121604FF0000901E04FF031
:104FE000030A2B700135A368013BA36023690133D9
:104FF00023617368013B002B736003DD3368013369
:1050000033601CE70192D4F8803138463146984726
:10501000019A00283FF413AFB9F1000F03D02368C1
:1050200023F4807323600AF1FF3ABAF1010F10D81C
:1050300045452A460BD9D4F87C3112F8011C384674
:10504000324698472369013B013D2361F0E7012681
:10505000B9E00BF1FF33062B2CD8BBF1020F1AD9A4
:10506000ABF1030B5FFA8BFBAA46CBEB050CE245D9
:105070000ED0D4F87C311AF8011DCDF804C03846A2
:10508000324698472369DDF804C0013B2361EEE70F
:10509000CBEB05050EE045452A46D8D9D4F87C313E
:1050A00012F8011C3846324698472369013B013DFE
:1050B0002361F0E72368DA052ED55B050ED545455B
:1050C0002A46C4D9D4F87C3112F8011C384632463D
:1050D00098472369013B013D2361F0E715F8011C66
:1050E0002369652903F1FF3305F1FF3A23610DD0F0
:1050F00045290BD0D4F87C3138463246984723698D
:1051000015F8021C013BA5F1020A2361D4F87C3199
:105110003846324698475546266816F0100651D153
:105120002E70236803F4C063B3F5806F05D1039933
:10513000C1EB09035A4263B915E0049A9AB1059B81
:105140003246591C38460A23FEF794FC0499059D03
:10515000421A04F26F139D4228BF04F5B775284622
:105160001B49FDF701FD384641460022FDF744FE8C
:105170002268029812F0020F59EC108B036802D0DB
:105180001A1D026006E012F0040F03F1040205D0BC
:1051900002990A601B68C3E900890FE00298026067
:1051A0001D6802F0A1F820B902F0F4F885ED000ABC
:1051B00004E040464946FBF701F82860E368013304
:1051C000E36000E00026304607B0BDE8F08F00BF86
:1051D000F70603082DE9F04115468A6880460C461B
:1051E00032B98A69002A14BF4FF0FF3201228A6067
:1051F0002268D10603D41A68111D196017680026A9
:10520000A069E0B92368DA0606F1010603D42B6829
:105210001B783B7001372A686B6801322A60A268EC
:10522000013B013A6B60A26012B3002BE8DCD4F8BA
:1052300080314046294698470028E1D018E00128EF
:1052400007D12A6811786269525C002ADAD1EEB17E
:105250000EE0022801D04EB10AE02A680C4912780B
:1052600009680A4452781307CCD5F4E701280DD019
:10527000236813F0100305D1E2680132E260A269ED
:1052800002B13B7023691E4426610020BDE8F08115
:105290003C0200202DE9F04F984689B0744B0C4633
:1052A00005A902918146164693E80700029B83E810
:1052B0000700A3696F4A7049032B08BF1146A36812
:1052C00003915A1EB2F5AE7F07D96FF4AE7503EBAA
:1052D000050A40F25D13A36001E04FF0000A236865
:1052E00004F11C0743F450632360BB46002332687B
:1052F00005A951F82300117801930222FDF7F6F871
:10530000019B002835D0012B0BD162682AB90822F5
:105310006260226842F400722260226822F4A06275
:105320000BE0022B0AD1226802F4C061B1F5007FC4
:105330001FD11021616042F480722260A268511E68
:10534000A160B2B13268511C316012788BF8002034
:105350007268013A002A0BF10105726008DC0193C2
:10536000D4F88021484631469047019B002840D11F
:10537000AB460133032BBAD163680BB90A236360D0
:1053800063683E496069C91A01F0D2FF5D464FF07B
:10539000000BA368002B2ED0326860691178405C46
:1053A00048B3302921680BD1080509D50BF1010B51
:1053B000BAF1000F0AD001330AF1FF3AA36005E009
:1053C00021F41061216013782B7001357368013B63
:1053D000002B736003DD33680133336005E0D4F8DC
:1053E000803148463146984728B9A368013BA360FD
:1053F000CFE74FF0000B2368D9050DD5BD4209D981
:1054000015F8011CD4F87C3148463246984705F11E
:10541000FF3A5546BD4226D0226812F010021BD139
:105420002A706368039E48463946B0472268D8F818
:10543000003012F0200F07D1D20705D51A1DC8F889
:1054400000201B68188004E01A1DC8F800201B68A3
:105450001860E3680133E3602369ED1BAB445B44F0
:105460002361002000E0012009B0BDE8F08F00BFFB
:10547000FC060308753A0208953B02081807030862
:1054800030B5141E9BB0054604DA8B2303604FF041
:10549000FF301CE04FF4027200910491ADF80C2033
:1054A00014BF04F1FF3121464FF6FF7202910591BE
:1054B000ADF80E2069461A461E9BFEF74DFC431CB4
:1054C000BCBF8B232B6014B1009B00221A701BB051
:1054D00030BD000073B50093054B06460D461446DB
:1054E000186831462A462346FFF7CAFF02B070BD4E
:1054F0003802002070B50E461446054618B183697F
:105500000BB9FCF75BFB224B9C4201D16C6808E0B5
:10551000204B9C4201D1AC6803E01F4B9C4208BF6A
:10552000EC68A369A360A3891A0709D523693BB175
:1055300023692068C01A63699842F6B20FDB08E05D
:105540002846214600F03CF80028F1D04FF0FF300B
:1055500070BD28462146FCF7EBF90028F6D1A36878
:10556000013BA36023685A1C22601E7063690130EE
:10557000984204D0A389DB0707D50A2E05D1284617
:105580002146FCF7D5F90028E0D1304670BD00BFB8
:10559000F8050308180603083806030838B5074C51
:1055A000054600202060084611461A46F8F7D2FD4D
:1055B000431C02D1236803B12B6038BD20070020B3
:1055C000324B70B51D6806460C4625B1AB6913B960
:1055D0002846FCF7F3FA2E4B9C4201D16C6808E098
:1055E0002C4B9C4201D1AC6803E02B4B9C4208BF82
:1055F000EC68A28993B2190720D4DD0605D40923EB
:1056000042F040023360A2813BE0580712D5616B43
:1056100041B104F14403994202D03046FCF7B0FF97
:1056200000236363A38923F02403A3810023636021
:1056300023692360A38943F00803A38123694BB93D
:10564000A38903F42073B3F5007F03D030462146CD
:10565000FCF7EEFEA38913F0010205D00022A26040
:1056600062695242A26103E0990758BF6269A26071
:1056700022694AB903F0800080B230B143F04003A0
:10568000A3814FF0FF3070BD002070BD38020020B4
:10569000F8050308180603083806030838B5064C51
:1056A0000023054608462360F8F73EFD431C02D15F
:1056B000236803B12B6038BD200700202DE9F74F88
:1056C00003690C69A3428046C0F28180013C01F16C
:1056D0001407A20000F114059146009257F82460C7
:1056E0002A44019255F824200136B2FBF6F6B9445B
:1056F000002E3AD04FF0000E3A462846F34652F8B4
:1057000004CB03681FFA8CFA4FEA1C4C0AFB06EA2A
:105710000CFB06FC0CEB1A4C1FFA8AFACAEB0B0ABC
:105720004FEA1C4E1FFA8CFC1AFA83FACCEB134C8E
:105730000CEB2A4C1FFA8AFA4AEA0C4A4A454FEA0D
:105740002C4B40F804ABDAD9009AAB586BB9019AEC
:10575000131FAB421A4602D8C8F8104005E0126881
:10576000043B002AF8D1013CF3E7404601F0CFFBAF
:1057700000282ADB01362B46002057F804CB1A6894
:105780001FFA8CF1411A4FEA1C4C11FA82F1CCEB52
:10579000124202EB214289B210144F4541EA024203
:1057A00043F8042BE9D955F8242005EB840362B9AA
:1057B000043BAB421A4602D8C8F8104005E0126814
:1057C000043B002AF8D1013CF3E7304600E000201A
:1057D00003B0BDE8F08F00002DE9F04F456A9BB0A3
:1057E00082460D910E921493249C8DED020B45B9C7
:1057F0001020F6F785FBCAF8240045608560056037
:10580000C560DAF82430196861B15B684B60012229
:1058100002FA03F38B60504601F057F9DAF82430AE
:1058200000221A600399002905DA012321F00042C1
:105830002360039201E000232360039C9A4A24F032
:1058400000431B0D1B0593421DD1149F029942F288
:105850000F733B6041B9954B954AC4F31300002880
:105860000CBF1046184600E09048259F002F00F01E
:105870006585C37813B100F1080300E0C31C259FC0
:105880003B6000F05BBDDDE90289002240464946ED
:105890000023FAF773FD054658B1149F01233B60BE
:1058A000259F002F00F0478582483860013800F0BE
:1058B00045BD504649EC108B19A918AA01F01AFCF5
:1058C000C4F30A56834656B1C9F3130343F07F511C
:1058D000404641F44011A6F2FF3615951CE0199B95
:1058E000189E1E446FF482639E4209DB02991F33A7
:1058F00006F212409B1B21FA00F09C40204304E07A
:105900006D48029A801B02FA00F0FAF7AFF90127FE
:10591000A1F1F871013E15970022684BFAF768F87B
:105920005BA3D3E90023FAF717FA5BA3D3E90023BB
:10593000FAF760F8044630460D46FAF7A7F958A37F
:10594000D3E90023FAF708FA02460B462046294617
:10595000FAF750F804460D4601F02CFD2946814621
:10596000002220460023FAF713FD58B14846FAF703
:105970008DF902460B4620462946FAF7FFFC08B986
:1059800009F1FF39B9F1160F0DD84D4B03EBC903DF
:10599000D3E90001DDE90223FAF718FD30B109F17E
:1059A000FF39002700E00127119700E01190189BB4
:1059B0009E1B013E069604D5774205970027069761
:1059C00001E000270597B9F1000F07DB069FCDF82E
:1059D00040904F44069700270B9708E0059FC9EBBE
:1059E00007070597C9F100070B97002710970D9F30
:1059F000092F28D8052FC4BF043F0D970D9FA7F18D
:105A00000203CCBF00250125032B21D8DFE803F0DA
:105A1000060F0204012702E0012709E000270C9786
:105A20000E9F002F1EDD0A9704973B461FE00027BC
:105A30000C970E9F4F440A9701373B460497012B62
:105A4000B8BF012313E0012500270D970C9501E055
:105A500001270C974FF0FF370A970497002712236E
:105A60000E9704E001270A9704973B460E97DAF851
:105A7000244000226260042101F114029A4221D8DC
:105A80006268013262604900F6E700BFAFF3008050
:105A900061436F63A787D23FB3C8608B288AC63F34
:105AA000FB799F501344D33F0000F07F2D0803087B
:105AB000240803081F070308EEFBFFFF0000F83F60
:105AC000400803085046616800F0CAFFDAF8243045
:105AD000049F20601B6807930E2F00F26981002D40
:105AE00000F066819DED027BB9F1000F8DED127B18
:105AF00031DD804A09F00F0302EBC30393ED007B15
:105B00004FEA2914E0068DED087B0CD57A4BDDE9D0
:105B10001201D3E90823FAF749FA04F00F04CDE99A
:105B20000201032700E00227734D6CB1E10708D59D
:105B3000DDE90801D5E90023FAF70EF9CDE90801FE
:105B4000013764100835F0E7DDE90201DDE90823DB
:105B5000FAF72CFA1BE0C9F10004DCB1654B664D85
:105B600004F00F0203EBC203DDE91201D3E90023C5
:105B7000FAF7F2F8241102274CB1E20704D5D5E96F
:105B800000230137FAF7E8F864100835F4E7CDE9A7
:105B9000020100E002271199E1B1DDE9024500228E
:105BA00020462946554BFAF7F3FBC0B1049ADAB107
:105BB0000A9B002B40F3F88009F1FF310F9100227E
:105BC000204629464E4BFAF7C7F80137CDE90201C6
:105BD0000A9A0CE0049BCDF83C90089308E00499E5
:105BE000CDF83C90089103E0049ACDF83C900892DF
:105BF0003846FAF74BF8DDE90223FAF7ADF8002250
:105C0000404BF9F7F7FE089F0446A1F15075CFB954
:105C100000223D4BDDE90201F9F7EAFE22462B4660
:105C200006460F46FAF7D2FB002840F04B82224688
:105C300005F1004330463946FAF7AAFB002840F048
:105C40003782B1E0089F2B4B7A1E0C9F03EBC203F7
:105C5000002F5DD0D3E9002300202C49FAF7A6F9E4
:105C600022462B46F9F7C4FEDDE90267DDF81C8009
:105C700004460D463946304601F09CFB0090FAF789
:105C800005F802460B4630463946F9F7B1FEDDF815
:105C900000C00CF1300308F8013B22462B460646B3
:105CA0000F46FAF775FB002840F0338332463B4637
:105CB00000201249F9F79CFE22462B46FAF768FBB2
:105CC000002840F0D4800799089AC1EB080393425A
:105CD0006ADA204629460022094BFAF73DF80022ED
:105CE00004460D4630463946054BFAF735F8064668
:105CF0000F46BFE740080308080903080000F03F0B
:105D00000000244000001C40000014400000E03F60
:105D1000D3E9000122462B46FAF71EF8DDF81C8075
:105D2000089B079CCDE91601DDE9026798443946D6
:105D3000304601F03FFB0546F9F7A8FF3035024633
:105D40000B4630463946F9F753FE04F8015B4445EB
:105D500006460F4621D10022874BDDE91601F9F7EF
:105D600049FE02460B4630463946FAF72FFB00281B
:105D70007DD1DDE9162300207F49F9F739FE02467F
:105D80000B4630463946FAF703FB68B1A046013CA2
:105D900018F8013C302BF9D0BBE20022774BF9F721
:105DA000DBFF06460F46C2E79DED127B8DED027BC1
:105DB000199B002B7CDBB9F10E0F79DC704B0E9F29
:105DC00003EBC903002FD3E9004514DA049F002F29
:105DD00011DC40F06F81204629460022694BF9F71B
:105DE000BBFFDDE90223FAF7E7FA049D2C46002801
:105DF00040F062816AE1DDE90267DDF81C8022463D
:105E00002B4630463946FAF7D1F801F0D3FA029022
:105E1000F9F73CFF22462B46F9F79EFF02460B4658
:105E200030463946F9F7E4FD029F07F1300608F8DD
:105E3000016B079FC7EB0806049FBE4202460B4654
:105E400029D1F9F7D7FD22462B4606460F46FAF729
:105E5000BDFA70B93046394622462B46FAF78EFA1B
:105E6000002800F05882029FFB0702D453E2DDF8BD
:105E70003C9043469846013B18F8012C392A06D13C
:105E8000079F9F42F6D1302209F101093A701A7832
:105E900001321A703FE20022384BF9F75DFF002211
:105EA000002306460F46FAF769FA0028A7D032E227
:105EB0000C9F002F30D00D9F012F0ADC159F17B1CA
:105EC00003F2334302E0189BC3F136030B9D059E9A
:105ED00016E0049F7D1E0B9FAF4201DB7D1B06E099
:105EE0000B9F0B95EB1B109F1F4410970025049FE1
:105EF000002F03DA05990023CE1B01E0059E049BC9
:105F0000059F1F440597069F50461F440121069791
:105F100000F0BBFE044602E00B9D059E0C9C6EB19A
:105F2000069F002F0ADD3B46059FB342A8BF3346BC
:105F3000FF1A0597069FFF1AF61A06970B9F002F68
:105F400028DD0C9F07B3002D10DD21462A46504660
:105F500000F03CFF04465A462146504600F09EFEA3
:105F600059460746504600F0B0FDBB460B9F7A1BD2
:105F700010D0504659460AE00000E03F000024409F
:105F800040080308000014400B9A5046594600F0A0
:105F90001DFF83465046012100F077FE109F002F21
:105FA000054605DD294650463A4600F00FFF0546F6
:105FB0000D9F012F12DC029981B9039AC2F31303DA
:105FC00073B922F000473F0D3F0557B1059F0137D8
:105FD0000597069F01370697012702E0002700E09A
:105FE000029F109941B12B6905EB8303186900F0FA
:105FF000FFFDC0F1200000E00120069B034413F0E8
:106000001F0308D0C3F12002042A02DDC3F11C03E0
:1060100002E008D013461C33059A06991A44194425
:1060200005921E440691059A002A04DD5946504601
:1060300000F01AFF8346069B002B05DD29465046DB
:106040001A4600F011FF05461199E1B1584629465C
:1060500000F05DFF002816DA59460A225046002358
:1060600000F04AFD0C9A09F1FF3983464AB12146F6
:10607000002350460A2200F03FFD0A9B0493044689
:1060800001E00A990491049A002A29DC0D9B022B55
:1060900026DD8AB929460522049B504600F02CFDD6
:1060A00005462946584600F032FF00280EDC03E082
:1060B000089D00E000252C460E9FDDF81C806FEA4D
:1060C00007090AE0089DDDF83C902C46079F312324
:1060D00007F101083B7009F101092746002407E197
:1060E0000C99002900F0BB80002E05DD21465046AA
:1060F000324600F0B9FE04469FB16168504600F098
:10610000AFFC22690232064604F10C0192000C3009
:10611000FCF70AFA50463146012200F0A5FE074678
:1061200000E02746079E29465846FFF7C7FA214652
:1061300000F1300C80465846CDF800C000F0E7FE74
:106140003A4605902946504600F0FEFEC368DDF849
:1061500000C002464BB911465846019200F0D7FEE6
:10616000019ADDF800C0034600E0012350461146C5
:106170000193CDF800C000F0A8FC019BDDF800C041
:1061800063B90D9A52B9029901F0010232B9BCF11A
:10619000390F35D0059B002B24DC25E0059900291B
:1061A00002DA002B08DC1FE023D10D9A0ABB02990A
:1061B00001F00102EAB9F4E7594601225046CDF850
:1061C00000C000F051FE2946834600F0A0FE0028E2
:1061D000DDF800C003DC07D11CF0010F04D0BCF1D6
:1061E000390F0DD008F1310C06F1010886F800C016
:1061F0007EE0002B06F1010809DDBCF1390F03D167
:106200003923337001365BE00CF1010368E0079A33
:1062100004994646C2EB08038B4206F801CC3CD0F9
:1062200059460A220023504600F066FCBC428346D1
:10623000214650464FF00A024FF0000304D100F00F
:106240005BFC044607466EE700F056FC3946044600
:106250000A225046002300F04FFC074663E70C9EDD
:1062600058462946FFF72AFA079F00F1300C07F835
:1062700006C0049F0136BE4207DB079E012FACBF5C
:10628000F61901362746002407E0594650460A22EF
:10629000002300F031FC8346E2E7594601225046D4
:1062A000CDF800C000F0E0FD2946834600F02FFE47
:1062B0000028DDF800C003DC14D11CF0010F11D060
:1062C00016F8013C392BB04606F1FF3607D1079985
:1062D000B142F5D1312309F101090B7008E0013316
:1062E000337005E0B046013E18F8013C302BF9D080
:1062F0005046294600F0E9FB6FB12CB1BC4203D0F7
:106300005046214600F0E1FB5046394600F0DDFBE7
:1063100001E0DDF83C905046594600F0D6FB0023E2
:10632000149F88F8003009F101033B60259F27B1D5
:10633000C7F8008001E0034800E007981BB0BDE803
:10634000F08F00BF1E0703080B78722B30B509D001
:10635000772B0BD0612B0ED14FF4027401234FF435
:1063600084701BE000242346042017E04FF4C0642F
:106370000123082012E016230360002030BD622DA7
:1063800010D0782D11D02B2D07D120F01C0023F038
:10639000030340F0100043F0020301314D78002D5B
:1063A000EDD105E043F48033F7E743F40063F4E70D
:1063B0002343136030BD000038B5074C0023054669
:1063C000084611462360F7F733FF431C02D12368C8
:1063D00003B12B6038BD00BF20070020F0B506696F
:1063E0004B11B34200F1140226DA11F01F0102EB47
:1063F000860602EB830401D1134616E052F82350BF
:10640000C1F1200C0434CD401346B44209D22768B0
:1064100007FA0CF73D4343F8045B54F8045BCD40A6
:10642000F3E71D604DB1043307E0B44205D254F8E0
:10643000041B43F8041BF8E713469B1A9B100361E7
:1064400003B94361F0BDA0F13003092B01D8203816
:106450000AE0A0F16103052B01D8473804E0A0F160
:106460004103052B02D82738C0B27047002070477F
:106470002DE9F04F89B0904605910693039000F006
:10648000D9FA00680490FCF734FC049B059902904B
:1064900003444FF0000B13F8013C07930B680233E1
:1064A0001F4613F8010B302802D10BF1010BF7E75F
:1064B000FFF7C9FF0646F8B938460499029AFCF777
:1064C00043FC002839D1029B029DF85C3D44FFF754
:1064D000BAFF002833D02B46187830281F4603F126
:1064E0000103F9D0FFF7AFFFD0F1010438BF00245A
:1064F0002E464FF0010B01E000242646B9464D46DA
:1065000009F101092878FFF79EFF0028F7D12846F6
:106510000499029AFCF718FC58B95EB9029E2E4401
:10652000B1464D4609F101092878FFF78CFF002894
:10653000F7D136B1761BB60003E03D4600E00646D3
:1065400001242B78502B01D0702B34D16B782B2B5E
:1065500005D02D2B05D005F10109002104E0002113
:1065600000E0012105F1020999F800000191FFF70F
:106570006AFF431EDBB2182B01991CD8A0F1100A48
:1065800009F101039946013399F800000191009344
:10659000FFF759FF421ED2B2182A0199009B05D875
:1065A0000A2202FB0A0AAAF1100AEBE709B1CAF1B2
:1065B000000A564400E0A9460599C1F800902CB1A4
:1065C000BBF1000F0CBF062000207DE1EB1B013B5F
:1065D0002146072B02DD01315B10FAE7039800F03A
:1065E0003FFA4FF0000900F1140A04465346CB4627
:1065F000BD4233D96A1E0592079915F8012C8A42CB
:1066000009D0BBF1200F17D1C3F800904FF000095B
:106610000433CB4610E0029A0599C2F1010C8C4478
:10662000BC45EED3604604998DE80810FCF78CFB5E
:106630009DE8081080B1E4E715F8010C0093FFF71E
:1066400002FF00F00F0000FA0BF0DDF814C0009B11
:1066500049EA00090BF1040B6546C9E743F8049BBE
:10666000CAEB03039B10236148465F0100F0C0FAA8
:10667000D8F80050381AA84226DD471B3946204674
:1066800000F0C8FDC8B17B1E5A1103F01F014FF086
:1066900001095AF8222009FA01F111420ED04B45A6
:1066A00002DC4FF0020909E02046B91E00F0B2FDFD
:1066B0000028F6D04FF0030900E081462046394615
:1066C000FFF78CFE3E440CE009DA2F1A21460398AE
:1066D0003A4600F0C9FBF61B044600F1140A4FF0DD
:1066E0000009D8F808309E4208DD0398214600F0E2
:1066F000ECF9129A00231360A320E5E0D8F80430E7
:106700009E4254DA9E1BAE422EDBD8F80C30022B90
:106710001AD0032B1CD0012B1DD1AE421BD1012D51
:106720000BDC0699D8F804300B6001232361CAF80A
:106730000030129B62201C60C6E02046691E00F0FB
:1067400069FD0028EDD106E0139B002BE9D002E0A3
:10675000139B002BE5D10398214600F0B6F912995E
:1067600000230B605020AFE0771EB9F1000F07D176
:10677000002F07DD2046394600F04CFD814601E040
:106780004FF001097B1101225AF8233007F01F074F
:1067900002FA07F71F423146204618BF49F00209A6
:1067A000AD1BFFF71BFE0227D8F8046000E00127AD
:1067B000B9F1000F00F08380D8F80C30022B0ED016
:1067C000032B10D0012B78D119F0020F75D0DAF815
:1067D000003049EA030919F0010F07D16DE0139B5E
:1067E000C3F101031393139B002B66D0D4F81090D0
:1067F00004F114034FEA890A03EB0A01184653F81F
:10680000042BB2F1FF3F02D00132026021E00022EE
:106810008B4243F8042CF1D3A368994512DB6168DD
:106820000398013100F01CF92269023204F10C01D5
:10683000834692000C30FBF777FE2146039800F068
:1068400044F95C4623695A1C04EB8303226101224C
:106850005A61022F04F1140311D1D8F80020013A33
:10686000954227D16A11012105F01F0553F8223006
:1068700001FA05F51D420CBF02270F461AE02269F6
:106880004A450ADD20460121FFF7A8FDD8F8083067
:1068900001369E423FF729AF0BE015F01F0508D0E7
:1068A0005344C5F1200553F8040C00F0A1F9A842A7
:1068B000E8DB012747F0200701E047F01007129BB3
:1068C0001C60069B38461E6009B0BDE8F08FC2F11F
:1068D0000802920070B5C2F12004056850F8043F28
:1068E00003FA04F63543D340884240F8045C036061
:1068F000F3D370BD2DE9F04F0B6885B05E110390A6
:1069000013F01F0302EB86060293039B18BF0436A5
:10691000A6F104081546D3F80090002246F8042C8E
:10692000474644469246934699F8011000293AD0CA
:1069300008468DE80600FFF786FD9DE80600D8B9F9
:10694000202912D8DA452BDABC4205D2072A03DC0B
:1069500020463946FFF7BBFFAC4220D9271F002253
:1069600044F8042CDA463C461AE029294CD1039B12
:1069700009F10201196016E00132082A0BF1010B3E
:1069800006DDAC420CD9002244F8042C043C012260
:10699000216800F00F0040EA0111216000E00822A8
:1069A00009F10109C0E7BBF1000F2DD0BC4205D2AF
:1069B000072A03DC20463946FFF789FFAC420CD991
:1069C0002B4654F8042B43F8042B4445F9D90022F4
:1069D00043F8042B4345FAD90DE0029B5BB1C3F1A8
:1069E00020094FF0FF3323FA09F956F8043C03EA73
:1069F000090346F8043C56F8043C043E33B9B5425A
:106A0000F9D101232B6001E0042000E0052005B04E
:106A1000BDE8F08F38B5064C0023054608462360D4
:106A2000F5F746FA431C02D1236803B12B6038BD49
:106A300020070020004870474002002038B5074C6E
:106A4000054600202060084611461A46F7F7DCFB91
:106A5000431C02D1236803B12B6038BD20070020FE
:106A600070B5456A04460E463DB91020F5F748FA60
:106A70006062456085600560C560656AEB6843B12A
:106A8000636ADA6852F8260078B1016842F8261085
:106A900017E020460421212200F0E0FB636AE86051
:106AA000DB68002BECD1002070BD012101FA06F556
:106AB0006A1D2046920000F0D1FB0028F3D046600A
:106AC000856000220261C26070BD70B5446A0646EE
:106AD0000D463CB91020F5F713FA706244608460EB
:106AE0000460C4603DB1736A6A68DB6853F82210C1
:106AF000296043F8225070BD2DE9F0410C461E4636
:106B00000D6907461431002308681FFA80FC000C49
:106B100002FB0C6C504300EB1C4001331FFA8CFC51
:106B2000060CAB420CEB004041F8040BECDBD6B199
:106B3000A3689D4212DB616838460131FFF790FF80
:106B40002269023204F10C01804692000C30FBF7FE
:106B5000EBFC21463846FFF7B8FF444604EB8503BB
:106B600001355E6125612046BDE8F0812DE9F843DD
:106B70001446984603F1080209230D4692FBF3F2EE
:106B80000646012300219A4202DD5B000131FAE74B
:106B90003046FFF765FF089B4361092C4FF0010366
:106BA0000146036111DD05F109094F46254417F837
:106BB000013B30460A22303BFFF79EFFAF420146C1
:106BC000F5D109EB0407083F02E005F10A070924A3
:106BD0002546454509DA3B1B30465B5D0A22303BC2
:106BE000FFF78AFF01350146F3E70846BDE8F88361
:106BF000030C1B0413B90004102300E0002310F061
:106C00007F4F04BF0002083310F0704F04BF000133
:106C1000043310F0404F04BF80000233002803DB30
:106C2000420003D5581C7047184670472020704713
:106C3000036813F007020BD0D90722D49A0703D5B3
:106C40005B080360012070479B08036002207047C7
:106C500099B209B91B0C102213F0FF0F04BF1B0AD5
:106C60000832190704BF1B090432990704BF9B08A7
:106C70000232D90702D45B0805D001320360104606
:106C80007047002070472020704710B50C46012146
:106C9000FFF7E6FE01224461026110BD2DE9F04FCD
:106CA00016460A6933699A4285B00D4601DA3546BF
:106CB0000E46D5F810803769AB68696808EB0704A1
:106CC0009C42C8BF0131FFF7CBFE00F1140303EB78
:106CD000840101911A46DDF804A0524503D2002137
:106CE00042F8041BF7E705F1140106F1140201EB69
:106CF000880802EB8707CDF808800397039EB2420D
:106D0000154656D2B5F800C00432BCF1000F25D0AC
:106D10000F461D46002657F8049BD5F800801FFA41
:106D200089FB1FFA88FA0CFB0BAA4FEA19494FEAB4
:106D30001848B2440CFB098808EB1A481FFA8AFA73
:106D40004AEA084A4FEA1846DDF80880AB46B845DB
:106D50004BF804AB01D95D46DDE76E6032F8028C7A
:106D6000B8F1000F23D01E680F461D464FF00009F2
:106D7000B7F800A0B5F802C008FB0ACCE144B6B2EF
:106D8000AC4646EA09464CF8046B57F8046BB5F874
:106D900004A0360C08FB06A6DDF808A006EB194691
:106DA00057454FEA164901D26546E1E76E60043364
:106DB000A4E7019B002C03DC046105B0BDE8F08F63
:106DC00053F8042D002AF7D1013CF3E712F0030336
:106DD0002DE9F04105460E46174607D0013B214AF2
:106DE00052F823200023FFF787FE0646BF1035D058
:106DF0006C6A3CB91020F5F783F8686244608460DF
:106E00000460C460D5F82480D8F808407CB92846CE
:106E100040F27121FFF739FF0023C8F8080004464B
:106E2000036004E07F1019D0206870B10446FB07AE
:106E3000F8D5314622462846FFF730FF31468046D6
:106E40002846FFF742FE4646ECE728462146224602
:106E5000FFF724FF002320600360E7E73046BDE82A
:106E6000F08100BF300903082DE9F0470C464FEAD6
:106E7000621A236949680AEB0309A368804615462C
:106E800009F101079F4202DD01315B00FAE740464C
:106E9000FFF7E6FD0023064600F11402534504DA2D
:106EA000002142F823100133F8E720692AEAEA7149
:106EB00004F1140315F01F0C02EB810103EB800EAB
:106EC00016D0CCF1200A002518680A4600FA0CF00A
:106ED000054342F8045B53F8045B734525FA0AF551
:106EE00001D21146F0E74D6045B109F1020705E016
:106EF00053F8042B41F8042B7345F9D3013F404666
:106F000037612146FFF7E1FD3046BDE8F0870269B1
:106F10000B69D21A10B513D19C00143001F1140280
:106F20000319224453F8044D52F8041D8C4203D037
:106F300008D24FF0FF3010BD9842F3D3002010BDAF
:106F4000104610BD012010BD2DE9F04706460C4645
:106F5000084611461546FFF7DAFF071E08D13046EE
:106F60003946FFF77DFD012303614761BDE8F087E6
:106F700001DB002703E0234601272C461D466168FC
:106F80003046FFF76DFD22692B69C760143405F1A7
:106F9000140606EB830A04EB820C00F114030021B3
:106FA00054F8047B56F8049B11FA87F11FFA89F50F
:106FB0004FEA1949C5EB0108C9EB174707EB28470A
:106FC0001FFA88F83914B24548EA0747254643F8BE
:106FD000047BE5D865450DD255F8044B11FA84F6CB
:106FE000240C04EB2644B6B2211446EA044443F8C8
:106FF000044BEFE753F8041D09B9013AFAE70261BF
:10700000BDE8F08753EC102B23F000431B0D1B054C
:10701000A3F15071002901DD0B4609E04942091531
:1070200013294FF0000305DC4FF4002040FA01F370
:10703000002209E032294FF00100DABFC1F133012B
:1070400000FA01F101460A4643EC102B70472DE986
:10705000F041066900F1140707EB8606884656F8EA
:10706000044C2046FFF7C4FDC0F120030A28A6F116
:107070000405C8F8003014DCBD42C0F10B0188BF24
:1070800056F8085C24FA01FC98BF002515304CF036
:107090007F5325FA01F1844043F4401341EA04028E
:1070A00024E0BD4286BFA6F1080556F8081C002161
:1070B000B0F10B0615D0B440C0F12B0044F07F5462
:1070C00044F4401421FA00FCBD4244EA0C038CBF96
:1070D00055F8044C002424FA00F0B14040EA0102C3
:1070E00004E044F07F5343F440130A4643EC102B72
:1070F000BDE8F0812DE9F7438946012155EC104B9D
:107100009046FFF7ADFCC5F30A570646C5F31303D7
:107110000FB143F480130193D4B102A840F8084D95
:107120006846FFF785FD009B48B1019AC0F1200138
:1071300002FA01F10B43C2407361019200E07361F6
:10714000019BB361002B0CBF01240224346107E0D2
:1071500001A8FFF76DFD0124019B736134612030AC
:107160003FB1A7F233470744C9F80070C0F13500BA
:107170000AE006EB8403A0F23240C9F80000186967
:10718000FFF736FDC0EB4410C8F80000304603B0EE
:10719000BDE8F0832DE9F3410E4669468046FFF7CE
:1071A00056FF304601A955EC104BFFF750FF0199EF
:1071B000009FD8F810007F1A3169411A07EB41117E
:1071C000002953EC102BCCBF05EB0155A3EB015369
:1071D00020462946F8F7EAFE41EC100B02B0BDE864
:1071E000F08110B5013902F114034911126901311E
:1071F00000EB810103EB8202934204D253F8044B6B
:1072000040F8044BF8E7884203D2002340F8043BDF
:10721000F9E710BD00F1140200694B11834210B56B
:107220000CDC0CDA11F01F0109D052F8230020FA0F
:1072300001F404FA01F181420ED100E0034602EBB1
:1072400083039342194605D951F8041C043B0029D5
:10725000F7D001E0002010BD012010BD38B502FBC1
:1072600001F42146FBF7D0F9054618B1002122466A
:10727000FBF77EF9284638BDF8B5064614460D469C
:1072800021B91146BDE8F840FBF7BEB91AB9FBF7C2
:1072900077F92046F8BD00F083F8A0420ED23046C0
:1072A0002146FBF7B1F9074650B129462246FBF7C4
:1072B0003BF930462946FBF763F901E02846F8BD63
:1072C0003846F8BD38B5074C054600202060084612
:1072D00011461A46F6F766FF431C02D1236803B134
:1072E0002B6038BD2007002051EC100B31F000431B
:1072F00010B500D178B10C4AA3F5801494420CD992
:10730000B3F5801F0BD3094A93420AD1D0F1010093
:1073100038BF002010BD022010BD042010BD032086
:1073200010BD002010BD00BFFFFFDF7F0000F07F19
:10733000F0B50B785E2B02D04C1C002102E08C1CB7
:107340004B780121002281540132B2F5807FFAD1BD
:107350000BB9651E1CE0C1F10107FEB2C654621CE8
:1073600012F8011C2D2902F1FF35144604D05D29C5
:107370000DD069B10B46F0E715785D2DFAD09D422E
:10738000F8DB0133AB42C654FBDB0232E8E71546BB
:107390002846F0BD9FED010A704700BF0000C07F86
:1073A00051F8040C002802DA04390B581844043848
:1073B000704700004FEA410212F5001215D211D5B4
:1073C0006FF47873B3EB625212D94FEAC12343F0E2
:1073D000004343EA505311F0004F23FA02F018BF64
:1073E000404270474FF00000704750EA013005D12D
:1073F00011F0004008BF6FF0004070474FF00000F0
:10740000704700BFF8B500BFF8BC08BC9E46704787
:10741000F8B500BFF8BC08BC9E46704723205468EE
:107420006973206973206120706C61636520666FE9
:107430007220746865207573657220746F20737094
:107440006563696679207468656972206F776E205C
:10745000276669726D272064656661756C74732098
:10746000617420636F6D70696C652074696D650D62
:107470000A23204F6E652063616E20616C736F205C
:107480007573652074686973206173207468652062
:107490007072696D61727920636F6E6669672073BF
:1074A000797374656D20696620616E207364636111
:1074B000726420697320756E617661696C61626CBB
:1074C000650D0A232054686520666F726D61742013
:1074D0006F6620746869732066696C652069732023
:1074E0006964656E746963616C20746F207468618F
:1074F00074206F662061206E6F726D616C20636F07
:107500006E6669672066696C650D0A230D0A232083
:10751000746F2068617665206769742069676E6F93
:10752000726520746869732066696C6520736F20CA
:10753000796F752063616E206B65657020796F755A
:1075400072206F776E2064656661756C7473206954
:107550006E20686572652074686174206172650DC3
:107560000A23207072657365727665642074687290
:107570006F75676820757064617465732072756ECD
:10758000207468697320636F6D6D616E643A0D0AD3
:107590002320676974207570646174652D696E6459
:1075A0006578202D2D617373756D652D756E63681B
:1075B000616E676564207372632F636F6E666967BF
:1075C0002E64656661756C740D0A230D0A0D0A6FD1
:1075D0006E5F626F6F745F67636F64655F656E6136
:1075E000626C6520202020202020202020202020C8
:1075F00020202020202020202020202066616C7365
:10760000650D0A6D6D5F7065725F6172635F7365B2
:10761000676D656E742020202020202020202020EF
:10762000202020202020202020202020202020205A
:10763000302E35200D0A0D0A2320526F626F742000
:107640006D6F64756C6520636F6E666967757261D6
:1076500074696F6E73203A2067656E6572616C2085
:1076600068616E646C696E67206F66206D6F766509
:107670006D656E7420472D636F64657320616E6461
:1076800020736C6963696E6720696E746F206D6F1B
:107690007665730D0A64656661756C745F66656511
:1076A000645F72617465202020202020202020202B
:1076B00020202020202020202020202020202020CA
:1076C0002020363030303020202020202020202064
:1076D000202020232044656661756C7420726174DB
:1076E000652028206D6D2F6D696E757465202920C9
:1076F000666F722047312F47322F4733206D6F76E8
:1077000065730D0A64656661756C745F7365656B9E
:107710005F726174652020202020202020202020FE
:107720002020202020202020202020202020202059
:1077300020363030303020202020202020202020F3
:107740002020232044656661756C74207261746525
:107750002028206D6D2F6D696E7574652029206657
:107760006F72204730206D6F7665730D0A0D0A2306
:107770002041726D20736F6C7574696F6E20636F3A
:107780006E66696775726174696F6E203A20436135
:107790007274657369616E20726F626F742E20540B
:1077A00072616E736C61746573206D6D20706F73A0
:1077B0006974696F6E7320696E746F20737465707D
:1077C00070657220706F736974696F6E730D0A61F2
:1077D0006C7068615F73746570735F7065725F6D04
:1077E0006D2020202020202020202020202020204C
:1077F00020202020202020202020202033312E393E
:10780000342020202020202020202020202320532E
:107810007465707320706572206D6D20666F7220C4
:10782000616C7068612073746570706572202320CC
:10783000312F38207374657070696E672C20323573
:10784000543F2C20312E38646567202320746869EA
:10785000732076616C75652063616E2062652066B9
:10786000696E652074756E6564207573696E672036
:107870004D393220696E20454E41424C455F434FA1
:107880004D4D414E440D0A626574615F73746570BD
:10789000735F7065725F6D6D202020202020202096
:1078A00020202020202020202020202020202020D8
:1078B0002020202033312E39342020202020202069
:1078C000202020202023205374657073207065725F
:1078D000206D6D20666F722062657461207374651F
:1078E000707065720D0A67616D6D615F73746570AC
:1078F000735F7065725F6D6D202020202020202036
:107900002020202020202020202020202020202077
:10791000202020342E3434343420202020202020F5
:1079200020202020232053746570732070657220FE
:107930006D6D20666F722067616D6D612073746577
:10794000707065720D0A0D0A2320506C616E6E65B1
:1079500072206D6F64756C6520636F6E6669677504
:10796000726174696F6E203A204C6F6F6B2D616885
:1079700065616420616E6420616363656C6572613A
:1079800074696F6E20636F6E666967757261746982
:107990006F6E0D0A706C616E6E65725F71756575E4
:1079A000655F73697A652020202020202020202018
:1079B00020202020202020202020202020202020C7
:1079C000203132382020202020202020202020207C
:1079D000202023206163636F7264696E6720746F77
:1079E0002041727468757220746869732076616CC6
:1079F00075652063616E20626520696E63726561E2
:107A000073656420756E74696C2074686520636F9B
:107A10006E74726F6C6C65722072756E73206F7508
:107A200074206F66206D656D6F72790D0A202020BD
:107A30002020202020202020202020202020202046
:107A40002020202020202020202020202020202036
:107A50002020202020202020202020202020202026
:107A6000202020202020202020202023204174209E
:107A700070726573656E74206561636820656C65FE
:107A80006D656E7420726571756972657320393227
:107A900062797465204142483020616E6420343040
:107AA000306279746520686561702E2041484230EB
:107AB00020697320746865206C696D6974696E67EC
:107AC00020666163746F720D0A2020202020202020
:107AD00020202020202020202020202020202020A6
:107AE0002020202020202020202020202020202096
:107AF0002020202020202020202020202020202086
:107B000020202020202020232062757420636F75A0
:107B10006C642062652073686966746564206966B8
:107B200020737461636B206F72206F746865727369
:107B300020776F756C642062652073686966746570
:107B40006420746F2043434D0D0A616363656C6567
:107B5000726174696F6E2020202020202020202058
:107B60002020202020202020202020202020202015
:107B700020202020202020313030303020202020B4
:107B800020202020202020202320416363656C6575
:107B9000726174696F6E20696E206D6D2F736563FD
:107BA0006F6E642F7365636F6E642E0D0A7A5F616A
:107BB0006363656C65726174696F6E20202020209C
:107BC00020202020202020202020202020202020B5
:107BD000202020202020202020203830303020205D
:107BE00020202020202020202020202320416363EB
:107BF000656C65726174696F6E20666F72205A20C1
:107C00006F6E6C79206D6F76657320696E206D6D77
:107C10002F735E322C20302075736573206163638F
:107C2000656C65726174696F6E207768696368203E
:107C30006973207468652064656661756C742E20B4
:107C4000444F204E4F5420534554204F4E20412046
:107C500044454C54410D0A616363656C65726174FF
:107C6000696F6E5F7469636B735F7065725F736574
:107C7000636F6E64202020202020202020202020E0
:107C800020202020313030302020202020202020B3
:107C9000202020202023204E756D626572206F66A3
:107CA0002074696D657320706572207365636F6EF3
:107CB000642074686520737065656420697320753D
:107CC0007064617465640D0A6A756E6374696F6EC1
:107CD0005F646576696174696F6E202020202020C2
:107CE0002020202020202020202020202020202094
:107CF0002020202020302E30303520202020202031
:107D0000202020202020232053696D696C6172207F
:107D1000746F20746865206F6C6420226D61785FD9
:107D20006A65726B222C20696E206D696C6C696DBE
:107D300065746572732C0D0A2020202020202020DD
:107D40002020202020202020202020202020202033
:107D50002020202020202020202020202020202023
:107D60002020202020202020202020202020202013
:107D700020202020202023207365652068747470E3
:107D8000733A2F2F6769746875622E636F6D2F6762
:107D900072626C2F6772626C2F626C6F622F6D6102
:107DA000737465722F706C616E6E65722E630D0A4E
:107DB00020202020202020202020202020202020C3
:107DC00020202020202020202020202020202020B3
:107DD00020202020202020202020202020202020A3
:107DE0002020202020202020202020202020232090
:107DF000616E642068747470733A2F2F67697468B9
:107E000075622E636F6D2F6772626C2F6772626C82
:107E10002F77696B692F436F6E6669677572696E3C
:107E2000672D4772626C2D76302E380D0A20202087
:107E30002020202020202020202020202020202042
:107E40002020202020202020202020202020202032
:107E50002020202020202020202020202020202022
:107E6000202020202020202020202023204C6F773D
:107E700065722076616C756573206D65616E206238
:107E800065696E67206D6F726520636172656675E6
:107E90006C2C206869676865722076616C75657303
:107EA000206D65616E73206265696E670D0A202022
:107EB00020202020202020202020202020202020C2
:107EC00020202020202020202020202020202020B2
:107ED00020202020202020202020202020202020A2
:107EE0002020202020202020202020202320666108
:107EF0007374657220616E642068617665206D6FB1
:107F00007265206A65726B0D0A237A5F6A756E630B
:107F100074696F6E5F646576696174696F6E202045
:107F20002020202020202020202020202020202051
:107F300020202020202020302E30303520202020EE
:107F4000202020202020202320666F72205A206FBE
:107F50006E6C79206D6F7665732C202D31207573D2
:107F60006573206A756E6374696F6E5F64657669A8
:107F70006174696F6E2C207A65726F206469736119
:107F8000626C6573206A756E6374696F6E5F646599
:107F900076696174696F6E206F6E207A206D6F76DE
:107FA000657320444F204E4F5420534554204F4E6C
:107FB00020412044454C54410D0A0D0A232053749E
:107FC0006570706572206D6F64756C6520636F6E8F
:107FD00066696775726174696F6E0D0A6D696372A7
:107FE0006F7365636F6E64735F7065725F737465E2
:107FF000705F70756C736520202020202020202069
:10800000202020202020202020312020202020205F
:108010002020202020202020202023204475726151
:1080200074696F6E206F6620737465702070756C54
:1080300073657320746F207374657070657220644B
:108040007269766572732C20696E206D6963726F38
:108050007365636F6E64730D0A626173655F737439
:10806000657070696E675F6672657175656E63795C
:108070002020202020202020202020202020202000
:10808000202020202020323030303030202020208E
:10809000202020202020202320426173652066724A
:1080A000657175656E637920666F72207374657093
:1080B00070696E672C2068696768657220676976E9
:1080C000657320736D6F6F74686572206D6F766570
:1080D0006D656E740D0A0D0A232043617274657319
:1080E00069616E2061786973207370656564206CC6
:1080F000696D6974730D0A785F617869735F6D618A
:10810000785F737065656420202020202020202067
:10811000202020202020202020202020202020205F
:1081200020202020313330303030202020202020EB
:10813000202020202023206D6D2F6D696E202D20A2
:108140006163636F7264696E6720746F2068747412
:1081500070733A2F2F736D6F6F74686965776172F2
:10816000652E6F72672F6D6F74696F6E2D636F6E02
:1081700074726F6C207468697320697320657175FF
:108180006976616C656E7420746F20616C706861D3
:10819000206F6E2063617274657369616E206D611A
:1081A000736368696E6573202D206B656570206848
:1081B0006967680D0A795F617869735F6D61785FDF
:1081C000737065656420202020202020202020203E
:1081D000202020202020202020202020202020209F
:1081E000202031303030303020202020202020202E
:1081F00020202023206D6D2F6D696E0D0A7A5F613E
:108200007869735F6D61785F7370656564202020A5
:10821000202020202020202020202020202020205E
:1082200020202020202020202020313235303030E6
:10823000202020202020202020202023206D6D2F92
:108240006D696E0D0A0D0A23205374657070657296
:10825000206D6F64756C652070696E7320282070C6
:108260006F7274732C20616E642070696E206E755D
:108270006D626572732C20617070656E64696E67E3
:108280002022212220746F20746865206E756D6233
:1082900065722077696C6C20696E766572742061F6
:1082A0002070696E20290D0A232043484D54203543
:1082B0002E333A4C4665656465725374657020359B
:1082C0002E343A595374657020352E353A5853740C
:1082D000657020352E303A215844697220352E3190
:1082E0003A215944697220352E323A4C466565640C
:1082F00065724469720D0A232043484D5420352E7F
:10830000383A5A44697220352E31333A5A537465DB
:108310007020352E393A214C4E6F7A7A6C6544695B
:108320007220352E31343A4C4E6F7A7A6C65537424
:10833000657020352E31303A21524E6F7A7A6C6555
:1083400044697220352E31353A524E6F7A7A6C6517
:10835000537465700D0A0D0A2320582061786973E3
:108360000D0A616C7068615F737465705F70696E2F
:1083700020202020202020202020202020202020FD
:1083800020202020202020202020202020202035D8
:108390002E352020202020202020202020202020BA
:1083A000232050696E20666F7220616C70686120B6
:1083B000737465707065722073746570207369677B
:1083C0006E616C2023205442440D0A616C70686118
:1083D0005F6469725F70696E202020202020202059
:1083E000202020202020202020202020202020208D
:1083F0002020202020202020352E30212020202049
:10840000202020202020202020232050696E20665C
:108410006F7220616C706861207374657070657232
:1084200020646972656374696F6E0D0A616C7068AF
:10843000615F656E5F70696E202020202020202003
:10844000202020202020202020202020202020202C
:10845000202020202020202020362E3121202020E6
:1084600020202020202020202020232050696E2042
:10847000666F7220616C70686120656E61626C6508
:108480002070696E20232058595A20454E0D0A61EC
:108490006C7068615F6D61785F7261746520202027
:1084A00020202020202020202020202020202020CC
:1084B0002020202020202020202020203133303078
:1084C00030302E3020202020202020202023206D1E
:1084D0006D2F6D696E203133323030302064696425
:1084E000207374616C6C20283232303020696E2029
:1084F0004F70656E506E50290D0A616C7068615F37
:10850000616363656C65726174696F6E2020202001
:10851000202020202020202020202020202020205B
:108520002020202020202032343030302E302020D7
:1085300020202020202020202320323435303020DD
:10854000646964207374616C6C3B20323430303069
:1085500020646F6573206E6F7420757375616C6C29
:1085600079207374616C6C0D0A0D0A232059206107
:108570007869730D0A626574615F737465705F700A
:10858000696E202020202020202020202020202054
:1085900020202020202020202020202020202020DB
:1085A0002020352E34202020202020202020202094
:1085B000202020232050696E20666F72206265742F
:1085C00061207374657070657220737465702073B8
:1085D00069676E616C0D0A626574615F6469725FE0
:1085E00070696E20202020202020202020202020A4
:1085F000202020202020202020202020202020207B
:1086000020202020352E3121202020202020202035
:108610002020202020232050696E20666F72206267
:108620006574612073746570706572206469726529
:108630006374696F6E0D0A626574615F656E5F7069
:10864000696E202020202020202020202020202093
:10865000202020202020202020202020202020201A
:10866000202020206E632020202020202020202079
:108670002020202020232050696E20666F72206207
:1086800065746120656E61626C65202320756E756E
:108690007365640D0A626574615F6D61785F726114
:1086A0007465202020202020202020202020202031
:1086B00020202020202020202020202020202020BA
:1086C00020203130303030302E302020202020202B
:1086D00020202023206D6D2F6D696E2031303230C7
:1086E0003030206973206F6B20283137303020699B
:1086F0006E204F70656E506E50292059206973208E
:10870000616363656C65726174696F6E206C696D1D
:10871000697465642C206E6F7420737065656420C5
:108720006C696D697465640D0A626574615F61638B
:1087300063656C65726174696F6E20202020202053
:108740002020202020202020202020202020202029
:10875000202020202020373030302E3020202020B4
:10876000202020202020202320383235302064692A
:1087700064207374616C6C3B203738373520646F2C
:108780006573206E6F7420757375616C6C792073DE
:1087900074616C6C0D0A0D0A23205A20617869738C
:1087A0000D0A67616D6D615F737465705F70696EEE
:1087B00020202020202020202020202020202020B9
:1087C0002020202020202020202020202020203594
:1087D0002E31332020202020202020202020202067
:1087E000232050696E20666F722067616D6D612075
:1087F0007374657070657220737465702073696737
:108800006E616C0D0A67616D6D615F6469725F70A6
:10881000696E2020202020202020202020202020C1
:108820002020202020202020202020202020202048
:108830002020352E382020202020202020202020FD
:10884000202020232050696E20666F722067616DA2
:108850006D61207374657070657220646972656300
:1088600074696F6E0D0A67616D6D615F656E5F7033
:10887000696E202020202020202020202020202061
:1088800020202020202020202020202020202020E8
:10889000202020362E3021202020202020202020A3
:1088A00020202020232050696E20666F722067618F
:1088B0006D6D6120656E61626C65202320424344CA
:1088C00020454E0D0A67616D6D615F6D61785F7265
:1088D00061746520202020202020202020202020BE
:1088E0002020202020202020202020202020202088
:1088F00020203132353030302E30202020202020F2
:1089000020202023206D6D2F6D696E204347523A41
:10891000204920636F756C646E277420676574202E
:10892000616E792066617374657220696E204F7084
:10893000656E506E50207468616E2077697468208F
:10894000323030302028313230303030206865729B
:1089500065290D0A67616D6D615F616363656C65B3
:10896000726174696F6E202020202020202020203A
:1089700020202020202020202020202020202020F7
:108980002033313030302E30202020202020202075
:1089900020202320202020202020204347523A203E
:1089A0004920636F756C646E27742067657420615D
:1089B0006E792066617374657220696E204F7065F0
:1089C0006E506E50207468616E2077697468203331
:1089D000303030300D0A0D0A232041206178697350
:1089E0003A204E3120726F746174696F6E0D0A64A3
:1089F000656C74615F73746570735F7065725F6DD1
:108A00006D20202020202020202020202020202019
:108A1000202020202020202020202020342E34340C
:108A200034342020202020202020202020232073C8
:108A30007465707320706572206465677265653A4D
:108A400020313630C2B020706572207265762E20DB
:108A500040302E39C2B02073746570706572203D4D
:108A6000203430302073746570732F313630C2B0CB
:108A70002078203136206D6963726F73203D203479
:108A8000300D0A64656C74615F737465705F706942
:108A90006E20202020202020202020202020202088
:108AA00020202020202020202020202020202020C6
:108AB000352E31342020202020202020202020206E
:108AC00020232050696E20666F722064656C74618B
:108AD000207374657070657220737465702073699B
:108AE000676E616C0D0A64656C74615F6469725FC6
:108AF00070696E202020202020202020202020208F
:108B00002020202020202020202020202020202065
:108B1000202020352E392120202020202020202018
:108B200020202020232050696E20666F722064650B
:108B30006C7461207374657070657220646972650D
:108B40006374696F6E0D0A64656C74615F656E5F56
:108B500070696E202020202020202020202020202E
:108B60002020202020202020202020202020202005
:108B7000202020206E632020202020202020202064
:108B80002020202020232050696E20666F722064F0
:108B9000656C746120656E61626C650D0A64656C5C
:108BA00074615F63757272656E74202020202020CE
:108BB00020202020202020202020202020202020B5
:108BC00020202020202020202020302E3520202072
:108BD000202020202020202020202023205A207305
:108BE000746570706572206D6F746F72206375723A
:108BF00072656E740D0A615F617869735F6D61788B
:108C00005F737065656420202020202020202020B4
:108C10002020202020202020202020202020202054
:108C200020202031323030303020202020202020E1
:108C3000202020202320C2B02F6D696E0D0A6465AC
:108C40006C74615F6D61785F7261746520202020B3
:108C50002020202020202020202020202020202014
:108C600020202020202020202020203132303030B1
:108C70003020202020202020202020202320C2B0AF
:108C80002F6D696E0D0A64656C74615F6163636565
:108C90006C65726174696F6E202020202020202076
:108CA00020202020202020202020202020202020C4
:108CB0002020203130303030302020202020202053
:108CC000202020202320C2B02F7365635E320D0A5E
:108CD00064656C74615F656E61626C652020202044
:108CE0002020202020202020202020202020202084
:108CF0002020202020202020202020202074727579
:108D0000650D0A0D0A23204220617869733A204ECE
:108D10003220726F746174696F6E0D0A65707369C9
:108D20006C6F6E5F73746570735F7065725F6D6D8D
:108D30002020202020202020202020202020202033
:108D4000202020202020202020342E3434343420B1
:108D500020202020202020202020232073746570D4
:108D60007320706572206D6D20666F722065707360
:108D7000696C6F6E20737465707065723A20386D1F
:108D80006D207370696E646C65204020312E38C28E
:108D9000B02073746570706572203D2032303020D1
:108DA00073746570732F386D6D2078203136206DA7
:108DB0006963726F73203D203430300D0A65707323
:108DC000696C6F6E5F737465705F70696E202020D0
:108DD0002020202020202020202020202020202093
:108DE00020202020202020202020352E313520203A
:108DF0002020202020202020202020232050696EA9
:108E000020666F722064656C746120737465707085
:108E100065722073746570207369676E616C0D0AEA
:108E2000657073696C6F6E5F6469725F70696E20E4
:108E30002020202020202020202020202020202032
:108E400020202020202020202020202020352E31EE
:108E500030212020202020202020202020202320FE
:108E600050696E20666F722064656C746120737443
:108E7000657070657220646972656374696F6E0DE8
:108E80000A657073696C6F6E5F656E5F70696E20E6
:108E900020202020202020202020202020202020D2
:108EA00020202020202020202020202020206E6331
:108EB00020202020202020202020202020202023AF
:108EC0002050696E20666F722064656C7461206545
:108ED0006E61626C650D0A657073696C6F6E5F63BD
:108EE000757272656E7420202020202020202020A2
:108EF0002020202020202020202020202020202072
:108F000020202020302E352020202020202020202E
:108F1000202020202023205A2073746570706572F1
:108F2000206D6F746F722063757272656E740D0AB6
:108F3000625F617869735F6D61785F7370656564A6
:108F40002020202020202020202020202020202021
:108F500020202020202020202020202020313230DE
:108F600030303020202020202020202020202320CE
:108F70006D6D2F6D696E0D0A657073696C6F6E5F34
:108F80006D61785F72617465202020202020202090
:108F900020202020202020202020202020202020D1
:108FA000202020202031323030303020202020205E
:108FB00020202020202023206D6D2F6D696E0D0A4A
:108FC000657073696C6F6E5F616363656C65726118
:108FD00074696F6E20202020202020202020202057
:108FE0002020202020202020202020202031303050
:108FF000303030202020202020202020202023203E
:109000006D6D2F7365635E320D0A657073696C6FE9
:109010006E5F656E61626C6520202020202020201C
:109020002020202020202020202020202020202040
:1090300020202020202020747275650D0A0D0A233F
:10904000204320617869733A204C5045454C455285
:109050000D0A7A6574615F73746570735F70657211
:109060005F6D6D2020202020202020202020202027
:1090700020202020202020202020202020202036DA
:10908000392E32363432202020202020202020206B
:1090900023206D6179206265207374657073207080
:1090A00065722064656772656520666F72206578F9
:1090B000616D706C650D0A7A6574615F73746570BB
:1090C0005F70696E2020202020202020202020207A
:1090D0002020202020202020202020202020202090
:1090E00020202020352E332020202020202020204A
:1090F0002020202020232050696E20666F7220647B
:10910000656C74612073746570706572207374652A
:1091100070207369676E616C0D0A7A6574615F64B3
:1091200069725F70696E202020202020202020207E
:10913000202020202020202020202020202020202F
:1091400020202020202020352E32202020202020EA
:109150002020202020202020232050696E20666FB0
:10916000722064656C746120737465707065722020
:10917000646972656374696F6E0D0A7A6574615F04
:10918000656E5F70696E2020202020202020202026
:1091900020202020202020202020202020202020CF
:1091A00020202020202020206E632020202020202E
:1091B000202020202020202020232050696E20669F
:1091C0006F722064656C746120656E61626C650D00
:1091D0000A7A6574615F63757272656E742020200F
:1091E000202020202020202020202020202020207F
:1091F0002020202020202020202020202020302E51
:109200003520202020202020202020202020202346
:10921000205A2073746570706572206D6F746F7260
:109220002063757272656E740D0A7A6574615F6D84
:1092300061785F726174652020202020202020202A
:10924000202020202020202020202020202020201E
:1092500020202020202020313330303030202020AA
:10926000202020202020202023206D6D2F6D696E6E
:10927000202D207365742076616C75657320617391
:1092800020686967682061732074686520582D61C3
:10929000786973206C696D697473206173207468D8
:1092A00065207065656C6572207368616C6C206EFA
:1092B0006F74206C696D697420746865206D6F76B9
:1092C000656D656E742073706565640D0A7A6574EA
:1092D000615F616363656C65726174696F6E2020A4
:1092E000202020202020202020202020202020207E
:1092F0002020202020202020202032343030302018
:10930000202020202020202020202023206D6D2FB1
:109310007365635E320D0A7A6574615F656E6162C2
:109320006C652020202020202020202020202020AC
:10933000202020202020202020202020202020202D
:1093400020202020747275650D0A0D0A2320442008
:10935000617869733A20525045454C45520D0A6573
:1093600074615F73746570735F7065725F6D6D209B
:1093700020202020202020202020202020202020ED
:1093800020202020202020202020202036392E328E
:109390003634322020202020202020202023206D41
:1093A0006179206265207374657073207065722026
:1093B00064656772656520666F72206578616D709F
:1093C0006C650D0A6574615F737465705F70696EBA
:1093D000202020202020202020202020202020208D
:1093E000202020202020202020202020202020207D
:1093F00020352E3720202020202020202020202033
:109400002020232050696E20666F722064656C7482
:109410006120737465707065722073746570207359
:1094200069676E616C0D0A6574615F6469725F7073
:10943000696E202020202020202020202020202095
:10944000202020202020202020202020202020201C
:1094500020202020352E36202020202020202020D3
:109460002020202020232050696E20666F72206407
:10947000656C7461207374657070657220646972C4
:10948000656374696F6E0D0A6574615F656E5F7008
:10949000696E202020202020202020202020202035
:1094A00020202020202020202020202020202020BC
:1094B00020202020206E632020202020202020201B
:1094C000202020202020232050696E20666F7220EB
:1094D00064656C746120656E61626C650D0A65740B
:1094E000615F63757272656E7420202020202020D9
:1094F000202020202020202020202020202020206C
:109500002020202020202020202020302E35202028
:1095100020202020202020202020202023205A200E
:1095200073746570706572206D6F746F72206375EF
:109530007272656E740D0A6574615F6D61785F7239
:109540006174652020202020202020202020202041
:10955000202020202020202020202020202020200B
:109560002020202031333030303020202020202097
:10957000202020202023206D6D2F6D696E202D204E
:109580007365742076616C756573206173206869FA
:1095900067682061732074686520582D617869734D
:1095A000206C696D69747320617320746865207024
:1095B00065656C6572207368616C6C206E6F7420D9
:1095C0006C696D697420746865206D6F76656D6572
:1095D0006E742073706565640D0A6574615F616304
:1095E00063656C65726174696F6E20202020202095
:1095F000202020202020202020202020202020206B
:109600002020202020202032343030302020202004
:10961000202020202020202023206D6D2F736563C3
:109620005E320D0A6574615F656E61626C65202053
:10963000202020202020202020202020202020202A
:10964000202020202020202020202020202020201A
:1096500020747275650D0A0D0A23205365726961C5
:109660006C20636F6D6D756E69636174696F6E7385
:1096700020636F6E66696775726174696F6E20280A
:10968000206261756420726174652064656661752D
:109690006C7420746F203936303020696620756E06
:1096A000646566696E656420290D0A75617274309F
:1096B0002E626175645F7261746520202020202015
:1096C000202020202020202020202020202020209A
:1096D0002020202020202020313135323030202021
:1096E000202020202020202020232042617564207B
:1096F0007261746520666F722074686520646566A7
:1097000061756C742068617264776172652073653D
:109710007269616C20706F72740D0A7274735F638A
:1097200074735F68616E647368616B6520202020CC
:109730002020202020202020202020202020202029
:109740002020202020202020302020202020202009
:109750002020202020202020202320303A206E6F3F
:10976000205254532F4354532068616E64736861D0
:109770006B652C20626F74682073657269616C2060
:10978000706F7274730D0A2020202020202020206A
:1097900020202020202020202020202020202020C9
:1097A00020202020202020202020202020202020B9
:1097B00020202020202020202020202020202020A9
:1097C00020202020202320313A2076657370616D9F
:1097D000616E73205254532F435453206F6E206D8B
:1097E0006F64696669656420343856422C2055419F
:1097F000525432206F6E6C790D0A202020202020D8
:109800002020202020202020202020202020202058
:109810002020202020202020202020202020202048
:109820002020202020202020202020202020202038
:1098300020202020202020202320323A206A616E20
:109840006D732052545320766961205458206F6EF6
:10985000207365636F6E6420525332333220636F1E
:109860006E6E6563746F72206F6E2073746F636BBE
:109870002043484D2D54333656412C2055415254E7
:1098800031206F6E6C790D0A6D73645F646973616A
:10989000626C6520202020202020202020202020F5
:1098A00020202020202020202020202020202020B8
:1098B0002020202020747275652020202020202068
:1098C000202020202020232064697361626C6520A1
:1098D000746865204D534420285553422053444317
:1098E00041524429207768656E2073657420746F37
:1098F000207472756520286E6565647320737065C9
:109900006369616C2062696E617279290D0A64660F
:10991000755F656E61626C6520202020202020200C
:109920002020202020202020202020202020202037
:10993000202020202020202020202066616C7365BC
:109940002020202020202020202020202320666F7F
:1099500072206C696E757820646576656C6F7065D1
:1099600072732C2073657420746F20747275652077
:10997000746F20656E61626C65204446550D0A0D5A
:109980000A6B696C6C5F627574746F6E5F656E6193
:10999000626C6520202020202020202020202020F4
:1099A0002020202020202020202020202020747211
:1099B000756520202020202020202020202020230A
:1099C0002073657420746F207472756520746F2025
:1099D000656E61626C652061206B696C6C206275DC
:1099E00074746F6E0D0A6B696C6C5F627574746F62
:1099F0006E5F70696E2020202020202020202020F3
:109A00002020202020202020202020202020202056
:109A1000202020302E332020202020202020202015
:109A20002020202023206B696C6C20627574746F79
:109A30006E2070696E2E2064656661756C74206995
:109A4000732073616D65206173207061757365208B
:109A5000627574746F6E20322E31322028322E31AE
:109A60003120697320616E6F7468657220676F6F53
:109A7000642063686F696365290D0A0D0A0D0A2366
:109A800020456E6473746F70730D0A656E64737431
:109A90006F70735F656E61626C65202020202020EE
:109AA00020202020202020202020202020202020B6
:109AB0002020202020202020747275652020202066
:109AC000202020202020202020232074686520656D
:109AD0006E6473746F70206D6F64756C652069734C
:109AE00020656E61626C65642062792064656661E0
:109AF000756C7420616E642063616E206265206401
:109B0000697361626C656420686572650D0A0D0A8F
:109B10002320580D0A616C7068615F6D696E5F6526
:109B20006E6473746F70202020202020202020205D
:109B30002020202020202020202020202020202025
:109B40002020342E34215E202020202020202020A0
:109B500020202023206164642061202120746F2054
:109B6000696E7665727420696620656E6473746FC1
:109B700070206973204E4F20636F6E6E656374654D
:109B80006420746F2067726F756E640D0A616C706B
:109B900068615F6D61785F656E6473746F702020BB
:109BA00020202020202020202020202020202020B5
:109BB000202020202020202020206E632020202014
:109BC000202020202020202020202023204E4F5401
:109BD000452073657420746F206E6320696620745D
:109BE000686973206973206E6F7420696E73746185
:109BF0006C6C65640D0A616C7068615F686F6D699B
:109C00006E675F646972656374696F6E20202020DF
:109C10002020202020202020202020202020202044
:109C2000202020686F6D655F746F5F6D696E202006
:109C30002020202023206F722073657420746F20F1
:109C4000686F6D655F746F5F6D617820616E642011
:109C500073657420616C7068615F6D61780D0A6175
:109C60006C7068615F6D696E2020202020202020AC
:109C700020202020202020202020202020202020E4
:109C800020202020202020202020202030202020C4
:109C9000202020202020202020202020202320746D
:109CA0006869732067657473206C6F6164656420F4
:109CB000616674657220686F6D696E67207768658C
:109CC0006E20686F6D655F746F5F6D696E2069737C
:109CD000207365740D0A616C7068615F66617374EE
:109CE0005F686F6D696E675F726174655F6D6D5FF0
:109CF0007320202020202020202020202020202011
:109D00002020203130302020202020202020202022
:109D100020202020232066656564726174657320AD
:109D2000696E206D6D2F7365636F6E640D0A616CD3
:109D30007068615F736C6F775F686F6D696E675F86
:109D4000726174655F6D6D5F73202020202020207C
:109D500020202020202020202020203235202020DC
:109D60002020202020202020202020202320220D01
:109D70000A616C7068615F686F6D696E675F7265BC
:109D800074726163745F6D6D20202020202020207C
:109D900020202020202020202020202020203520AE
:109DA00020202020202020202020202020202023B0
:109DB0002064697374616E636520696E206D6D0D3A
:109DC0000A616C7068615F6D61785F74726176655D
:109DD0006C20202020202020202020202020202037
:109DE000202020202020202020202020202035324C
:109DF000350D0A0D0A2320590D0A626574615F6DE5
:109E0000696E5F656E6473746F702020202020205F
:109E10002020202020202020202020202020202042
:109E200020202020202020342E33215E20202020BE
:109E30002020202020202020230D0A626574615FED
:109E40006D61785F656E6473746F702020202020D0
:109E50002020202020202020202020202020202002
:109E600020202020202020206E6320202020202061
:109E7000202020202020202020230D0A62657461EC
:109E80005F686F6D696E675F646972656374696F3F
:109E90006E20202020202020202020202020202074
:109EA000202020202020202020686F6D655F746FA7
:109EB0005F6D696E202020202020230D0A626574CA
:109EC000615F6D696E20202020202020202020202E
:109ED0002020202020202020202020202020202082
:109EE0002020202020202020202030202020202062
:109EF0002020202020202020202020230D0A626501
:109F000074615F666173745F686F6D696E675F72BD
:109F10006174655F6D6D5F732020202020202020FC
:109F20002020202020202020202020313030202000
:109F3000202020202020202020202020230D0A6205
:109F40006574615F736C6F775F686F6D696E675F73
:109F5000726174655F6D6D5F73202020202020206A
:109F600020202020202020202020202032352020CA
:109F700020202020202020202020202020230D0A07
:109F8000626574615F686F6D696E675F7265747238
:109F90006163745F6D6D2020202020202020202010
:109FA000202020202020202020202020203520209C
:109FB0002020202020202020202020202020230DB1
:109FC0000A626574615F6D61785F74726176656C59
:109FD0002020202020202020202020202020202081
:109FE0002020202020202020202020202020343746
:109FF000350D0A0D0A23205A0D0A67616D6D615FE8
:10A000006D696E5F656E6473746F70202020202010
:10A010002020202020202020202020202020202040
:10A0200020202020202020322E3133215E202020AD
:10A03000202020202020202023200D0A67616D6D24
:10A04000615F6D61785F656E6473746F702020204E
:10A050002020202020202020202020202020202000
:10A06000202020202020202020342E32215E20207D
:10A0700020202020202020202020232074686973A5
:10A0800020697320746865206472616770696E6707
:10A090002D75702073656E736F722C206E6F742037
:10A0A0007573656420617320656E6473746F702CC2
:10A0B000206275742063616E206265207265616440
:10A0C0006261636B20696620636F6E666967757293
:10A0D000656420686572650D0A67616D6D615F6812
:10A0E0006F6D696E675F646972656374696F6E2016
:10A0F0002020202020202020202020202020202060
:10A10000202020202020686F6D655F746F5F6D696F
:10A110006E20202020202023206966207A20697369
:10A12000207061726B65642069742077696C6C20A3
:10A130006E6F74206D6F76652028306D6D207265AE
:10A140007472616374290D0A67616D6D615F6D6979
:10A150006E202020202020202020202020202020B1
:10A1600020202020202020202020202020202020EF
:10A1700020202020203020202020202020202020CF
:10A180002020202020202320696620697473206EFF
:10A190006F74207061726B65642C2069742077691C
:10A1A0006C6C20616476616E636520756E74696C99
:10A1B00020697420736B6970730D0A67616D6D613E
:10A1C0005F666173745F686F6D696E675F726174FB
:10A1D000655F6D6D5F7320202020202020202020CF
:10A1E000202020202020202035302020202020204A
:10A1F000202020202020202020230D0A67616D6D63
:10A20000615F736C6F775F686F6D696E675F7261B6
:10A2100074655F6D6D5F732020202020202020203A
:10A220002020202020202020203235202020202007
:10A2300020202020202020202020230D0A67616D6F
:10A240006D615F686F6D696E675F7265747261637F
:10A25000745F6D6D202020202020202020202020D1
:10A2600020202020202020202020302020202020DE
:10A270002020202020202020202020230D0A67617C
:10A280006D6D615F6D61785F74726176656C2020C1
:10A2900020202020202020202020202020202020BE
:10A2A000202020202020202020202035300D0A0DC5
:10A2B0000A736F66745F656E6473746F702E656E7B
:10A2C00061626C652020202020202020202020207A
:10A2D00020202020202020202020202020207472D8
:10A2E00075650D0A736F66745F656E6473746F7065
:10A2F0002E785F6D696E20202020202020202020D5
:10A30000202020202020202020202020202020204D
:10A31000202D310D0A736F66745F656E6473746F00
:10A32000702E785F6D617820202020202020202052
:10A33000202020202020202020202020202020201D
:10A3400020203531310D0A736F66745F656E64735A
:10A35000746F702E795F6D696E2020202020202080
:10A3600020202020202020202020202020202020ED
:10A37000202020202D310D0A736F66745F656E6496
:10A3800073746F702E795F6D6178202020202020FB
:10A3900020202020202020202020202020202020BD
:10A3A00020202020203436310D0A736F66745F65DB
:10A3B0006E6473746F702E7A5F6D696E202020203A
:10A3C000202020202020202020202020202020208D
:10A3D000202020202020202D36302E30202020202C
:10A3E000202020202020202023206C696D697420EB
:10A3F00072616973656420746F2068616E646C6556
:10A4000020736869667420616674657220686F6D78
:10A41000650D0A736F66745F656E6473746F702E7A
:10A420007A5F6D61782020202020202020202020AD
:10A43000202020202020202020202020202020201C
:10A4400036302E30202020202020202020202020C8
:10A450002023206C696D69742072616973656420C2
:10A46000746F2068616E646C65207368696674201F
:10A47000616674657220686F6D650D0A736F66742E
:10A480005F656E6473746F702E68616C7420202039
:10A4900020202020202020202020202020202020BC
:10A4A00020202020202020202066616C73650D0A6A
:10A4B0000D0A7377697463682E6E315F7661632E5F
:10A4C000656E61626C6520202020202020202020E5
:10A4D0002020202020202020202020202020207428
:10A4E0007275650D0A7377697463682E6E315F76D5
:10A4F00061632E696E7075745F6F6E5F636F6D6DF3
:10A50000616E642020202020202020202020202078
:10A5100020204D3830300D0A7377697463682E6ED1
:10A52000315F7661632E696E7075745F6F66665F0A
:10A53000636F6D6D616E642020202020202020201C
:10A5400020202020204D3830310D0A737769746344
:10A55000682E6E315F7661632E6F75747075745FEF
:10A5600070696E2020202020202020202020202004
:10A570002020202020202020362E320D0A737769DB
:10A580007463682E6E315F7661632E6F75747075BB
:10A59000745F7479706520202020202020202020E6
:10A5A00020202020202020202020646967697461F9
:10A5B0006C0D0A7377697463682E6E315F76616320
:10A5C0002E636F6F7264696E617465202020202095
:10A5D000202020202020202020202020202020207B
:10A5E00074727565092320636F6F7264696E61749C
:10A5F000652077697468206D6F74696F6E0D0A0D40
:10A600000A7377697463682E6E325F7661632E65B4
:10A610006E61626C652020202020202020202020D8
:10A620002020202020202020202020202020747284
:10A6300075650D0A7377697463682E6E325F766193
:10A64000632E696E7075745F6F6E5F636F6D6D61A1
:10A650006E64202020202020202020202020202068
:10A66000204D3830340D0A7377697463682E6E326A
:10A670005F7661632E696E7075745F6F66665F6387
:10A680006F6D6D616E64202020202020202020200E
:10A69000202020204D3830350D0A737769746368A7
:10A6A0002E6E325F7661632E6F75747075745F7095
:10A6B000696E202020202020202020202020202003
:10A6C00020202020202020362E330D0A7377697435
:10A6D00063682E6E325F7661632E6F757470757469
:10A6E0005F747970652020202020202020202020E9
:10A6F0002020202020202020206469676974616C5C
:10A700000D0A7377697463682E6E325F7661632E0B
:10A71000636F6F7264696E61746520202020202051
:10A7200020202020202020202020202020202074D5
:10A73000727565092320636F6F7264696E61746559
:10A740002077697468206D6F74696F6E0D0A0D0A49
:10A750007377697463682E7661632E656E61626CCF
:10A7600065202020202020202020202020202020A4
:10A7700020202020202020202020202020747275DE
:10A78000650D0A7377697463682E7661632E696E4E
:10A790007075745F6F6E5F636F6D6D616E642020A6
:10A7A00020202020202020202020202020202020A9
:10A7B0004D3830380D0A7377697463682E7661639B
:10A7C0002E696E7075745F6F66665F636F6D6D6125
:10A7D0006E642020202020202020202020202020E7
:10A7E0002020204D3830390D0A7377697463682E44
:10A7F0007661632E6F75747075745F70696E20205A
:10A800002020202020202020202020202020202048
:10A81000202020202020342E35210D0A73776974E2
:10A8200063682E7661632E6F75747075745F7479CA
:10A830007065202020202020202020202020202083
:10A84000202020202020202020687770776D0D0A9E
:10A850007377697463682E7661632E70776D5F70AD
:10A860006572696F645F6D73202020202020202096
:10A8700020202020202020202020202020302E30AA
:10A8800036323520232031366B487A0D0A0D0A7393
:10A8900077697463682E6C656475702E656E61628D
:10A8A0006C65202020202020202020202020202017
:10A8B0002020202020202020202020207472756558
:10A8C0000D0A7377697463682E6C656475702E6900
:10A8D0006E7075745F6F6E5F636F6D6D616E642017
:10A8E0002020202020202020202020202020204D3B
:10A8F0003831300D0A7377697463682E6C6564753E
:10A90000702E696E7075745F6F66665F636F6D6DD4
:10A91000616E642020202020202020202020202064
:10A9200020204D3831310D0A7377697463682E6CBD
:10A93000656475702E6F75747075745F70696E20C4
:10A940002020202020202020202020202020202007
:10A950002020202020362E350D0A73776974636815
:10A960002E6C656475702E6F75747075745F747974
:10A970007065202020202020202020202020202042
:10A980002020202020202070776D0D0A0D0A73777B
:10A99000697463682E626C6F772E656E61626C6598
:10A9A00020202020202020202020202020202020A7
:10A9B0002020202020202020202020747275650D6A
:10A9C0000A7377697463682E626C6F772E696E7094
:10A9D00075745F6F6E5F636F6D6D616E64202020B4
:10A9E00020202020202020202020202020204D3822
:10A9F00031320D0A7377697463682E626C6F772E3B
:10AA0000696E7075745F6F66665F636F6D6D616EA2
:10AA100064202020202020202020202020202020F2
:10AA2000204D3831330D0A7377697463682E626C78
:10AA30006F772E6F75747075745F70696E2020204B
:10AA40002020202020202020202020202020202006
:10AA500020202020342E36210D0A73776974636814
:10AA60002E626C6F772E6F75747075745F74797069
:10AA70006520202020202020202020202020202091
:10AA800020202020202020687770776D0D0A7377B2
:10AA9000697463682E626C6F772E70776D5F706576
:10AAA00072696F645F6D7320202020202020202099
:10AAB0002020202020202020202020302E30363240
:10AAC0003520232031366B487A202876616C7565F5
:10AAD0002066726F6D2073746F636B206669726D90
:10AAE00077617265290D0A0D0A2320776F726B203A
:10AAF0006C69676874206F6E207468652067616E8A
:10AB00007472790D0A7377697463682E6C65647763
:10AB10006F726B2E656E61626C6520202020202094
:10AB20002020202020202020202020202020202025
:10AB30002020747275650D0A7377697463682E6CD2
:10AB40006564776F726B2E696E7075745F6F6E5F80
:10AB5000636F6D6D616E64202020202020202020F6
:10AB600020202020204D3831340D0A73776974631A
:10AB7000682E6C6564776F726B2E696E7075745F8A
:10AB80006F66665F636F6D6D616E642020202020AC
:10AB900020202020202020204D3831350D0A7377C9
:10ABA000697463682E6C6564776F726B2E6F757451
:10ABB0007075745F70696E20202020202020202076
:10ABC0002020202020202020202020362E340D0A76
:10ABD0007377697463682E6C6564776F726B2E6F20
:10ABE00075747075745F7479706520202020202042
:10ABF0002020202020202020202020202070776D61
:10AC00000D0A0D0A23206C69676874206F6E20742A
:10AC100068652063616D6572610D0A73776974639D
:10AC2000682E6C6564646F776E2E656E61626C650C
:10AC30002020202020202020202020202020202014
:10AC40002020202020202020747275650D0A737743
:10AC5000697463682E6C6564646F776E2E696E70BC
:10AC600075745F6F6E5F636F6D6D616E6420202021
:10AC700020202020202020202020204D3832320D7E
:10AC80000A7377697463682E6C6564646F776E2EDF
:10AC9000696E7075745F6F66665F636F6D6D616E10
:10ACA00064202020202020202020202020204D381B
:10ACB00032330D0A7377697463682E6C6564646F50
:10ACC000776E2E6F75747075745F70696E202020BA
:10ACD0002020202020202020202020202020202074
:10ACE00020332E31352023204F54320D0A737769DB
:10ACF0007463682E6C6564646F776E2E6F75747004
:10AD000075745F7479706520202020202020202019
:10AD10002020202020202020202064696769746181
:10AD20006C0D0A7377697463682E6C6564646F7761
:10AD30006E2E6F75747075745F7479706520202045
:10AD40002020202020202020202020202020202003
:10AD5000687770776D0D0A7377697463682E6C6518
:10AD600064646F776E2E70776D5F706572696F6463
:10AD70005F6D7320202020202020202020202020F4
:10AD800020202020302E3036323520232031366BE3
:10AD9000487A0D0A0D0A7377697463682E647261CC
:10ADA0006770696E2E656E61626C652020202020C0
:10ADB0002020202020202020202020202020202093
:10ADC000202020747275650D0A7377697463682E8C
:10ADD0006472616770696E2E6472616770696E205B
:10ADE0002020202020202020202020202020202063
:10ADF0002020202020207472756520232064656641
:10AE0000696E65206173206472616770696E202DC0
:10AE10003E207761697420666F722070696E2075BC
:10AE200070200D0A202020202020202020202020FB
:10AE30002020202020202020202020202020202012
:10AE40002020202020202020202020202020202002
:10AE500020202020202023202121207468652069C3
:10AE60006E7075742F73656E736F722069732068CE
:10AE7000617264636F64656420746F20342E3220C5
:10AE8000616E6420636F6E666967757265642061C8
:10AE9000732067616D6D615F6D61785F656E64736E
:10AEA000746F700D0A7377697463682E64726167DA
:10AEB00070696E2E696E7075745F6F6E5F636F6D13
:10AEC0006D616E6420202020202020202020202062
:10AED00020204D3831360D0A7377697463682E640B
:10AEE00072616770696E2E696E7075745F6F6666E9
:10AEF0005F636F6D6D616E64202020202020202014
:10AF000020202020204D3831370D0A737769746373
:10AF1000682E6472616770696E2E6F7574707574D7
:10AF20005F70696E202020202020202020202020FB
:10AF30002020202020202020332E31340D0A73774A
:10AF4000697463682E6472616770696E2E6F7574C0
:10AF50007075745F74797065202020202020202077
:10AF60002020202020202020202020687770776D4E
:10AF70000D0A7377697463682E6472616770696E15
:10AF80002E70776D5F706572696F645F6D732020DE
:10AF900020202020202020202020202020202030A1
:10AFA0002E3036323520232031366B487A0D0A7325
:10AFB00077697463682E6472616770696E2E70774A
:10AFC0006D5F6D61785F706572696F645F6D73202E
:10AFD00020202020202020202020202032300D0A78
:10AFE0007377697463682E6472616770696E2E701E
:10AFF000776D5F726564756365645F76616C202050
:10B000002020202020202020202020202031330D2F
:10B010000A7377697463682E6472616770696E2E53
:10B02000636F6F7264696E61746520202020202038
:10B03000202020202020202020202020202074726A
:10B040007565092320636F6F7264696E6174652092
:10B0500077697468206D6F74696F6E0D0A0D0A73DD
:10B0600077697463682E62757A7A65722E656E618F
:10B07000626C6520202020202020202020202020FD
:10B080002020202020202020202020207472756580
:10B090000D0A7377697463682E62757A7A65722E09
:10B0A000696E7075745F6F6E5F636F6D6D616E64F6
:10B0B0002020202020202020202020202020204D63
:10B0C0003832300D0A7377697463682E62757A7A44
:10B0D00065722E696E7075745F6F66665F636F6D03
:10B0E0006D616E6420202020202020202020202040
:10B0F00020204D3832310D0A7377697463682E62EF
:10B10000757A7A65722E6F75747075745F70696E7A
:10B11000202020202020202020202020202020202F
:10B120002020202020312E370D0A73776974636840
:10B130002E62757A7A65722E6F75747075745F748D
:10B140007970652020202020202020202020202011
:10B15000202020202020206469676974616C0D0A1A
:10B160000D0A7377697463682E78797A626364650F
:10B170006E2E656E61626C652020202020202020CC
:10B18000202020202020202020202020202020746B
:10B190007275650D0A7377697463682E78797A62BF
:10B1A0006364656E2E6F75747075745F70696E2060
:10B1B000202020202020202020202020202020208F
:10B1C0002020342E370D0A7377697463682E7879DE
:10B1D0007A626364656E2E6F75747075745F7479CE
:10B1E00070652020202020202020202020202020CA
:10B1F000202020206469676974616C0D0A0D0A7350
:10B2000077697463682E6F74656E2E656E61626C0B
:10B2100065202020202020202020202020202020E9
:10B2200020202020202020202020202074727565DE
:10B230000D0A7377697463682E6F74656E2E6F756F
:10B24000747075745F70696E20202020202020208B
:10B2500020202020202020202020202020202033DB
:10B260002E31310D0A7377697463682E6F74656EC1
:10B270002E6F75747075745F74797065202020204E
:10B2800020202020202020202020202020202020BE
:10B2900020206469676974616C0D0A0D0A7377690F
:10B2A0007463682E63616D73772E656E61626C6581
:10B2B000202020202020202020202020202020208E
:10B2C00020202020202020202020747275650D0A67
:10B2D0007377697463682E63616D73772E696E701E
:10B2E00075745F6F6E5F636F6D6D616E642020209B
:10B2F000202020202020202020202020204D3831F8
:10B30000380D0A7377697463682E63616D73772EE5
:10B31000696E7075745F6F66665F636F6D6D616E89
:10B3200064202020202020202020202020202020D9
:10B330004D3831390D0A7377697463682E63616D16
:10B3400073772E6F75747075745F70696E2020202E
:10B3500020202020202020202020202020202020ED
:10B36000202020362E31300D0A7377697463682EE1
:10B3700063616D73772E6F75747075745F74797017
:10B380006520202020202020202020202020202078
:10B390002020202020206469676974616C0D0A0DEB
:10B3A0000A74656D70657261747572655F636F6E46
:10B3B00074726F6C2E763173656E73652E656E6177
:10B3C000626C652020202020202020202020747204
:10B3D00075650D0A74656D70657261747572655F6F
:10B3E000636F6E74726F6C2E763173656E73652E3B
:10B3F000746865726D6973746F725F70696E202016
:10B4000020302E360D0A74656D7065726174757228
:10B41000655F636F6E74726F6C2E763173656E73D9
:10B42000652E6865617465725F70696E20202020EA
:10B430002020206E630D0A74656D706572617475ED
:10B4400072655F636F6E74726F6C2E763173656EAA
:10B4500073652E746865726D6973746F7220202035
:10B46000202020204550434F533130304B0D0A747B
:10B47000656D70657261747572655F636F6E74720D
:10B480006F6C2E763173656E73652E6465736967B4
:10B490006E61746F722020202020202056310D0A0A
:10B4A0000D0A74656D70657261747572655F636FA6
:10B4B0006E74726F6C2E763273656E73652E656E68
:10B4C00061626C6520202020202020202020207414
:10B4D0007275650D0A74656D70657261747572655B
:10B4E0005F636F6E74726F6C2E763273656E736508
:10B4F0002E746865726D6973746F725F70696E2007
:10B500002020302E350D0A74656D7065726174757A
:10B5100072655F636F6E74726F6C2E763273656ED8
:10B5200073652E6865617465725F70696E20202096
:10B53000202020206E630D0A74656D706572617441
:10B540007572655F636F6E74726F6C2E76327365A1
:10B550006E73652E746865726D6973746F722020E6
:10B5600020202020204550434F533130304B0D0ACE
:10B5700074656D70657261747572655F636F6E740A
:10B58000726F6C2E763273656E73652E64657369A7
:10B59000676E61746F722020202020202056320DAB
:10B5A0000A0D0A23204F6E6C79206E656564656410
:10B5B000206F6E206120736D6F6F74686965626FB4
:10B5C0006172640D0A63757272656E74636F6E7476
:10B5D000726F6C5F6D6F64756C655F656E61626CD8
:10B5E0006520202020202020202020202020202016
:10B5F000202066616C7365202020202020202020E0
:10B60000202020230D0A0D0A72657475726E5F6525
:10B6100072726F725F6F6E5F756E68616E646C657B
:10B62000645F67636F646520202020202020202035
:10B63000202020202066616C73652020202020209F
:10B64000202020202020230D0A0D0A005741524EB1
:10B65000494E47205761746368646F67206973209F
:10B6600064697361626C65640A00000063686D74EC
:10B670002D38326331326663300000004E6F762021
:10B68000323920323032342031353A35333A32389B
:10B690000000000061000000000000000000000049
:10B6A0004904000869040008313B00083D04000813
:10B6B000410400088D040008450400080000000053
:10B6C0004552524F523A2063616C6C696E67207626
:10B6D000616C756520616674657220636F6E666962
:10B6E0006720636163686520686173206265656EC9
:10B6F00020636C65617265640A0000006669726DA2
:10B70000000000002F6C6F63616C2F636F6E6669C1
:10B71000670000006C6F63616C0000002F6C6F634A
:10B72000616C2F636F6E6669672E74787400000019
:10B730002F73642F636F6E66696700007364000087
:10B740002F73642F636F6E6669672E7478740000C0
:10B75000253364202D2025303458202530345820BE
:10B7600025303458203A2027257327202D20666F56
:10B77000756E643A2025642C2064656661756C746E
:10B780003A2025642C2064656661756C742D646FA5
:10B7900075626C653A2025662C2064656661756C5F
:10B7A000742D696E743A2025640A00005741524E88
:10B7B000494E473A206475706C6963617465206313
:10B7C0006F6E666967206C696E65207265706C616A
:10B7D000636564000000000000000000000000003D
:10B7E000890B0008950B0008C5BE0108C5BE0108FD
:10B7F000C5BE0108C5BE0108F90C0008110D0008FE
:10B80000200900004552524F523A20636F6E66691C
:10B81000672066696C65206C696E652025732069F8
:10B820007320696E76616C69642C206E6F206B6585
:10B83000792076616C7565207061697220666F751C
:10B840006E640D0A0000000062617369635F7374C7
:10B8500072696E673A3A7375627374720000000021
:10B860000D0A2320090000004552524F523A20632E
:10B870006F6E6669672066696C65206C696E65200D
:10B88000257320686173206E6F2076616C75650D7D
:10B890000A000000636F756C64206E6F7420666927
:10B8A0006E6420636F6E6669672073657474696E79
:10B8B000672C20706C656173652073656520687402
:10B8C00074703A2F2F736D6F6F746869657761724A
:10B8D000652E6F72672F636F6E6669677572696E2A
:10B8E000672D736D6F6F746869650D0A0000000045
:10B8F000636F6E6669672073657474696E6720771D
:10B900006974682076616C7565202725732720612E
:10B910006E6420636865636B73756D735B2530348B
:10B92000582C253034582C253034585D206973202C
:10B930006E6F7420612076616C6964206E756D6233
:10B9400065722C20706C6561736520736565206875
:10B950007474703A2F2F736D6F6F746869657761B7
:10B9600072652E6F72672F636F6E66696775726995
:10B970006E672D736D6F6F746869650D0A00000046
:10B98000636F6E6669672073657474696E6720778C
:10B990006974682076616C7565202725732720619E
:10B9A0006E6420636865636B73756D735B253034FB
:10B9B000582C253034582C253034585D206973209C
:10B9C0006E6F7420612076616C696420696E742CDE
:10B9D00020706C6561736520736565206874747090
:10B9E0003A2F2F736D6F6F74686965776172652E7A
:10B9F0006F72672F636F6E6669677572696E672D08
:10BA0000736D6F6F746869650D0A00007479310099
:10BA1000000002400004024000080240000C024006
:10BA2000001002400014024000180240001C0240B6
:10BA300000200240000000000000000000000000A4
:10BA40000D1D00082D1D0008313B00083D040008B5
:10BA500041040008411000084504000800000000EF
:10BA600042524F574E2D4F555420000050494E2002
:10BA700000000000504F5745522D4F4E200000004F
:10BA8000534F4654574152452D524553455420007B
:10BA9000494E444550454E44414E542D5741544320
:10BAA00048444F472000000057494E444F572D57F8
:10BAB00041544348444F4720000000004C4F572D4D
:10BAC000504F5745522000002F0000003C0000005E
:10BAD000416C61726D000000486F6D6500000000F0
:10BAE000486F6C640000000049646C650000000051
:10BAF00052756E0025312E34662C25312E34662C7D
:10BB000025312E34660000007C4D506F733A0000E2
:10BB10002C25312E346600007C57506F733A00009C
:10BB20007C463A25312E31662C25312E31662C2566
:10BB3000312E3166000000007C463A25312E3166F8
:10BB40002C25312E316600007C25733A25312E31AB
:10BB5000662C25312E3166003E0A000025303278F1
:10BB60000000000075736564000000006672656582
:10BB70000000000053746172743A20257562204DF4
:10BB8000656D6F7279506F6F6C2061742025700A3B
:10BB900000000000094368756E6B206174202570F9
:10BBA0002028252B3464293A2025732C20256C75F8
:10BBB0002062797465730A00456E643A20746F746C
:10BBC000616C20256C75622C20667265653A2025B3
:10BBD0006C75620A00000000000000000000000018
:10BBE000112B00081D2B0008E92A0008ED2A000887
:10BBF000F12A0008F52A0008F92A0008FD2A0008A1
:10BC0000012B0008052B0008092B00080D2B00084C
:10BC10000C00000001000000100000000100000006
:10BC200014000000010000001800000001000000E6
:10BC30001C000000010000002000000001000000C6
:10BC400024000000010000002800000001000000A6
:10BC50002C0000000100000000000240000402402F
:10BC600000080240000C0240001002400014024094
:10BC700000180240001C0240002002406E630000D9
:10BC800000000000000000005D2E00086D2E00087E
:10BC90000000000000000000212F0008352F0008E0
:10BCA000E92A0008ED2A0008F12A0008F52A000810
:10BCB000F92A0008FD2A0008012B0008052B0008BE
:10BCC000092B00080D2B00080000000000000000F8
:10BCD0008D300008FD30000885300008ED2A00088E
:10BCE000F12A0008F52A0008AD300008FD2A0008F6
:10BCF000012B0008052B0008092B00080D2B00085C
:10BD0000000000000000000091320008C13200086D
:10BD1000E92A0008ED2A0008F12A0008F52A00089F
:10BD2000F92A0008FD2A0008012B0008052B00084D
:10BD300029330008D53200086269747365743A3A91
:10BD400073657400000000000000000000000000A7
:10BD5000F53A0008153B0008ED3A00083D040008DC
:10BD600041040008293B00084504000800000000C9
:10BD70000000000000000000E13A0008013B00085C
:10BD8000313B00083D04000841040008C5BE01081D
:10BD900045040008000000002E000000303132335E
:10BDA0003435363738392D2E6162636465667078B4
:10BDB0004142434445465058000000002E2E2F00BB
:10BDC0002E2E000025312E3466200000473500005D
:10BDD00062617369635F737472696E673A3A5F5345
:10BDE0005F636F6E737472756374206E756C6C2014
:10BDF0006E6F742076616C696400000000000000C2
:10BE000000000000000000009D480008B148000844
:10BE100059480008ED2A0008F12A0008F52A000810
:10BE20004D480008FD2A0008012B0008052B0008DA
:10BE3000092B00080D2B0008000000000000000086
:10BE4000C5BE0108C5BE0108C5BE0108F54A000807
:10BE5000FD4A0008014B00080D4B000800000000DF
:10BE600000000000000000002D4B0008714B00088E
:10BE70007D540008214B0008114D0008494F00086F
:10BE8000F90C0008110D00085472756E6361746539
:10BE900064206C6F6E67206C696E65202564206974
:10BEA0006E3A2025730A00004552524F523A206ED6
:10BEB0006F20636F6E6669672066696C6520666FC8
:10BEC000756E640D00000000722B0000202300003E
:10BED00020202020202020202000000020202020C2
:10BEE0002020202020232061646465640A00000073
:10BEF0002F7364002F6C6F63616C0000496E636C7C
:10BF00007564696E6720636F6E6669672066696C29
:10BF1000653A2025730A0000556E61626C652074D5
:10BF20006F2066696E6420696E636C756465642059
:10BF3000636F6E6669672066696C653A2025730ACF
:10BF400000000000000000000000000000000000F1
:10BF5000E1540008ED54000801550008D1540008D0
:10BF6000DD54000889550008F90C0008110D00087F
:10BF700000000000000000009D560008C1560008A7
:10BF8000313B00083D04000841040008ED5600085C
:10BF90004504000800000000020000000500000049
:10BFA000090000001E00000069000000720000008F
:10BFB00073000000770000005000000051000000F6
:10BFC0008F030000F70100006A0000006B00000012
:10BFD0005254532F435453004E4F4E45000000001F
:10BFE0006C6F61645F636F6D6D616E640000000073
:10BFF000736176655F636F6D6D616E640000000054
:10C000003B4C617374207265736574207761732093
:10C0100025732C2048616C74696E67204B65726EC5
:10C02000656C2120506F776572206379636C6520A1
:10C030006F72204D39393920746F20636F6E7469C7
:10C040006E75650A000000002A0000004E30313293
:10C05000333435363738392E2C2D20003B2800005C
:10C06000474D00005741524E494E473A20416674B1
:10C0700065722048414C5420796F752073686F7544
:10C080006C6420484F4D4520617320706F73697454
:10C09000696F6E2069732063757272656E746C7956
:10C0A00020756E6B6E6F776E0A0000006572726F9E
:10C0B000723A416C61726D206C6F636B0A00000014
:10C0C00021210A006F6B202D20496E76616C696416
:10C0D000204735330A0000002F73642F0000000052
:10C0E0007700000057726974696E6720746F20666C
:10C0F000696C653A2025730A6F6B0A006F70656E74
:10C10000206661696C65642C2046696C653A20255F
:10C11000732E0A6F6B0A00004D3500004D39000088
:10C120006F6B20456D657267656E63792053746F20
:10C130007020526571756573746564202D20726579
:10C14000736574206F72204D3939392072657175AD
:10C150006972656420746F20657869742048414C69
:10C16000542073746174650A000000004649524D02
:10C17000574152455F4E414D453A536D6F6F74685C
:10C180006965776172652C204649524D5741524589
:10C190005F55524C3A68747470252533412F2F73C4
:10C1A0006D6F6F74686965776172652E6F72672C49
:10C1B00020582D534F555243455F434F44455F55DB
:10C1C000524C3A6874747073252533412F2F676978
:10C1D000746875622E636F6D2F6A616E6D303132D7
:10C1E0003031322F536D6F6F746869657761726596
:10C1F0002D43484D542C204649524D574152455FDE
:10C2000056455253494F4E3A25732C20582D4649D6
:10C21000524D574152455F4255494C445F44415449
:10C22000453A25732C20582D53595354454D5F439F
:10C230004C4F434B3A256C644D487A2C20582D4185
:10C240005845533A25642C20582D50415845533AAF
:10C2500025642C20582D4752424C5F4D4F44453A9F
:10C2600025642C20582D53455249414C5F464C4F74
:10C27000573A25732C20582D4153573A312C2058CA
:10C280002D434F4F5244494E4154453A310000002E
:10C290000A6F6B0A0000000068656C700000000007
:10C2A000436F6D6D616E64206E6F7420666F756E86
:10C2B000643A2025730A00002F73642F636F6E6643
:10C2C00069672D6F76657272696465003B20444F23
:10C2D000204E4F5420454449542054484953204649
:10C2E000494C450A0000000053657474696E677319
:10C2F0002053746F72656420746F2025730A6F6B0E
:10C300000A0000002F73642F636F6E6669672D6FDC
:10C31000766572726964652E00000000636F6E6658
:10C320006967206F766572726964652066696C65FD
:10C330002064656C657465642025732C20726562C9
:10C340006F6F74206E65656465640A6F6B0A000028
:10C350003B20636F6E666967206F766572726964F1
:10C36000652070726573656E743A2025730A00004B
:10C370003B204E6F20636F6E666967206F76657233
:10C38000726964650A0000006572726F723A00009B
:10C390004572726F723A2000756E6B6E6F776E0A1F
:10C3A00000000000456E746572696E6720416C6123
:10C3B000726D2F48616C742073746174650A00009B
:10C3C0006F6B25730A0000004D323900446F6E65B3
:10C3D00020736176696E672066696C652E0A6F6BE3
:10C3E0000A0000004572726F723A6572726F7220B5
:10C3F00077726974696E6720746F2066696C652E48
:10C400000A0000007273204E25640A0058595A46EB
:10C41000000000006F6B202D2069676E6F726564ED
:10C420000A00000047256420000000000000000012
:10C4300000000000000000001957000859570008CC
:10C4400011570008ED2A0008A1570008F52A000836
:10C45000F92A0008FD2A0008012B0008052B000816
:10C46000092B00080D2B0008000000000000000050
:10C470002568000849680008556B000875680008C1
:10C48000F12A0008F52A0008F92A0008FD2A000808
:10C49000012B0008052B0008092B00080D2B0008B4
:10C4A00011680008FCFFFFFF000000004168000861
:10C4B0006D680008313B00083D0400084104000895
:10C4C0001D6800084504000800000000000000008E
:10C4D000817400089D74000821740008ED2A00088A
:10C4E000F12A0008F52A00085D760008FD2A0008F8
:10C4F000012B0008052B0008FD7600080D2B000815
:10C500000000000000000000817D0008957D00080B
:10C51000C5BE0108C5BE01088D7D0008917D0008DB
:10C520000000C07F0000C07F0000C07F0000C07F0F
:10C530000000000000000000F99400083995000890
:10C5400045A00008ED2A0008F12A0008FDA5000812
:10C55000F92A0008FD2A0008012B0008052B000815
:10C56000092B00080D2B00085741524E494E473AFF
:10C57000206163747561746F722025642072617428
:10C5800065206578636565647320626173655F73B8
:10C5900074657070696E675F6672657175656E63EC
:10C5A00079202A202E2E2E5F73746570735F70655C
:10C5B000725F6D6D3A2025662C2073657474696E08
:10C5C0006720746F2025660A000000004D503A581D
:10C5D0003A252E3266593A252E32665A3A252E329F
:10C5E00066000000434D503A583A252E3266593ABB
:10C5F000252E32665A3A252E326600005743533AAA
:10C60000583A252E3266593A252E32665A3A252E48
:10C61000326600004D43533A583A252E3266593A55
:10C62000252E32665A3A252E3266000041504F536D
:10C630003A583A252E3266593A252E32665A3A250C
:10C640002E32660025633A252E316600536F6674DC
:10C6500020456E6473746F702025632077617320AA
:10C660006578636565646564202D20726573657403
:10C67000206F72202458206F72204D393939207272
:10C68000657175697265640A00000000536F667415
:10C6900020456E6473746F7020256320776173206A
:10C6A0006578636565646564202D20656E746972C4
:10C6B00065206D6F76652069676E6F7265640A002C
:10C6C000556E646566696E65642066656564207292
:10C6D00061746500666565642072617465203C2044
:10C6E00030000000464154414C3A20746F6F206D79
:10C6F000616E79206D6F746F72732C20696E637236
:10C7000065617365206B5F6D61785F6163747561EE
:10C71000746F72730A0000006361727465736961FB
:10C720006E000000464154414C3A206D6F746F72A8
:10C73000202563206973206E6F7420646566696EBE
:10C74000656420696E20636F6E6669670A00000089
:10C75000464154414C3A206D6F746F72202564201D
:10C76000646F6573206E6F74206D617463682069F7
:10C770006E6465782025640A00000000456E6162E1
:10C780006C65640044697361626C6564000000005C
:10C790002025633A202567200000000020533A201E
:10C7A00025672000536F667420656E6473746F7024
:10C7B0007320617265202573000000002C25632022
:10C7C0006D696E2069732064697361626C656400D1
:10C7D0002C2563206D617820697320646973616220
:10C7E0006C6564002C25632061786973206973206F
:10C7F0006E6F7420686F6D6564000000537065652E
:10C800006420666163746F722061742025362E3255
:10C81000662025250A0000003B5374657073207064
:10C82000657220756E69743A0A4D39322000000035
:10C830003B416363656C65726174696F6E206D6DF9
:10C840002F7365635E323A0A4D32303420532531FE
:10C850002E35662000000000256325312E35662028
:10C86000000000003B582D204A756E6374696F6E9E
:10C8700020446576696174696F6E2C205A2D205AA8
:10C88000206A756E6374696F6E2064657669617481
:10C89000696F6E2C2053202D204D696E696D756D6A
:10C8A00020506C616E6E6572207370656564206DDA
:10C8B0006D2F7365633A0A4D323035205825312E7D
:10C8C0003566205A25312E3566205325312E3566A2
:10C8D0000A0000003B4D61782063617274657369E2
:10C8E000616E2066656564726174657320696E208F
:10C8F0006D6D2F7365633A0A4D3230332058253100
:10C900002E3566205925312E3566205A25312E3593
:10C9100066205325312E35660A0000003B4D6178B4
:10C92000206163747561746F7220666565647261FD
:10C9300074657320696E206D6D2F7365633A0A4DBF
:10C940003230332E3120000020256325312E34660D
:10C95000000000003B5743532073657474696E6791
:10C96000730A00004739322E332058256620592596
:10C9700066205A25660A000025633A2025382E34A1
:10C980006620000044656C7461207365676D656E98
:10C9900074732073657420746F2025382E346620DC
:10C9A000736567732F7365630A0000006D6D2070F7
:10C9B0006572206C696E65207365676D656E7420A5
:10C9C00073657420746F2025382E34660A000000C9
:10C9D0004E4F5445207468697320666F726D6174A0
:10C9E00020697320646570726563617465642C20CE
:10C9F000557365204D3230332E3120696E73746566
:10CA000061640A003B4F7074696F6E616C206172E3
:10CA10006D20736F6C7574696F6E207370656369D8
:10CA20006669632073657474696E67733A0A4D367C
:10CA300036350000473130204C32205025642058D4
:10CA4000256620592566205A2566203B2025730A35
:10CA500000000000000000000000000000000000D6
:10CA6000F9C2000805C30008D9C20008E9C20008DD
:10CA70008D7D0008917D000800000000000000008E
:10CA80009DC30008A9C3000819C3000859C30008C2
:10CA90008D7D0008917D000800000000000000006E
:10CAA00069C4000875C400080DC4000835C4000836
:10CAB0008D7D0008917D000800000000000000004E
:10CAC000000000000000000089C4000895C40008B0
:10CAD000A9C40008ADC50008B1C9000809CB000809
:10CAE0000000000000000000000000000000000046
:10CAF00051CE00085DCE000871CE000895CF000829
:10CB0000C1D1000885D2000800000000000000002C
:10CB100000000000000000006DD5000879D5000875
:10CB200079D80008B5DC00088DD500080DDD0008B7
:10CB30002F2F4552524F523A2044656C7461206346
:10CB4000616C63756C6174696F6E206661696C21DC
:10CB50002020556E61626C6520746F206D6F766564
:10CB600020746F3A0A0000002F2F20202020783DEB
:10CB70002025660A000000002F2F20202020793D6C
:10CB80002025660A000000002F2F202020207A3D5B
:10CB90002025660A000000002F2F2043616C635A95
:10CBA0003D2025660A0000002F2F204F66667A3D43
:10CBB0002025660A000000002F2F636172746573E0
:10CBC00069616E20783D2025660A0D002F2F20799F
:10CBD0003D2025660A0D00002F2F207A3D20256676
:10CBE0000A0D00002F2F204F66667A3D2025660A29
:10CBF0000D0000002F2F206163747561746F722027
:10CC0000783D2025660A0D000000000000000000AD
:10CC10000DE0000819E0000899DF0008D1DF0008E6
:10CC20008D7D0008917D00080C700E7A9EB61582ED
:10CC30002C5B7D411057AC43AE3D51A6A15BA36573
:10CC4000340CAA45C11E13ADA52E4281447BE627B4
:10CC5000093F0B499B881233290C7AFD0D17A92A2D
:10CC6000AB244E7200000000000000000000000035
:10CC7000A1E00008FDE100086DFC0008ED2A0008B5
:10CC8000F12A0008A907010855E60008FD2A000856
:10CC9000C9E000087DE10008092B00080D2B000801
:10CCA0004C696D6974207377697463682025632506
:10CCB000632077617320686974202D207265736525
:10CCC00074206F72204D393939207265717569721F
:10CCD00065640A00414C41524D3A2048617264201B
:10CCE0006C696D697420256325630A00473533201C
:10CCF0004730205830205930204625312E346600E8
:10CD00006572726F723A20417869732058206D7590
:10CD1000737420626520686F6D6564206265666F5C
:10CD200072652073657474696E6720486F6D696EF3
:10CD300067206F66667365740A0000006572726F23
:10CD4000723A20417869732059206D75737420629E
:10CD50006520686F6D6564206265666F726520731B
:10CD6000657474696E6720486F6D696E67206F66C1
:10CD7000667365740A0000006572726F723A204132
:10CD8000786973205A206D75737420626520686F0E
:10CD90006D6564206265666F726520736574746981
:10CDA0006E6720486F6D696E67206F666673657485
:10CDB0000A000000486F6D696E67204F66667365F4
:10CDC000743A20582025352E336620592025352EDB
:10CDD0003366205A2025352E33662077696C6C2007
:10CDE00074616B6520656666656374206E65787432
:10CDF00020686F6D650A00004735332047302058A2
:10CE00002566205925660000686F6D655F746F5F49
:10CE10006D696E00686F6D655F746F5F6D6178003E
:10CE20004552524F523A20656E6473746F702025DC
:10CE3000642069732067726561746572207468612B
:10CE40006E206E756D626572206F6620646566691E
:10CE50006E6564206D6F746F72732E20456E6473FF
:10CE6000746F70732064697361626C65640A00009A
:10CE70006E6F6E65000000005741524E494E473AB2
:10CE8000204E6F7468696E6720746F20686F6D65DF
:10CE90000A0000004552524F523A20486F6D696EA9
:10CEA00067206379636C65206661696C6564202D19
:10CEB00020636865636B20746865206D61785F74BA
:10CEC000726176656C2073657474696E67730A00AD
:10CED000414C41524D3A20486F6D696E6720666142
:10CEE000696C0A005F6D696E000000005F6D61781B
:10CEF0000000000025633A25642000006572726F0F
:10CF0000723A556E737570706F7274656420636FDA
:10CF10006D6D616E640A000070696E732D00000013
:10CF200025733A25640000004C0000002825732971
:10CF30005025642E25643A25640000002564000015
:10CF40002077696C6C2074616B652065666665632B
:10CF500074206E65787420686F6D650A00000000AB
:10CF600025633A2025352E33662000003B486F6D3F
:10CF700065206F666673657420286D6D293A0A4DC9
:10CF80003230362000000000256325312E32662025
:10CF9000000000003B5468657461206F666673652D
:10CFA00074202864656772656573293A0A4D3230CA
:10CFB00036204125312E3566204225312E3566201A
:10CFC0004325312E35660A003B5472696D20286D69
:10CFD0006D293A0A4D363636205825312E336620D3
:10CFE0005925312E3366205A25312E33660A00002A
:10CFF0003B4D6178205A0A4D363635205A25312E60
:10D0000033660A003B707265646566696E6564200C
:10D01000706F736974696F6E3A0A4732382E312027
:10D020005825312E3466205925312E34660A0000E9
:10D030004D6178205A2025382E33662000000000EC
:10D04000583A2025352E336620593A2025352E337F
:10D0500066205A3A2025352E33660A00000000006B
:10D060000000000000000000C91201082913010897
:10D07000D5280108491A0108F12A0008F11601080B
:10D08000F92A0008FD2A00088D110108C5110108C0
:10D09000911301080D2B000840D102084CD1020861
:10D0A00054D1020868D1020874D1020884D1020860
:10D0B000473931003B204153573A206C25642C748A
:10D0C00025642028257329003B204153573A2046E8
:10D0D00061696C206C25642C7425640070776D0088
:10D0E0006D6F6D656E74617279000000342E3221AF
:10D0F000000000006469676974616C00687770778C
:10D100006D00000053656C65637465642053776936
:10D11000746368206F75747075742070696E20690F
:10D1200073206E6F742050574D2063617061626C84
:10D1300065202D2064697361626C656400000000E5
:10D14000473120582D302E3035000000473120580F
:10D15000302E3100473120582D302E303520592DBA
:10D16000302E30350000000047312059302E31304C
:10D1700000000000473120582D302E3120592D302D
:10D180002E30350047312058302E320063616368FD
:10D1900065643A2025732069732073657420746F69
:10D1A0002025730D0A0000006361636865643A20FE
:10D1B0002573206973206E6F7420696E20636F6E13
:10D1C0006669670D0A00000025733A2025732069FF
:10D1D00073206E6F7420696E20636F6E6669670DD1
:10D1E0000A00000025733A202573206973207365B7
:10D1F0007420746F2025730D0A00000025733A20F7
:10D20000257320686173206265656E2073657420E4
:10D21000746F2025730D0A0025733A202573206E44
:10D220006F7420656E6F7567682073706163652029
:10D23000746F206F7665727772697465206578699E
:10D240007374696E67206B65792F76616C75650DF7
:10D250000A000000257320736F7572636520646F88
:10D260006573206E6F742065786973740D0A000011
:10D2700055736167653A20636F6E6669672D7365E4
:10D280007420736F757263652073657474696E675B
:10D290002076616C75652023207768657265207340
:10D2A0006F757263652069732073642C20736574D5
:10D2B00074696E6720697320746865206B657920D6
:10D2C000616E642076616C75652069732074686591
:10D2D000206E65772076616C75650D0A0000000090
:10D2E0006C6F616400000000636F6E6669672063A5
:10D2F00061636865206C6F616465640D0A000000FD
:10D30000756E6C6F61640000636F6E6669672063A1
:10D310006163686520756E6C6F616465640D0A00F9
:10D3200064756D7000000000636865636B73756DF4
:10D3300000000000636865636B73756D206F662085
:10D340002573203D202530325820253032582025A5
:10D350003032580A00000000756E737570706F727D
:10D36000746564206F7074696F6E3A206D757374A4
:10D37000206265206F6E65206F66206C6F61647C33
:10D38000756E6C6F61647C64756D707C63686563D9
:10D390006B73756D0A0000000000000000000000C3
:10D3A000592E0108C12E0108C5BE0108C5BE0108DD
:10D3B0000000000000000000D52E0108F52E010835
:10D3C0007D310108652E010800000000000000000A
:10D3D000852E0108192F010891300108712E0108CE
:10D3E00058595A4541424300050301000204000018
:10D3F000001060705741524E494E473A20557369AC
:10D400006E6720452069732064657072656361747E
:10D4100065642C20757365204120616E6420422074
:10D42000666F72206368616E6E656C732033206175
:10D430006E6420340A0000003B44696769706F74B1
:10D44000204D6F746F722063757272656E74733ADB
:10D450000A4D3930372000006D63703434353100A7
:10D46000342E3239000000000000000000000000EF
:10D47000912E0108A52E01088D320108ED2A000821
:10D48000F12A00082D2F0108F92A0008FD2A0008BA
:10D49000012B0008052B0008092B00080D2B0008A4
:10D4A00000000000000000005D3601087136010830
:10D4B00089380108ED2A0008F12A0008F52A000839
:10D4C0008D360108FD2A0008012B0008052B0008F5
:10D4D000092B00080D2B0008414C41524D3A204BBE
:10D4E000696C6C20627574746F6E207072657373F2
:10D4F0006564202D207265736574206F72204D392C
:10D50000393920746F20636F6E74696E75650D0A0A
:10D5100000000000556E4B696C6C20627574746F6E
:10D520006E20707265737365642048616C7420634B
:10D530006C65617265640D0A00000000322E3132A4
:10D54000000000004572726F723A204D6F746F7266
:10D550002044726976657220616C61726D202D20A5
:10D560007265736574206F72204D39393920726588
:10D5700071756972656420746F20636F6E74696E73
:10D5800075650D0A00000000554E4B4E4F574E007A
:10D59000544D43323636300044525638373131001C
:10D5A0004D6F746F72447269766572436F6E7472F8
:10D5B0006F6C204552524F523A2061786973206E49
:10D5C0006F7420646566696E65640A004D6F746FE0
:10D5D00072447269766572436F6E74726F6C204527
:10D5E00052524F523A2061786973206D75737420DE
:10D5F0006265206F6E65206F662058595A4142431C
:10D600000A0000004D6F746F724472697665724350
:10D610006F6E74726F6C202563204552524F523AE0
:10D6200020636869702073656C656374206E6F7425
:10D6300020646566696E65640A0000004D6F746F52
:10D6400072447269766572436F6E74726F6C2025D6
:10D6500063204552524F523A2063686970207479B2
:10D660007065206E6F7420646566696E65640A007B
:10D670004D6F746F72447269766572436F6E747227
:10D680006F6C202563204552524F523A20556E6BE5
:10D690006E6F776E206368697020747970653A20C8
:10D6A00025730A004D6F746F724472697665724318
:10D6B0006F6E74726F6C202563204552524F523A40
:10D6C00020556E6B6E6F776E205350492043686112
:10D6D0006E6E656C3A2025640A0000004D6F746F11
:10D6E00072447269766572436F6E74726F6C204912
:10D6F0004E464F3A20636F6E6669677572656420A7
:10D700006D6F746F7220256320282564293A20618B
:10D71000732025732C2063733A20253034580A0077
:10D720007265676973746572206F70657261746980
:10D730006F6E207375636365656465640A0000003D
:10D740007265676973746572206F70657261746960
:10D750006F6E206661696C65640A00006F707469A1
:10D760006F6E73207365740A000000006661696C57
:10D77000656420746F2073657420616E79206F700A
:10D7800074696F6E730A000073746570732F6D6D2A
:10D7900020666F72202563206368616E6765642070
:10D7A000746F3A2025660A003B4D6F746F72202516
:10D7B00063206964202564202063757272656E742D
:10D7C000206D413A0A0000004D393036202563258E
:10D7D0006C750A003B4D6F746F722025632069647D
:10D7E00020256420206D6963726F73746570733ACD
:10D7F0000A0000004D393039202563256C750A0078
:10D800004D6F746F7220256420282563292E2E2EDB
:10D810000A000000000000000000000000000000FE
:10D82000C13B0108D53B010811450108ED2A00085C
:10D83000F12A0008C1460108D9450108013C010848
:10D84000012B0008052B0008F13B01086D3B010886
:10D85000000000002F73642F6F6E5F626F6F742E75
:10D8600067636F6465000000202D000043757272CD
:10D87000656E746C79207072696E74696E672C20A5
:10D8800061626F7274207072696E7420666972735F
:10D89000740D0A0046696C65206E6F7420666F75A2
:10D8A0006E643A2025730D0A00000000506C617907
:10D8B000696E672025730D0A00000000567600008F
:10D8C0005741524E494E47202D20436F756C6420BE
:10D8D0006E6F74206765742066696C652073697A61
:10D8E000650D0A00202046696C652073697A652001
:10D8F000256C640D0A000000426200005344207051
:10D9000072696E74696E67206279746520256C7522
:10D910002F256C750D0A00005344207072696E74D7
:10D920002069732070617573656420617420256CB3
:10D93000752F256C750D0A004E6F74206375727219
:10D94000656E746C7920706C6179696E670D0A0080
:10D9500066696C653A2025732C20257520252520C5
:10D96000636F6D706C6574652C20656C6170736598
:10D97000642074696D653A202530326C753A253023
:10D98000326C753A2530326C750000002C206573BE
:10D99000742074696D653A202530326C753A2530F3
:10D9A000326C753A2530326C7500000046696C6542
:10D9B0002073697A6520697320756E6B6E6F776E60
:10D9C0000D0A000041626F7274656420706C6179A9
:10D9D000696E67206F722070617573656420666977
:10D9E0006C652E20506C65617365207475726E20B5
:10D9F000616E792068656174657273206F66662058
:10DA00006D616E75616C6C790D0A0000416C726518
:10DA10006164792073757370656E6465640A0000D3
:10DA20002F2F2053757370656E64696E6720707256
:10DA3000696E742C2077616974696E6720666F72F5
:10DA400020717565756520746F20656D7074792E11
:10DA50002E2E0A00680000002F2F20616374696F6A
:10DA60006E3A70617573650D0A0000002F2F205308
:10DA7000757370656E6420636C65617265640A001D
:10DA80004E6F742073757370656E6465640A000070
:10DA90002F2F20726573756D696E67207072696EC5
:10DAA000742E2E2E0A0000002F2F205761697469F2
:10DAB0006E6720666F7220686561746572732E2EC2
:10DAC0002E0A000025733A25332E3166202F253388
:10DAD0002E316620402564200000000052657375D9
:10DAE0006D652061626F72746564206279206B6974
:10DAF0006C6C0A002F2F20457865637574696E671A
:10DB0000206265666F726520726573756D6520674A
:10DB1000636F64652E2E2E0A000000002F2F205206
:10DB20006573746F72696E672073617665642058DF
:10DB3000595A20706F736974696F6E7320616E64D7
:10DB40002073746174652E2E2E0A00004735332031
:10DB500047302058256620592566205A2566000042
:10DB60002F2F20526573756D696E67207072696E14
:10DB7000740A00002F2F20616374696F6E3A72651A
:10DB800073756D650D0A000070726F67726573734F
:10DB90000000000061626F727400000073757370A2
:10DBA000656E6400726573756D650000706C6179F7
:10DBB0000000000053442063617264206E6F742083
:10DBC000737570706F727465640D0A0066696C65B8
:10DBD0002E6F70656E206661696C65643A202573EE
:10DBE0000D0A000046696C65206F70656E65643AC9
:10DBF00025732053697A653A256C640D0A0000008C
:10DC000046696C652073656C65637465640D0A0014
:10DC10004E6F2066696C65206C6F616465640D0AE7
:10DC2000000000002D6200002F2F205761697469E9
:10DC30006E6720666F7220717565756520746F2040
:10DC4000656D7074792028486F7374206D757374D6
:10DC50002073746F702073656E64696E67292E2E51
:10DC60002E0A000053757370656E642061626F72D6
:10DC7000746564206279206B696C6C0A0000000096
:10DC80002F2F20536176696E672063757272656EFF
:10DC9000742073746174652E2E2E0A002F2F20506D
:10DCA00072696E742053757370656E6465642C20A0
:10DCB000656E74657220726573756D6520746F2072
:10DCC000636F6E74696E7565207072696E74696ECB
:10DCD000670A0000257300005761726E696E673A2B
:10DCE00020446973636172646564206C6F6E6720A1
:10DCF0006C696E650A000000446F6E652070726981
:10DD00006E74696E672066696C650D0A000000001C
:10DD10000000000000000000215E0108C95E01084B
:10DD2000C54A0108FD62010829580108215A010865
:10DD3000F92A000891490108A1490108FD5101088B
:10DD4000295301080D2B0008342E32382100000021
:10DD50000000000000000000B9640108CD64010863
:10DD600021670108ED2A0008F12A0008F52A0008B9
:10DD7000F92A0008FD2A0008012B0008052B0008DD
:10DD8000092B00080D2B00087CE90208DD7501084D
:10DD90007CEC02084D6C010880EC0208096801085F
:10DDA00084EC02085579010888EC0208456B0108EB
:10DDB0008CEC0208AD6D010890EC0208C16B010803
:10DDC00098EC020855740108A0EC020825680108C7
:10DDD000A8EC0208396A0108ACEC020841680108A5
:10DDE00098C202085D680108B4EC02085D68010889
:10DDF000B8EC0208556A0108C0EC0208E16F01089E
:10DE0000C4EC0208258C0108C8EC0208E56C010886
:10DE1000D4EC0208A1710108DCEC0208FD6A0108DB
:10DE2000E0D20208F1720108E0EC0208896E0108F4
:10DE3000E8EC0208F5670108F0EC020859680108EF
:10DE400000ED0208556801080CED02082D78010864
:10DE500014ED0208F17C0108000000000000000041
:10DE60006E6F205344206465766963650D0A000077
:10DE7000536D6F6F74686965206F75742E205065DF
:10DE80006163652E205265626F6F74696E672069E9
:10DE90006E2035207365636F6E64732E2E2E0D0A0F
:10DEA00000000000456E746572696E67204D52492E
:10DEB000206465627567206D6F64652E2E2E0D0AD5
:10DEC00000000000436F6D6D616E64733A0D0A00CF
:10DED00076657273696F6E0D0A0000006D656D20C6
:10DEE0005B2D765D0D0A00006C73205B2D735D2049
:10DEF0005B666F6C6465725D0D0A0000636420668A
:10DF00006F6C6465720D0A007077640D0A00000082
:10DF10006361742066696C65205B6C696D69745D12
:10DF2000205B2D642031305D0D0A0000726D20668B
:10DF3000696C650D0A0000006D762066696C6520CD
:10DF40006E657766696C650D0A00000072656D6F1D
:10DF5000756E740D0A000000706C61792066696C42
:10DF600065205B2D765D0D0A0000000070726F6702
:10DF700072657373202D2073686F77732070726FD2
:10DF80006772657373206F662063757272656E7455
:10DF900020706C61790D0A0061626F7274202D200F
:10DFA00061626F72742063757272656E746C792031
:10DFB000706C6179696E672066696C650D0A000096
:10DFC0007265736574202D20726573657420736D9E
:10DFD0006F6F746869650D0A000000006466752043
:10DFE0002D20656E7465722064667520626F6F7493
:10DFF000206C6F616465720D0A00000062726561D9
:10E000006B202D20627265616B20696E746F2064D5
:10E01000656275676765720D0A000000636F6E6662
:10E0200069672D676574205B3C636F6E6669677511
:10E03000726174696F6E5F736F757263653E5D20A8
:10E040003C636F6E66696775726174696F6E5F734A
:10E05000657474696E673E0D0A000000636F6E663A
:10E0600069672D736574205B3C636F6E66696775C5
:10E07000726174696F6E5F736F757263653E5D2068
:10E080003C636F6E66696775726174696F6E5F730A
:10E09000657474696E673E203C76616C75653E0DF3
:10E0A0000A000000676574205B706F737C77637390
:10E0B0007C73746174657C7374617475737C666B56
:10E0C0007C696B5D0D0A00006765742074656D7076
:10E0D000205B6265647C686F74656E645D0D0A0028
:10E0E0007365745F74656D70206265647C686F74BD
:10E0F000656E64203138350D0A000000737769744D
:10E100006368206E616D65205B76616C75655D0D81
:10E110000A0000006E65740D0A0000006C6F6164F7
:10E12000205B66696C655D202D206C6F61647320D7
:10E130006120636F6E66696775726174696F6E20C6
:10E140006F766572726964652066696C65206672B7
:10E150006F6D20736F65636966696564206E616DBC
:10E1600065206F7220636F6E6669672D6F766572CA
:10E17000726964650D0A000073617665205B6669EB
:10E180006C655D202D207361766573206120636F5F
:10E190006E66696775726174696F6E206F766572FD
:10E1A000726964652066696C6520617320737065AF
:10E1B0006369666965642066696C656E616D65207A
:10E1C0006F7220617320636F6E6669672D6F76656D
:10E1D00072726964650D0A0075706C6F6164206607
:10E1E000696C656E616D65202D20736176657320A5
:10E1F000612073747265616D206F66207465787438
:10E2000020746F20746865206E616D656420666996
:10E210006C650D0A0000000063616C635F746865E3
:10E22000726D6973746F72205B2D73305D20543191
:10E230002C52312C54322C52322C54332C52332049
:10E240002D2063616C63756C617465207468652052
:10E25000537465696E6861727420486172742063DA
:10E260006F656666696369656E747320666F722098
:10E270006120746865726D6973746F720D0A0000B5
:10E28000746865726D6973746F7273202D2070727B
:10E29000696E74206F75742074686520707265648F
:10E2A0006566696E656420746865726D6973746F04
:10E2B00072730D0A000000006D643573756D206681
:10E2C000696C65202D207072696E7473206D6435E1
:10E2D0002073756D206F66207468652067697665A8
:10E2E0006E2066696C650D0A00000000456E74655D
:10E2F00072696E6720626F6F74206D6F64652E2E79
:10E300002E0D0A0053544D3332463400556E6B6E59
:10E310006F776E004275696C642076657273696F01
:10E320006E3A2025732C204275696C6420646174F8
:10E33000653A2025732C204D43553A2025732C2017
:10E3400053797374656D20436C6F636B3A20256C51
:10E35000644D487A0D0A0000256420617869730ACB
:10E36000000000004E6F206E6574776F726B206442
:10E37000657465637465640A00000000436F756C22
:10E3800064206E6F742064656C657465202573204D
:10E390000D0A0000636F756C64206E6F74206372E9
:10E3A00065617465206469726563746F7279202594
:10E3B000730D0A0063726561746564206469726537
:10E3C00063746F72792025730D0A0000436F756CBA
:10E3D00064206E6F74206F70656E2064697265636F
:10E3E000746F7279202573200D0A00002573207444
:10E3F000656D702073657420746F3A2025332E315B
:10E40000660D0A002573206973206E6F74206120E9
:10E410006B6E6F776E2074656D7065726174757266
:10E4200065206465766963650D0A0000436F756C4D
:10E4300064206E6F742072656E616D652025732097
:10E44000746F2025730D0A0072656E616D6564201E
:10E45000257320746F2025730D0A00004D35303070
:10E460000000000053657474696E67732053746F05
:10E4700072656420746F2025730D0A004348554E61
:10E480004B20465245450000556E75736564204823
:10E490006561703A20256C752062797465730D0A88
:10E4A0000000000055736564204865617020536961
:10E4B0007A653A20256C750A000000002020436828
:10E4C000756E6B3A20256C7520204164647265730B
:10E4D000733A2030782530386C58202053697A659B
:10E4E0003A20256C75202025730A0000416C6C6F62
:10E4F00063617465643A20256C752C2046726565ED
:10E500003A20256C750D0A00546F74616C204672B8
:10E5100065652052414D3A20256C752062797465FD
:10E52000730D0A004672656520414842303A202545
:10E530006C752C20414842313A20256C750D0A003B
:10E54000426C6F636B2073697A653A20257520628F
:10E55000797465732C205469636B696E666F2073E0
:10E56000697A653A2025752062797465730A00001E
:10E57000756E6B6E6F776E20737769746368202594
:10E58000732E0A007377697463682025732069739A
:10E590002025640A000000006F6E00006F666600B0
:10E5A0007377697463682025732073657420746FB2
:10E5B0003A2025730A0000002573206973206E6FCE
:10E5C000742061206B6E6F776E2073776974636857
:10E5D000206465766963650A000000004C6F616421
:10E5E000696E6720636F6E666967206F7665727209
:10E5F0006964652066696C653A2025732E2E2E0AA3
:10E60000000000002020257300000000636F6E668C
:10E610006967206F766572726964652066696C65EA
:10E620002065786563757465640A000046696C65E9
:10E63000206E6F7420666F756E643A2025730A0031
:10E6400075706C6F6164206E6F7420616C6C6F7795
:10E650006564207768696C65207072696E74696E94
:10E6600067206F7220627573790A000075706C6F95
:10E670006164696E6720746F2066696C653A202555
:10E68000732C2073656E6420636F6E74726F6C2DD3
:10E6900044206F7220636F6E74726F6C2D5A2074F9
:10E6A0006F2066696E6973680D0A00006661696CA7
:10E6B000656420746F206F70656E2066696C653AC2
:10E6C0002025732E0D0A000075706C6F61646564FF
:10E6D0002025642062797465730A00006572726F88
:10E6E000722077726974696E6720746F2066696C36
:10E6F000652E2069676E6F72696E6720616C6C2091
:10E700006368617261637465727320756E74696C9D
:10E7100020454F460D0A00002D730000202564009F
:10E72000436F756C64206E6F74206F70656E20642B
:10E7300069726563746F72792025730D0A00000099
:10E7400025732025730A00002D6400001A000000C4
:10E75000426567696E2066696C65206C6973740D2B
:10E760000A000000456E642066696C65206C697360
:10E77000740D0A006A6F6700473931204730202541
:10E78000632566204625662047393000646F6E6534
:10E790000A000000636972636C650000473931202C
:10E7A000473020582566204625662047393000002E
:10E7B000473220492566204A302046256600000061
:10E7C00073717561726500004739312047302058F8
:10E7D0002566204625660000473020592566000042
:10E7E00047302058256600004730205925662047CD
:10E7F00039300000726177006572726F723A206181
:10E80000786973206D75737420626520782C207987
:10E810002C207A2C20612C20622C20630A0000001E
:10E820006572726F723A2061786973206973206F24
:10E830007574206F662072616E67650A00000000C3
:10E8400075736167653A0A2074657374206A6F672F
:10E8500020617869732064697374616E63652069EF
:10E860007465726174696F6E73205B66656564724E
:10E870006174655D0A000000207465737420737113
:10E88000756172652073697A652069746572617457
:10E89000696F6E73205B66656564726174655D0A9D
:10E8A00000000000207465737420636972636C65F6
:10E8B0002072616469757320697465726174696F2F
:10E8C0006E73205B66656564726174655D0A000045
:10E8D0002074657374207261772061786973207386
:10E8E000746570732073746570732F7365630A00A9
:10E8F0006572726F723A204E656564206178697343
:10E900002064697374616E636520697465726174F3
:10E91000696F6E730A0000006572726F723A204E62
:10E9200065656420726164697573206974657261DC
:10E9300074696F6E730A00006572726F723A204ECE
:10E940006565642073697A652069746572617469AC
:10E950006F6E730A000000006572726F723A204E8B
:10E9600065656420617869732073746570732073C2
:10E97000746570732F7365630A0000006C73000088
:10E980005B63757272656E74205743533A2025732A
:10E990005D0A00005B25733A25312E34662C253143
:10E9A0002E34662C25312E34665D0A005B473238E2
:10E9B0003A25312E34662C25312E34662C25312E05
:10E9C00034665D0A000000005B4733303A25312E83
:10E9D00034662C25312E34662C25312E34665D0AA2
:10E9E000000000005B4739323A25312E34662C2571
:10E9F000312E34662C25312E34665D0A000000006D
:10EA00005B546F6F6C204F66667365743A25312EC8
:10EA100034662C25312E34662C25312E34665D0A61
:10EA2000000000005B544C303A25312E34665D0AFC
:10EA3000000000005B5052423A25312E34662C25EE
:10EA4000312E34662C25312E34663A25645D0A0059
:10EA5000257320282564292074656D703A20256669
:10EA60002F2566204025640D0A0000006E6F206887
:10EA700065617465727320666F756E640D0A0000BF
:10EA800025732074656D703A2025662F2566204019
:10EA900025640D0A00000000666B0000696B000031
:10EAA00063617274657369616E3D20582025662C20
:10EAB00020592025662C205A2025660A00000000D7
:10EAC0006163747561746F723D20582025662C2037
:10EAD000592025662C205A2025660A006C61737423
:10EAE0002025730A000000007265616C74696D6511
:10EAF0002025730A00000000776373002D76000064
:10EB000073746174650000005B47256420257320E1
:10EB10004725642047256420472564204739342051
:10EB20004D30204D35204D39205425642046253167
:10EB30002E3466205325312E34665D0A0000000015
:10EB400073746174757300006572726F723A756EDA
:10EB50006B6E6F776E206F7074696F6E2025730A0D
:10EB6000000000002D6D0000706F73006572726F01
:10EB7000723A75736167653A20676574205B666BEE
:10EB80007C696B5D205B2D6D5D20785B2C792C7A28
:10EB90005D0A000058595A4142430000757361678D
:10EBA000653A20244A20587C597C5A7C417C427C1E
:10EBB0004320302E3031205B46302E355D0A000078
:10EBC0006572726F723A62616420617869730A00DB
:10EBD0004600000075736167653A20244A2058306A
:10EBE0002E3031205B46302E355D0A005B43617567
:10EBF00074696F6E3A20556E6C6F636B65645D0A65
:10EC00006F6B0A004732382E32000000473238005E
:10EC10006572726F723A496E76616C6964207374C2
:10EC20006174656D656E740A00000000636F6E6646
:10EC300069672D7365740000636F6E6669672D6C7C
:10EC40006F6164006F6B00006572726F723A556E8F
:10EC5000737570706F7274656420636F6D6D616E33
:10EC600064202D2025730A00636F6E6669672D6727
:10EC7000657400006669726500000000636400004E
:10EC80007077640063617400726D00006D7600003F
:10EC90006D6B64697200000075706C6F61640000D8
:10ECA0007265736574000000646675006272656168
:10ECB0006B0000003F00000076657273696F6E00A4
:10ECC0006D656D00676574007365745F74656D7064
:10ECD0000000000073776974636800006E6574005B
:10ECE000736176650000000072656D6F756E74006B
:10ECF00063616C635F746865726D6973746F7200D1
:10ED0000746865726D6973746F7273006D643573C6
:10ED1000756D000074657374000000000000000051
:10ED20000000000000000000CD6A0108E16A01084F
:10ED3000F9690108ED2A0008A1950108C17B0108C5
:10ED4000F92A0008216A0108012B0008052B000898
:10ED5000092B00080D2B00085265676973746572F2
:10ED600073207772697474656E0A0000313A20432B
:10ED700054524C2052656769737465720A00000032
:10ED8000323A20544F525155452052656769737489
:10ED900065720A00333A204F464620526567697310
:10EDA0007465720A00000000343A20424C414E4B18
:10EDB0002052656769737465720A0000353A204411
:10EDC000454341592052656769737465720A0000B2
:10EDD000363A205354414C4C205265676973746530
:10EDE000720A0000373A204452495645205265675E
:10EDF00069737465720A00003235353A207772699A
:10EE000074652072656769737465727320746F200E
:10EE1000636869700A00000064657369676E6174F5
:10EE20006F723A2025632C2052656769737465728E
:10EE30002044756D703A0A004354524C3A202530F4
:10EE40003458202825303458293A20004454494D5C
:10EE5000453A2025752C2049534741494E3A2025F3
:10EE6000752C2045585354414C4C3A2025752C2084
:10EE70004D4F44453A2025752C2052535445503A65
:10EE80002025752C20524449523A2025752C2045C6
:10EE90004E424C3A202575202D200000284454492C
:10EEA0004D453A2025752C2049534741494E3A207B
:10EEB00025752C2045585354414C4C3A2025752C2F
:10EEC000204D4F44453A2025752C2052535445502F
:10EED0003A2025752C20524449523A2025752C2081
:10EEE000454E424C3A202575290A0000544F525194
:10EEF00055453A2025303458202825303458293AB1
:10EF00000000000053494D504C54483A2025752CC0
:10EF100020544F525155453A202575202D20000090
:10EF20002853494D504C54483A2025752C20544FB5
:10EF3000525155453A202575290A00004F46463A58
:10EF4000202530345820282530345829202D200001
:10EF500050574D4D4F44453A2025752C20544F466F
:10EF6000463A202575202D20000000002850574DDE
:10EF70004D4F44453A2025752C20544F46463A20A3
:10EF80002575290A00000000424C414E4B3A2025CD
:10EF900030345820282530345829202D20000000F6
:10EFA0004142543A2025752C2054424C414E4B3A54
:10EFB000202575202D200000284142543A20257537
:10EFC0002C2054424C414E4B3A202575290A000012
:10EFD00044454341593A20253034582028253034BF
:10EFE0005829202D200000004445434D4F443A202D
:10EFF00025752C205444454341593A202575202D30
:10F0000020000000284445434D4F443A2025752CEC
:10F01000205444454341593A202575290A000000EF
:10F020005354414C4C3A2025303458202825303454
:10F030005829202D20000000564449563A202575B5
:10F040002C205344434E543A2025752C20534454CD
:10F0500048523A202575202D2000000028564449AA
:10F06000563A2025752C205344434E543A2025759A
:10F070002C2053445448523A202575290A00000098
:10F0800044524956453A20253034582028253034FA
:10F090005829202D20000000494452495645503A35
:10F0A0002025752C204944524956454E3A20257555
:10F0B0002C20544452495645503A2025752C205452
:10F0C00044524956454E3A2025752C204F43504412
:10F0D00045473A2025752C204F435054483A202567
:10F0E00075202D2000000000284944524956455003
:10F0F0003A2025752C204944524956454E3A202540
:10F10000752C20544452495645503A2025752C20E0
:10F110005444524956454E3A2025752C204F4350B1
:10F120004445473A2025752C204F435054483A20F7
:10F130002575290A000000005354415455533A20C4
:10F1400025303258202D20005354444C41543A204D
:10F1500025752C205354443A2025752C2055564CA7
:10F160004F3A2025752C20425044463A2025752CD4
:10F1700020415044463A2025752C20424F43503AB6
:10F180002025752C20414F43503A2025752C204FC7
:10F1900054533A2025750A002043757272656E74C7
:10F1A0003A2025660A000000204D6963726F73746F
:10F1B0006570733A20312F25640A0000206D6F744A
:10F1C0006F725F6472697665725F636F6E74726F7F
:10F1D0006C2E7878782E72656720253033582C2570
:10F1E0003033582C253033582C253033582C2530CB
:10F1F00033582C253033582C253033580A00000062
:10F2000025632C204552524F523A204F7665727436
:10F21000656D70657261747572652073687574646C
:10F220006F776E0A0000000025632C204552524F74
:10F23000523A204368616E6E656C2041206F76659E
:10F24000722063757272656E742073687574646F72
:10F25000776E0A0025632C204552524F523A2043C4
:10F2600068616E6E656C2042206F766572206375F2
:10F270007272656E742073687574646F776E0A00BD
:10F2800025632C204552524F523A204368616E6EDE
:10F29000656C2041207072656472697665722066C3
:10F2A00061756C740A00000025632C204552524F92
:10F2B000523A204368616E6E656C20422070726520
:10F2C000647269766572206661756C740A0000006C
:10F2D0002563202D205741524E494E473A204F7604
:10F2E000657274656D7065726174757265205072B7
:10F2F000657761726E696E67210A00002563202DB3
:10F30000204552524F523A204F76657274656D70A7
:10F31000657261747572652053687574646F776E79
:10F32000210A00002563202D204552524F523A20D9
:10F3300053484F525420746F2067726F756E64206B
:10F340006F6E206368616E6E656C2041210A00005B
:10F350002563202D204552524F523A2053484F5298
:10F360005420746F2067726F756E64206F6E206317
:10F3700068616E6E656C2042210A00002563202DB5
:10F38000204552524F523A204368616E6E656C20A0
:10F3900041207365656D7320746F20626520756E02
:10F3A000636F6E6E6563746564210A002563202DAA
:10F3B000204552524F523A204368616E6E656C2070
:10F3C00042207365656D7320746F20626520756ED1
:10F3D000636F6E6E6563746564210A0064657369AA
:10F3E000676E61746F722025632C204368697020FA
:10F3F0007479706520544D433236580A000000007D
:10F40000494E464F3A205374616C6C2047756172C7
:10F4100064206C6576656C20726561636865642143
:10F420000A000000494E464F3A204D6F746F72201B
:10F430006973207374616E64696E67207374696C9C
:10F440006C2E0A004D6963726F7374657020706F63
:10F45000736974696F6E20706861736520413A202A
:10F4600025640A005374616C6C20477561726420D6
:10F4700076616C75653A2025640A000043757272E6
:10F48000656E742073657474696E673A2025646DC7
:10F49000410A0000436F6F6C73746570206375726E
:10F4A00072656E743A2025646D410A004D6963727D
:10F4B0006F73746570733A20312F25640A00000061
:10F4C00052656769737465722064756D703A0A00DD
:10F4D0002064726976657220636F6E74726F6C203F
:10F4E00072656769737465723A202530386C5828E4
:10F4F000256C64290A0000002063686F70706572D3
:10F5000020636F6E666967207265676973746572E0
:10F510003A202530386C5828256C64290A000000F0
:10F5200020636F6F6C2073746570207265676973F8
:10F530007465723A202530386C5828256C64290A85
:10F5400000000000207374616C6C20677561726448
:10F55000322063757272656E7420726567697374A8
:10F5600065723A202530386C5828256C64290A00C9
:10F570002064726976657220636F6E666967757262
:10F580006174696F6E2072656769737465723A2081
:10F590002530386C5828256C64290A00206D6F745A
:10F5A0006F725F6472697665725F636F6E74726F9B
:10F5B0006C2E7878782E726567202530356C582C43
:10F5C0002530356C582C2530356C582C2530356C51
:10F5D000582C2530356C580A00000000237367252D
:10F5E000642C70256C752C6B25752C722C0000001A
:10F5F00023732C006425642C000000006325752C07
:10F600006D25642C000000007425642C6625642C94
:10F61000000000004B652B2C000000004B652D2CDA
:10F62000000000004B6C25752C4B7525752C4B6E1E
:10F6300025752C4B6925752C4B6D25752C0000000C
:10F64000616F2C0061672C00612D2C00626F2C0013
:10F6500062672C00622D2C00782D2C0078772C000E
:10F6600078652C00436D25642C000000436F2564F1
:10F670002C436225642C0000437325642C436525CC
:10F68000642C436425642C0065312C0065302C000B
:10F6900064726976657220636F6E74726F6C20722B
:10F6A000656769737465722073657420746F2025B3
:10F6B00030386C580A00000063686F707065722003
:10F6C000636F6E666967207265676973746572201F
:10F6D00073657420746F202530386C580A00000060
:10F6E000636F6F6C207374657020726567697374E3
:10F6F00065722073657420746F202530386C580A49
:10F70000000000007374616C6C2067756172643274
:10F710002063757272656E742072656769737465B3
:10F72000722073657420746F202530386C580A007D
:10F7300064726976657220636F6E6669677572615F
:10F7400074696F6E20726567697374657220736582
:10F750007420746F202530386C580A00313A2064C8
:10F76000726976657220636F6E74726F6C20726559
:10F770006769737465720A00323A2063686F70704B
:10F78000657220636F6E666967207265676973745E
:10F7900065720A00333A20636F6F6C207374657072
:10F7A0002072656769737465720A0000343A2073C9
:10F7B00074616C6C2067756172643220637572725B
:10F7C000656E742072656769737465720A00000063
:10F7D000353A2064726976657220636F6E66696778
:10F7E00075726174696F6E20726567697374657292
:10F7F0000A0000003235353A207570646174652066
:10F80000616C6C207265676973746572730A0000BD
:10F810006D61703A3A617400000000000100000060
:10F8200011000000020000001200000003000000B0
:10F830000000111000002110000031100000121013
:10F8400000002210000032100000001050696E6DA0
:10F850006170206572726F723A2077726F6E6720E6
:10F86000706F7274206E756D6265722E00000000FC
:10F8700043616E6E6F7420696E697469616C697A38
:10F88000652050574D0A000043616E6E6F74206909
:10F890006E697469616C697A652055415254000043
:10F8A0000600000000300140930200001400000038
:10F8B00000300140930200001E00000000380040AC
:10F8C0009302000022000000003800409302000074
:10F8D0002B000000003C004013030000FFFF00006D
:10F8E000FFFFFFFF000000000500000000300140A6
:10F8F000930200001300000000300140930200005A
:10F900001A00000000380040930200001D000000B3
:10F9100000380040930200002A000000003C004034
:10F9200013030000FFFF0000FFFFFFFF00000000C7
:10F9300017000000005400400402000019000000FD
:10F9400000540040040200001B000000005800406A
:10F950000402000029000000005C004004020000D6
:10F960005000000000580040040200007500000034
:10F97000005800400402000078000000005C0040D5
:10F9800004020000FFFF0000FFFFFFFF0000000077
:10F9900001000000004C00401304000003000000C0
:10F9A00000440040930300000A00000000100140E2
:10F9B000930300000C000000001401401304000039
:10F9C0001700000000100140930300001B0000001E
:10F9D000004800409303000027000000001401408D
:10F9E000130400002B000000004C00401304000032
:10F9F000360000000044004093030000390000007E
:10FA0000004800409303000069000000001401401A
:10FA100013040000FFFF0000FFFFFFFF00000000D5
:10FA200000000000000C004013090000010000006D
:10FA3000000C00401311000002000000000C004008
:10FA40001319000003000000000C00401321000007
:10FA5000050000000004014093890000060000003A
:10FA600000040040130900000700000000040040EB
:10FA7000131100000800000000000140930800007E
:10FA80000900000000000140931000000A0000007F
:10FA900000000140931800000B000000000001402E
:10FAA0009320000010000000000400401319000023
:10FAB00011000000000400401321000013000000AA
:10FAC00000000040931000001400000000040040FB
:10FAD000130900001500000000040040131100008D
:10FAE0001600000000080040130900001700000085
:10FAF000000800401311000018000000000800403A
:10FB00001319000019000000000800401321000034
:10FB10001A00000000000040931800001B000000C5
:10FB200000000040932000001D0000000000014084
:10FB3000938800001E000000000401409391000023
:10FB40001F000000000401409399000026000000FF
:10FB50000004014093090000270000000004014058
:10FB600093110000280000000004014093190000D8
:10FB70002900000000040140932100003C00000027
:10FB800000080040130900003D000000000800408C
:10FB9000131100003E00000000080040131900008F
:10FBA0003F00000000080040132100004500000055
:10FBB0000040014093090000460000000040014061
:10FBC00093110000480000000000014093880000ED
:10FBD0004900000000000140930800004A000000B6
:10FBE00000000140939000004B0000000000014025
:10FBF000931000004C0000000000014093980000AA
:10FC00004D00000000000140931800004E0000006D
:10FC10000000014093200000560000000044014015
:10FC200093090000570000000048014093090000BC
:10FC300058000000001C0040930C00007A000000F7
:10FC4000000C0040130900007B000000000C004085
:10FC5000131100007C000000000C0040131900008C
:10FC60007D00000000040140938900007E00000038
:10FC700000040140939100007F0000000004014057
:10FC80009399000080000000000C00401321000048
:10FC90008200000000040140932100008500000064
:10FCA00000040140930900008600000000040140A8
:10FCB0009311000087000000000401409319000028
:10FCC000FFFF0000FFFFFFFF000000000800000032
:10FCD000005C0040040200001600000000540040D8
:10FCE000040200001800000000540040040200005C
:10FCF0001A000000005800400402000051000000FB
:10FD00000058004004020000740000000058004049
:10FD10000402000077000000005C004004020000C4
:10FD2000FFFF0000FFFFFFFF0000000000000000D9
:10FD300000440040930300000B000000001001404D
:10FD4000930300001D0000000048004093030000E2
:10FD50003300000000440040930300003B0000001B
:10FD600000480040930300006D00000000140140B3
:10FD7000130400006F000000001401401304000091
:10FD8000FFFF0000FFFFFFFF000000000700000072
:10FD900000300140930200001500000000300140D7
:10FDA000930200001F000000003800409302000092
:10FDB0002300000000380040930200002C000000E7
:10FDC000003C004013030000FFFF0000FFFFFFFFA7
:10FDD0000000000000000000004C00401304000080
:10FDE00002000000004400409303000009000000EE
:10FDF00000100140930300000B00000000140140BC
:10FE000013040000160000000010014093030000DE
:10FE10001A00000000480040930300002600000084
:10FE200000140140130400002A000000004C0040B0
:10FE3000130400003500000000440040930300005C
:10FE40003800000000480040930300006E000000EE
:10FE50000014014013040000FFFF0000FFFFFFFF3C
:10FE60000000000004000000003001408302000098
:10FE70000F00000000300140830200001900000064
:10FE800000380040830200001C00000000380040E1
:10FE900083020000FFFF0000FFFFFFFF00000000E3
:10FEA000000000000000000001020304060708092A
:10FEB0000000000001020304636F756C64206E6F24
:10FEC000742070696E6F75740000000070696E6D4B
:10FED0006170206D69732D6D6174636800000000AE
:10FEE00070696E6D6170206E6F7420666F756E64E0
:10FEF00020666F72207065726970686572616C004F
:10FF000070696E6D6170206E6F7420666F756E64BF
:10FF100020666F722066756E6374696F6E000000F4
:10FF20000000000000000000D5DC010815DD01081C
:10FF3000EDDC0108E5DC0108E9DC0108F5DC01087D
:10FF400001DD0108000000000000000000000000CA
:10FF500075E3010871E30108A5E30108D9E301088D
:10FF6000D5E30108DDE30108E1E30108C1DD010893
:10FF7000E5DD0108B1DD010899DD0108FCFFFFFFA7
:10FF800000000000DDDD010809DE010800000000BE
:10FF9000000000000000000095DE0108A1DE01085D
:10FFA0004DDF0108000000002F737464696E0000CB
:10FFB0002F737464657272002F7374646F757400AC
:10FFC0000000000000000000C5BE0108C5BE010819
:10FFD000C5BE0108C5BE0108C5BE0108C5BE0108F1
:10FFE00065DF010899DF0108C5DF01080000000096
:10FFF0003A257000457863657074696F6E00000083
:020000040803EF
:10000000000000000000000075E3010871E3010832
:10001000A5E30108D9E30108D5E30108DDE3010800
:10002000E1E30108E5E3010811E40108C5BE0108A8
:10003000C5BE0108FCFFFFFF0000000009E4010845
:1000400025E4010800000000772B000043616E6E7C
:100050006F7420696E697469616C697A65205350A8
:100060004900000000000000000000000000000047
:10007000ADEA0108DDEA0108000000000000000010
:10008000C5BE0108C5BE0108C5BE0108C5BE010840
:10009000C5BE0108C5BE010865DF010895EB010872
:1000A000C1EB0108FCFFFFFF00000000B9EB0108F5
:1000B000EDEB01080000000062617369635F737417
:1000C00072696E673A3A61740062617369635F7363
:1000D0007472696E673A3A636F707900626173692E
:1000E000635F737472696E673A3A636F6D706172C1
:1000F000650062617369635F737472696E673A3A2F
:100100005F535F6372656174650062617369635F09
:10011000737472696E673A3A657261736500626101
:100120007369635F737472696E673A3A5F4D5F72A9
:1001300065706C6163655F617578006261736963A6
:100140005F737472696E673A3A696E7365727400B0
:1001500062617369635F737472696E673A3A72655C
:10016000706C6163650062617369635F7374726967
:100170006E673A3A61737369676E006261736963AF
:100180005F737472696E673A3A617070656E64008D
:1001900062617369635F737472696E673A3A72651C
:1001A00073697A650062617369635F737472696E03
:1001B000673A3A5F535F636F6E737472756374204E
:1001C0006E756C6C206E6F742076616C6964006271
:1001D000617369635F737472696E673A3A626173DF
:1001E00069635F737472696E670062617369635FEC
:1001F000737472696E673A3A737562737472000051
:100200006937AC3168212233B40F14336821A2332B
:100210003863ED3EDA0F493F5E987B3FDA0FC93F06
:100220007371727466000000000FC93F000F4940EF
:1002300000CB9640000FC9400053FB4000CB164155
:1002400000ED2F41000F49410031624100537B41D5
:10025000003A8A4100CB9641005CA34100EDAF41DA
:10026000007EBC41000FC94100A0D5410031E241F0
:1002700000C2EE410053FB4100F20342003A0A4241
:100280000083104200CB164200141D42005C234242
:1002900000A5294200ED2F4200363642007E3C4246
:1002A00000C74242000F4942A2000000F9000000CE
:1002B000830000006E0000004E00000044000000BB
:1002C0001500000029000000FC00000027000000CD
:1002D00057000000D1000000F500000034000000CD
:1002E000DD000000C0000000DB0000006200000034
:1002F00095000000990000003C0000004300000051
:100300009000000041000000FE00000051000000CD
:1003100063000000AB000000DE000000BB00000036
:10032000C500000061000000B700000024000000CC
:100330006E0000003A000000420000004D00000086
:10034000D2000000E00000000600000049000000AC
:100350002E000000EA00000009000000D1000000AB
:10036000920000001C000000FE0000001D000000C4
:10037000EB0000001C000000B1000000290000009C
:10038000A70000003E000000E8000000820000001E
:1003900035000000F50000002E000000BB0000004A
:1003A0004400000084000000E90000009C00000000
:1003B0007000000026000000B40000005F00000094
:1003C0007E000000410000003900000091000000A4
:1003D000D600000039000000830000005300000038
:1003E00039000000F40000009C00000084000000C0
:1003F0005F0000008B000000BD000000F90000005D
:10040000280000003B0000001F000000F800000072
:1004100097000000FF000000DE0000000500000063
:10042000980000000F000000EF0000002F00000007
:10043000110000008B0000005A0000000A000000BC
:100440006D0000001F0000006D000000360000007D
:100450007E000000CF00000027000000CB0000005D
:1004600009000000B70000004F0000004600000037
:100470003F000000660000009E0000005F000000DA
:10048000EA0000002D0000007500000027000000B9
:10049000BA000000C7000000EB000000E50000000B
:1004A000F10000007B0000003D000000070000009C
:1004B00039000000F70000008A0000005200000030
:1004C00092000000EA0000006B000000FB0000004A
:1004D0005F000000B10000001F0000008D00000060
:1004E0005D0000000800000056000000030000004E
:1004F0003000000046000000FC0000007B0000000F
:100500006B000000AB000000F0000000CF00000016
:10051000BC000000200000009A000000F400000071
:10052000360000001D000000A9000000E3000000EC
:1005300091000000610000005E000000E600000085
:100540001B0000000800000065000000990000008A
:10055000850000005F00000014000000A000000003
:1005600068000000400000008D000000FF00000057
:10057000D8000000800000004D0000007300000063
:100580002700000031000000060000000600000007
:100590001500000056000000CA00000073000000B3
:1005A000A8000000C900000060000000E200000098
:1005B0007B000000C00000008C0000006B00000009
:1005C0000400000007000000090000000000C93F0F
:1005D0000000F0390000DA370000A2330000842E5A
:1005E0000000502B0000C2270000D0220000C41FD2
:1005F0000000C61B000044170000000000000000BF
:1006000000000000000000000000000000000000EA
:1006100000000000000000000000000000000000DA
:1006200000000000000000000000000000000000CA
:1006300000000000000000000000000000000000BA
:1006400000000000000000000000000000000000AA
:10065000000000000000000043000000D80100205E
:1006600035000000CEFBFFFFCB03000001000000BF
:100670000000000000000000BC89D897B2D29C3C6A
:1006800033A7A8D523F649393DA7F444FD0FA53279
:100690009D978CCF08BA5B25436FAC642806681120
:1006A00034000000CEFBFFFFCB0300000100000080
:1006B00000000000232D302B2000686C4C00656684
:1006C0006745464700494E4600696E66004E414EFA
:1006D000006E616E0030313233343536373839418F
:1006E00042434445460030313233343536373839A9
:1006F0006162636465660065256C64001A0703081F
:100700001D07030820070308412D46612D6638396F
:1007100030313233343536375D002B2D0030300028
:100720007858000020202020202020202028282861
:1007300028282020202020202020202020202020A9
:1007400020202020881010101010101010101010F1
:100750001010101004040404040404040404101011
:1007600010101010104141414141410101010101AE
:10077000010101010101010101010101010101105A
:100780001010101010424242424242020202020283
:10079000020202020202020202020202020202102B
:1007A00010101020000000000000000000000000F9
:1007B0000000000000000000000000000000000039
:1007C0000000000000000000000000000000000029
:1007D0000000000000000000000000000000000019
:1007E0000000000000000000000000000000000009
:1007F00000000000000000000000000000000000F9
:1008000000000000000000000000000000000000E8
:1008100000000000000000000000000000000000D8
:1008200000000000496E66696E697479004E614E81
:1008300000504F534958002E0000000000000000F7
:10084000000000000000F03F000000000000244015
:1008500000000000000059400000000000408F40F0
:10086000000000000088C34000000000006AF8405B
:100870000000000080842E4100000000D01263417F
:100880000000000084D797410000000065CDCD41F5
:10089000000000205FA00242000000E876483742D6
:1008A000000000A2941A6D42000040E59C30A24274
:1008B0000000901EC4BCD64200003426F56B0C43E9
:1008C0000080E03779C3414300A0D8855734764390
:1008D00000C84E676DC1AB43003D9160E458E143F1
:1008E000408CB5781DAF154450EFE2D6E41A4B4466
:1008F00092D54D06CFF08044F64AE1C7022DB544AB
:10090000B49DD9794378EA440080E03779C3414304
:10091000176E05B5B5B89346F5F93FE9034F384D65
:10092000321D30F94877825A3CBF737FDD4F157511
:1009300005000000190000007D000000000000001C
:100940000000000080000000000000000000000027
:100950000000000000000000000000000000000097
:100960000000000000000000000000000000000087
:100970000000000000000000000000000000000077
:1009800000000000240700200024F4000101000002
:1009900000000000F80503081806030838060308DD
:1009A0000000000000000000000000000000000047
:1009B00058060308000000000000000000000000CE
:1009C0000000000000000000000000000000000027
:1009D0000000000000000000000000000000000017
:1009E0000000000000000000000000000000000007
:1009F000D80100202307030837080308B9060308B5
:100A0000B9060308B9060308B9060308B9060308BE
:100A1000B9060308B9060308B9060308B9060308AE
:100A2000FFFFFFFFFFFFFFFFFFFFFFFFFFFF0000D4
:100A3000AD010008A5030008390800089D3B000827
:080A400089010008000000001C
:040000050801DC7D95
:00000001FF
